﻿CARRIER,CARRIER_NAME,UNIQUE_CARRIER_ENTITY,CARRIER_GROUP,CARRIER_GROUP_NEW
MAC,Mackey International Inc.,30550,1,6
XY,Munz Northern Airlines Inc.,4530,1,1
COC,Cochise Airlines Inc.,30337,1,6
GSA,Golden Gate Airlines Inc.,37760,1,6
RZZ,Aeromech Inc.,30012,1,6
GLW,Golden West Airlines Co.,30474,1,6
PRN,Puerto Rico Intl Airlines,30657,1,6
STZ,Air America Inc.,30780,1,6
SWT,Swift Aire Lines Inc.,30795,1,6
TSF,American Central Airlines,37868,1,6
VEZ,Valdez Airlines,37895,1,6
WEB,Southeast Alaska Airlines,30911,1,6
AAR,Altair Airlines Inc.,30159,1,6
CHI,Chitina Air Service,30336,1,6
MRC,Marco Island Airways Inc.,30552,1,6
OHZ,Caribbean Air Services Inc.,30297,1,6
PRO,Sundance Airlines,37612,1,6
SAI,Seair Alaska Airlines Inc.,37817,1,6
SLZ,Southeast Airlines Inc.,30770,1,6
AAZ,Alaska Aeronautical Indust.,30126,1,6
IMP,Imperial Airlines Inc.,30500,1,6
TWA,Trans Western Airlines Utah,37637,1,6
WRT,Wright Airlines Inc.,37994,1,6
COL,Presidential Express,30342,1,6
MVA,Mississippi Valley Airlines,30580,1,6
CHL,Channel Flying Inc.,37762,1,6
JCZ,Rocky Mountain Airways Inc.,30682,1,6
MIS,Midstate Airlines Inc.,30560,1,6
STG,Sedalia Marshall Boonvl Stg,30715,1,6
CKI,Inlet Airlines,30353,1,6
CMD,Command Airways Inc.,30352,1,6
EMA,Emerald Airlines,37763,1,6
ORI,Orion Air Inc.,37888,1,6
RAN,Pan Am Express,30670,1,6
AJ,Air Micronesia Inc.,10025,1,1
SKI,Sunbird Inc.,37887,1,6
WWI,Wings West Airlines,37849,1,6
AND,Southcentral Air Inc.,37899,1,6
ACG,Air Cargo Express Inc.,37944,1,6
AAA,Associated Aviation Act.,30861,1,6
AAB,Antilles Air Boats Inc.,30201,1,6
AAE,AAA Airlines,37700,1,6
AAL,Argosy Air Lines Inc.,37724,1,6
ABH,Air Bahia,37793,1,6
ABI,Airbama Incorporated,37747,1,6
ABO,Aeronaves Boringuena Inc.,37942,1,6
ACA,Alaska Central Airways Inc.,37680,1,6
ACH,Island Airlines Hawaii Inc.,37701,1,6
ACI,AAA-Action Air Carrier Inc.,37885,1,6
ACO,Air Cargo Enterprises Inc.,37731,1,6
ACP,Air Chaparral Inc.,37953,1,6
ACS,Alamo Commuter Airlines,37782,1,6
ACT,Air Central Inc.,37652,1,6
ACK,Air Central Inc.,37744,1,6
AEC,Astec Air East Inc.,37915,1,6
AFA,American Flag Airlines Inc.,37874,1,6
AGA,Air Cargo America Inc.,37933,1,6
AIA,All Island Air,30145,1,6
AIE,Air Express Inc.,37703,1,6
AIM,Air Mont. Inc.,30072,1,6
AIN,Air Indiana,37765,1,6
ALE,Air-Lift Associates Inc.,37910,1,6
ALI,Brandt Air,30139,1,6
ALL,All Seasons Air Pacific,37886,1,6
AMA,North American Airlines Inc.,37752,1,6
AMI,American Inter-Island Inc.,37772,1,6
ANB,Air Nebraska Inc.,37656,1,6
ANM,Airways Of New Mexico Inc.,37710,1,6
ANO,Metro Air Northeast Vermont,30089,1,6
ANT,Air North/Nenana,30446,1,6
AOI,Trans New York,37950,1,6
API,Arizona Pacific Inc.,37940,1,6
APL,Appalachian Flying Service,30217,1,6
APY,Air Polynesia Inc.,37929,1,6
ARI,Arizona Aero Corp.,37938,1,6
ARN,Arnold Aviation,30228,1,6
ARO,Air Oregon,37681,1,6
ARR,Arrowhead Airways Inc.,37956,1,6
ASD,Amistad Airlines,30187,1,6
ASI,Alpine Air Services Inc.,30153,1,6
ASP,Asap Air Inc.,37821,1,6
AST,Astro Airways,30237,1,6
ATN,Air Atlantic Airlines Inc.,37740,1,6
ATO,Pacific National Airways,37905,1,6
ATS,Atlantis Airlines Inc.,37789,1,6
ATT,Aerotransit Inc.,37757,1,6
ATX,Air Carolina,30022,1,6
AVA,Air Vectors Airways,37948,1,6
AVI,Aero Virgin Islands Corp.,37667,1,6
AVS,Aviation Services,30251,1,6
AVZ,Southern Jersey Airways,30243,1,6
BAC,Business Aircraft Corp.,30278,1,6
BAH,Brennan & Hargreaves Inc.,37818,1,6
BAK,Bankair Inc.,37711,1,6
BAR,Bard-Air Corp.,37819,1,6
BCA,Baja Cortez Airlines,37669,1,6
BEN,Bennington Aviation Inc.,37826,1,6
BEY,Beyer Aviation,37844,1,6
BHK,Blackhawk Airways Inc.,30260,1,6
BHO,Bighorn Airways Inc.,37859,1,6
BIR,Birchwood Air Service,37907,1,6
BMT,Bremerton Aviation Inc.,37768,1,6
BOA,Boise Air Service,37923,1,6
BRO,Brower Airways Inc.,30266,1,6
BUR,Burlington Airways Inc.,30275,1,6
CAC,Coleman Air Transport,37743,1,6
CAI,Crawford Aviation Inc.,37813,1,6
CAM,C & M Airlines,37785,1,6
CAP,Metro Air Northeast N Y,37832,1,6
CAT,Catalina Airlines Inc.,30323,1,6
CAV,Air Virginia,37784,1,6
CBA,Carriba Air Inc.,37908,1,6
CEN,Cen-Tex Airlines Inc.,37937,1,6
CET,Century Airlines (Cal),37792,1,6
CHD,Chandler Flyer,37872,1,6
CHE,Charter Airlines,30284,1,6
CHF,Hammonds Commuter Air Serv.,37689,1,6
CHO,Choi Aviation Inc.,37957,1,6
CHS,Christman Air System,37708,1,6
CIS,Cal Sierra Airlines,37943,1,6
CNN,Centennial Airlines,37967,1,6
COB,Cotton Belt Aviation Inc.,37916,1,6
COK,Coker Aviation Inc.,37880,1,6
COM,Commutair,37806,1,6
COR,Coral Air Inc.,37831,1,6
COS,Cosmopolitan Comm. Airline,37707,1,6
COT,Southeastern Commuter,30339,1,6
COU,Courtesy Air Service Inc.,37801,1,6
CPA,Capitol Air Lines,30287,1,6
CPC,Coastal Plains Commuter Inc.,37704,1,6
CRA,Commuter Airlines,30357,1,6
CRN,Crown Aviaiton Inc.,37672,1,6
CRO,Crown Airways Inc.,30372,1,6
CRT,Crested Butte Air Service,37696,1,6
CSK,Catskill Airways Inc.,30327,1,6
CTA,Century Airlines,37709,1,6
CTH,Cothron Aviation,37773,1,6
CVA,Catalina-Vegas Airlines,30321,1,6
DAN,Danbury Airlines,37882,1,6
DEA,Downeast Airlines Inc.,30397,1,6
DEC,Decatur Aviation,37812,1,6
DHL,DHL Airlines Inc.,37919,1,6
DIC,Dickman Aviation Services,37879,1,6
DPA,Desert Pacific Airways,37788,1,6
DPI,Desert Pacific Airlines Inc.,37814,1,6
DST,Desert Airlines,37853,1,6
EAI,Executive Aviation Inc.,37865,1,6
EAS,Eastern Caribbean Airways,30402,1,6
ECI,Eastern Carolina Aviation,37851,1,6
EDE,Ede Aire,37692,1,6
EFA,Executive Four Winds,37770,1,6
EGL,Eagle Commuter Airlines Inc.,37658,1,6
EHA,East Hampton Aire Inc.,37778,1,6
EIA,East. Indiana Aviation Sale,37751,1,6
EKA,Air Pacific Inc.,30412,1,6
ERI,Erie Airways Inc.,37931,1,6
ERO,Empire Aero Service,37840,1,6
EVA,Evanston Aviation,37961,1,6
FAR,Federal Armored Service Inc.,37901,1,6
FBI,Young Flying Service,37823,1,6
FCA,Southern Airlines Inc.,37914,1,6
FDA,Florida Airlines Inc.,30438,1,6
FDM,Freedom Airlines Inc.,37830,1,6
FLM,Flamenco Airways Inc.,37653,1,6
FOR,Ford-Aire Inc.,37730,1,6
FOS,Foster Aviation,30447,1,6
FVA,Skycraft Inc.,37678,1,6
FWA,Far West Airlines,37781,1,6
GAS,General Aviation Inc.,30453,1,6
GAV,Gromer Aviation Inc.,37867,1,6
GBA,Central States Airline,37726,1,6
GCA,Golden Carriage Aire,37856,1,6
GCS,Midway Commuter,30450,1,6
GHA,Green Hills Aviation Ltd.,37745,1,6
GMA,Green Mountain Airlines Ltd.,37790,1,6
GOF,Copper State Airlines,37852,1,6
GRO,Isle Royale Seaplane Serv.,30477,1,6
GSL,Golden South Airlines Inc.,37769,1,6
GUL,Gull Air Inc.,30484,1,6
GUN,Gunnel Aviation Inc.,37794,1,6
GWE,Ross Aviation Inc.,30686,1,6
HEU,Heussler Air Service Corp,30501,1,6
HFS,Hensley Flying Service Inc.,37632,1,6
HMZ,Long Island Airlines,30595,1,6
HOL,Holiday Airlines Inc.,37787,1,6
HOR,Iowa Airlines,30496,1,6
HPZ,Pacific Coast Airlines,30215,1,6
HRA,Trans-National Airlines Haw,30495,1,6
HSZ,Scenic Airlines Inc.,30710,1,6
HUB,Skystream Airlines,30497,1,6
HWK,Hawking Corporation,37774,1,6
HYA,Hyannis Aviation,30502,1,6
ICF,Iowa City Flying Service,37783,1,6
III,Idee Industries Inc.,37834,1,6
INA,Inland Empire Airlines Inc.,37748,1,6
IND,Indiana Airways Inc. (Pa),37753,1,6
IPI,Indo-Pacific International,37736,1,6
ISL,Island Airlines,30754,1,6
JAM,Sunbelt Airlines Inc.,37767,1,6
JCM,Air Chico,37848,1,6
JER,Jer-Don Air,37838,1,6
KAI,Knight Airlines Inc.,37798,1,6
KEE,Key Airlines,30528,1,6
KWZ,Crown Air,30394,1,6
KXZ,Chaparral Airlines Inc.,37635,1,6
LAN,Lancer Aviation Inc.,37946,1,6
LAW,Lawrence Aviation,30541,1,6
LHA,Havasu Airlines,30533,1,6
LLA,Lakeland Aviation,37873,1,6
LOS,Aero Commuter,30567,1,6
LVA,Las Vegas Airlines,37723,1,6
MAG,Magum Airlines,37829,1,6
MAI,The Maui Commuter,37694,1,6
MAR,Marshall's Air Inc.,37786,1,6
MAX,Maxair Inc.,37845,1,6
MCO,Mid Continental Airlines In,37958,1,6
MDU,Metro Airlines,37951,1,6
MET,Metroplex Airlines,37815,1,6
MIY,Midway Aviation Inc.,37883,1,6
MLL,Miller Air Transportersinc,37684,1,6
MMH,Ocean Airways Inc.,30590,1,6
MNZ,Cumberland Airlines,30382,1,6
MRR,Merrimack Aviation Inc.,30564,1,6
MST,Midwest Aviation,37949,1,6
MTA,Arkansas Traveler Airline,37750,1,6
MTR,Metroflight Airlines,30561,1,6
NAC,National Air Commuter Inc.,30604,1,6
NEB,New Born Wings Inc.,30609,1,6
NEC,Nor East Commuter Airlines,37712,1,6
NEV,Nevada Airlines,30610,1,6
NGL,Northern Eagle Airways Inc.,37841,1,6
NHA,Newair Flight Inc.,37739,1,6
NJA,N. J. Merrimack Airlines,37816,1,6
NPT,E. J. A. Newport Inc.,30614,1,6
NTH,Northaire,30616,1,6
NUM,Lake State Airways,37718,1,6
NYH,New York Helicopter Corp.,37911,1,6
OAK,Harbor Airlines Inc.,30623,1,6
OCR,Ocean Reef Airways Inc.,37904,1,6
OFF,Offshore Logistics,37909,1,6
OHA,Omaha Aviation,37891,1,6
OIZ,Corporate Air Inc.,30362,1,6
OMK,Omak Aviation Airlines,37854,1,6
OMN,Omni Pacific Airline,37893,1,6
OOZ,Sun Aire Lines,30262,1,6
OWS,Air Kentucky Air Lines,30629,1,6
PAI,Permian Airways Inc.,37804,1,6
PBA,Provincetown Boston,30661,1,6
PCA,Piasa Commuter Airlines,37936,1,6
PDA,Trans Southern Airways,37666,1,6
PEA,Pearson Aircraft,30628,1,6
PER,Air Pennsylvania,30643,1,6
PET,Petro Aviation Corp.,37959,1,6
PHL,Phillips Airlines,30641,1,6
PHX,Phoenix Airlines,37932,1,6
PIA,Pacific Island Airways,37670,1,6
PLA,Planes Inc.,37926,1,6
PLZ,Polar Airways Inc.,30653,1,6
PMA,Pacific Missionary Aviation,37702,1,6
PNR,Pioneer Airways,37676,1,6
POC,Pocono Airlines Inc.,30649,1,6
POM,Pompano Airways,37954,1,6
PON,Ponderosa Aviation Inc.,37833,1,6
PRA,Princeton Aviation Corp,37717,1,6
PRR,Pro Air Services,37934,1,6
PVA,Precision Valley Aviation,30655,1,6
QOZ,Bar Harbor Airways,30258,1,6
RAL,Royal-Air Ltd.,37800,1,6
REA,Realwest Airlines,37810,1,6
RED,Aerosun International Airlines Inc.,37835,1,6
RHA,Royal Hawaiian Airways Inc.,30694,1,6
RIC,Richardson Aviation,37921,1,6
RID,Indiana Airways Inc. (Reid,37697,1,6
RIO,Rio Airways Inc.,30678,1,6
RIV,Riverside Air Service,30664,1,6
RJS,Michigan Airways Inc.,37828,1,6
ROE,Roederer Aviation Inc.,37839,1,6
ROY,Royal American Airways Inc.,37917,1,6
RWG,Air Rovers Inc.,30254,1,6
SAJ,Sajen Air Inc.,37955,1,6
SAM,Samoan Airlines Inc.,37925,1,6
SAS,Air Cortez International,37935,1,6
SAX,Air Americana,37892,1,6
SBA,Saber Aviation Inc.,37738,1,6
SBN,Suburban Airlines,30674,1,6
SCO,Seaco Airlines Inc.,37714,1,6
SCT,Skyline Airlines,37820,1,6
SCY,South Coast Airways,37824,1,6
SEM,Semo Aviation Inc.,30720,1,6
SFI,Stahmannfarms Inc.,37871,1,6
SFO,Sfo Helicopter Airlines Inc.,37866,1,6
SFS,Sierra Flite Service Inc.,37777,1,6
SHS,Shasta Air Inc.,30725,1,6
SHV,Shavano Air Inc.,37690,1,6
SIA,Silver State Airlines,37913,1,6
SJA,San Juan Airlines Inc.,30705,1,6
SKL,Bas Airlines,37802,1,6
SKM,Scheduled Skyways,30426,1,6
SMC,Stopher Mechanical Inc.,37918,1,6
SNC,Gelco Courier Services Inc.,30208,1,6
SNE,Shawnee Airlines,30735,1,6
SOA,Mall Airways Inc.,30767,1,6
SOL,Soonair Lines Inc.,37682,1,6
SPF,Springfield Air Service,30786,1,6
SRL,Sterling Air Service,30771,1,6
SSP,Southern Seaplane,37855,1,6
SSS,Sierra Express Inc.,37928,1,6
SST,Seaplane Shuttle Transport,30709,1,6
STF,Trans East International,37952,1,6
STR,Star Aviation Corporation,30779,1,6
SUI,Sun International Airways,37875,1,6
SUT,Sunbelt,37797,1,6
SVL,Sun Valley Airlines,37864,1,6
SWA,Sunwest Airlines,37897,1,6
TAC,Air Colorado,37870,1,6
TAL,Tejas Airlines Inc.,37713,1,6
TAS,Yosemite Airlines Inc.,37699,1,6
TCA,Trans Catalina Airlines,37729,1,6
TCE,Oceanair Line,37734,1,6
TCI,Trans California Airlines,37927,1,6
TCL,Trans-Central Airlines Inc.,37837,1,6
TCO,Trans-Colorado Airlines,37941,1,6
TEN,Tennessee Airways Inc.,37759,1,6
TER,Terre Haute Air Commuter,37912,1,6
THO,Thorson Aviation,37922,1,6
TIA,Trans Air Inc.,37857,1,6
TIS,Skyfreight,37860,1,6
TMA,Trans Mo Airlines,30815,1,6
TNS,Transtate Aviation,37809,1,6
TRP,Trans Pennsylvania Airlines,37715,1,6
TSI,Trans Sierra Airlines Inc.,37847,1,6
TUL,Tulsair Beechcraft Inc.,37795,1,6
TYE,Temsco Airlines,30859,1,6
UAI,Universal Airways Inc.,37741,1,6
USA,Air U.S.,37677,1,6
VAG,Vagabond Aviation Inc.,37939,1,6
VER,Britt Airlines Inc.,30885,1,6
VIG,Viking Express,37898,1,6
VIN,Vale International Airlines,37799,1,6
VLY,Valley Airlines,37735,1,6
WAC,Air East Airlines,37808,1,6
WCA,Walker's International,37846,1,6
WCI,Mountainwest Airlines,37766,1,6
WES,Western Star Airlines Inc.,37881,1,6
WET,Western Charter Inc.,37903,1,6
WFS,Wheeler Airlines,30921,1,6
WIA,Wisc Air,37761,1,6
WIL,Will's Air,37843,1,6
WNG,Wings Airways,37691,1,6
ZFZ,Mcphillips Flying Service,30554,1,6
ZIA,Air New Mexico,30013,1,6
ZMZ,Winnipesaukee Aviation Inc.,30920,1,6
ZYZ,Skyway Aviation Inc.,30755,1,6
PSA,P.S. Air Freight Inc.,37876,1,6
RV,Reeve Aleutian Airways Inc.,4720,1,1
NW,Northwest Airlines Inc.,11010,3,3
NW,Northwest Airlines Inc.,10601,3,3
NW,Northwest Airlines Inc.,10600,3,3
NW,Northwest Airlines Inc.,1600,3,3
WC,Wien Air Alaska Inc.,4590,2,2
FTI,Southern Airways,38023,1,6
QH,Air Florida Inc.,16016,3,3
QH,Air Florida Inc.,16015,3,3
QH,Air Florida Inc.,6015,3,3
OC,Air California Inc.,6010,3,3
PS,Pacific Southwest Airlines,6720,3,3
RIQ,Rich International Airways,19752,1,1
RIQ,Rich International Airways,9750,1,1
RIQ,Rich International Airways,9749,1,1
WN,Southwest Airlines Co.,11033,3,3
WN,Southwest Airlines Co.,6725,3,3
VL,Mid-South Aviation Inc.,6705,1,1
RCA,Mid-South Aviation Inc.,30676,1,6
QG,Sky West Aviation Inc.,7040,1,1
RC,Republic Airlines Inc.,2750,3,3
DAU,Dauphin Island Airways,37971,1,6
NY,New York Air Inc.,6719,3,3
GIQ,Global International Airways Corp.,16203,1,1
GIQ,Global International Airways Corp.,6535,1,1
GIQ,Global International Airways Corp.,6534,1,1
CJ,Colgan Airways Inc.,6185,1,1
UNQ,Overseas National Airways,16650,2,2
UNQ,Overseas National Airways,6740,2,2
PTQ,Flight International,16008,1,1
PTQ,Flight International,6008,1,1
PTQ,Flight International,6007,1,1
ACD,Academy Airlines,80001,7,7
ACL,Check-Air Inc.,80020,7,7
ACW,Transwest Air Express,80052,7,7
AIG,Airgo Inc.,80007,7,7
AMT,American Air Transport,80010,7,7
BOI,Bo-S-Aire Airlines Inc.,80014,7,7
CMB,Combs Airways Inc.,80023,7,7
DUZ,Summit Airlines Inc.,80049,7,7
EEZ,Eagle Aviation Inc.,80026,7,7
FAA,Falwell Aviation Inc.,80028,7,7
FAC,Falcon Airways Inc.,80027,7,7
PHR,Pinehurst Airlines Inc.,80044,7,7
ROS,Great Western Airlines Inc.,80033,7,7
RRT,Air Freight Express,80005,7,7
SSA,S. S. Airways Inc.,80048,7,7
XAA,Aero Union Corp,80003,7,7
XAC,Air Express International Airlines,80004,7,7
XAJ,Central American International,80017,7,7
XAT,Michigan Peninsula Airways,80038,7,7
XBF,WTC Airlines,80055,7,7
XBH,Profit Airlines Inc.,80045,7,7
XBI,CF Air Freight,80016,7,7
XBJ,International Air Service,80034,7,7
XBQ,Aeronaves De Puerto Rico,80002,7,7
XBR,Allstates Air Cargo Inc.,80008,7,7
XAQ,Cam Air International Inc.,80030,7,7
XAZ,Purolator Sky Courier Inc.,80046,7,7
XBP,Circle Airfreight Corp.,80021,7,7
XBT,Pacific Alaska Airlines Inc.,80042,7,7
XBX,Icb International Airlines,80057,7,7
XAM,Cohlmia Aviation,80022,7,7
XAE,Amerford Airways Inc.,80009,7,7
XAF,Astro-Wing Airlines Inc.,80011,7,7
XAG,Ball Brothers Inc.,80012,7,7
XAI,Burlington Northern Inc.,80015,7,7
XAK,Century Airlines Inc.,80018,7,7
XAO,Dallas Flight Center,80025,7,7
XAR,Jet Way Inc.,80036,7,7
XAS,Klondike Air Inc.,80037,7,7
XAY,Pat Air,80043,7,7
XBM,Phh Air Inc.,80047,7,7
XAU,Flight Line Inc.,80039,7,7
CGL,Viking International Airlines Inc.,80054,7,7
CL,Capitol International Inc.,16151,2,2
CL,Capitol International Inc.,16150,2,2
CL,Capitol International Inc.,6150,2,2
AEQ,Air Caravane Inc.,90004,0,0
AGQ,Argo S. A.,9224F,0,0
AIQ,Norontair,90008,0,0
ALQ,Alberta Northern Airlines,90009,0,0
AO,Aviacion Y Comercio S.A.,90154,0,0
BLQ,Air Bvi Limited,90165,0,0
BXQ,Spantax S. A.,90024,0,0
DA,Dan Air Services,90031,0,0
DM,Maersk Air I/S,9419B,0,0
DOQ,Aerolineas Dominicanas S A,90034,0,0
DQQ,Caribwest Airways Ltd.,90035,0,0
EBQ,Execaire Aviation Ltd.,90037,0,0
ERQ,Aero Trades (Western) Ltd.,90040,0,0
FAQ,Fast Air Carrier Ltd.,90043,0,0
HIQ,Business Flights Ltd.,90047,0,0
HRQ,Tar Airlines,9303D,0,0
HVQ,Transavia Holland B. V.,90050,0,0
ICQ,Iscargo Hf,90052,0,0
IKQ,Tradewinds Airways Ltd.,90053,0,0
IN,Aerlinte Eireann Teoranta,90054,0,0
IR,Iran National Airlines Corp,90055,0,0
IXQ,Inair,90056,0,0
JXQ,Allarco Developments Ltd.,90059,0,0
KKQ,Transmeridian Air Cargo Ltd.,90061,0,0
KWQ,Kelowna Flightcraft Air Cha,90065,0,0
LIQ,Liat (1974) Limited,90070,0,0
MAQ,Millardair Limited,90078,0,0
MGQ,Montana Austria Flugetrieb,90079,0,0
MZ,P.N. Merpati Nusantara Air.,90082,0,0
NFQ,North Cariboo Flying Serv.,90085,0,0
NKQ,Norcanair,90087,0,0
NN,Northward Airlines Ltd.,90088,0,0
NSQ,North Coast Air Services,90089,0,0
NTQ,National Aviation Consult.,90090,0,0
NUQ,Air Niugini,90091,0,0
ONQ,Nunasi-Central Airlines Ltd.,90097,0,0
OWQ,Ontario Worldair Limited,90099,0,0
PD,Pem-Air Limited,9900M,0,0
PV,Eastern Provincial Airways,90105,0,0
PW,Pacific Western Airlines,90106,0,0
QB,Inter-Quebec (Intair),90107,0,0
RB,Syrian Arab Airlines,90109,0,0
RSQ,Aerotransportes Entre Rios,9303B,0,0
RY,Redcoat Air Cargo Limited,90117,0,0
SJQ,Skycharter (Malton) Ltd.,90121,0,0
SSQ,Superior Airways Limited,90127,0,0
ST,Belize Airways Limited,90128,0,0
STQ,Skycraft Air Transport Inc.,90129,0,0
TLQ,Trans-Mediterranean Airways,90136,0,0
TXQ,British Caribbean Airways,90140,0,0
UMQ,Air Manila Inc.,90141,0,0
VOQ,Avalon Aviation Ltd.,90145,0,0
WDQ,Wardair Canada Inc.,90146,0,0
WGQ,Gateway Aviation Limited,90147,0,0
WM,Windward Islands Airways,90148,0,0
XBV,Nal Inc.,80050,7,7
YBQ,Yellow Bird Air,90151,0,0
AE,Air Europe Limited,9493A,0,0
ND,Intair,9900N,0,0
JU,Yugoslav Airlines,9480A,0,0
UT,Union De Transports Aeriens,9427E,0,0
HJ,Air Haiti S. A.,9238A,0,0
SH,Servicio Aereo De Honduras,9131A,0,0
NBQ,Sterling Airways A/S,9419C,0,0
SZQ,Aerolineas El Salvador S A,9118A,0,0
BOQ,Transp. Aereos Bolivianos,9312B,0,0
ADQ,Aeronaves Del Peru,9368B,0,0
DO,Compania Dominicana De Avia,9224G,0,0
WT,Nigeria Airways Ltd.,9555A,0,0
PZ,Lineas Aereas Paraguayas,9365A,0,0
GE,Lufthansa Cargo Airlines,9429B,0,0
VA,Venezuelan International Airways,9388B,0,0
ED,Andes,9337B,0,0
CF,Compan. De Aviacion Faucett,9368C,0,0
GU,Aviateca,9127B,0,0
CP,Canadian Airlines International Ltd.,9900F,0,0
GY,Guyana Airways Corporation,9350A,0,0
ESQ,Seagreen Air Transport,9206A,0,0
ON,Air Nauru,9845A,0,0
PL,Aero Peru,9368A,0,0
BBQ,Balair Ag,9486A,0,0
SN,Sabena Belgian World Air.,9409A,0,0
RK,Air Afrique,9533A,0,0
AC,Air Canada,9900A,0,0
AF,Compagnie Natl Air France,9427B,0,0
AI,National Aviation Company of India Limited d/b/a Air India,9733A,0,0
AI,Air-India,9733A,0,0
AM,Aeromexico,9148B,0,0
AR,Aerolineas Argentinas,9303A,0,0
AT,Royal Air Maroc,9548A,0,0
AV,Aerovias Nacl De Colombia,9327A,0,0
AY,Finnair Oy,9425A,0,0
AZ,Compagnia Aerea Italiana,9450A,0,0
AZ,Alitalia-Linee Aeree Italia,9450A,0,0
BA,British Airways Plc,9493E,0,0
BD,British Midland Airways Ltd.,9493F,0,0
BW,British West Indian Airways,9280A,0,0
BW,Caribbean Airlines Limited,9280A,0,0
CA,Air China,9713A,0,0
CI,China Airlines Ltd.,9781A,0,0
CV,Cargolux Airlines International S.A,9454A,0,0
FI,Icelandair,9439A,0,0
IB,Iberia Air Lines Of Spain,9482B,0,0
JL,Japan Air Lines Co. Ltd.,9736B,0,0
JM,Air Jamaica Limited,9243A,0,0
KE,Korean Air Lines Co. Ltd.,9778A,0,0
KL,Klm Royal Dutch Airlines,9461A,0,0
LA,Lan-Chile Airlines,9324B,0,0
LB,Lloyd Aereo Boliviano S. A.,9312A,0,0
LH,Lufthansa German Airlines,9429D,0,0
LO,Polskie Linie Lotnicze,9467A,0,0
LR,Lacsa,9110A,0,0
LT,Luftransport-Unternehmen,9429E,0,0
LY,El Al Israel Airlines Ltd.,9636A,0,0
MX,Compania Mexicana De Aviaci,9148C,0,0
NWQ,N. W. Territorial Airways,9900J,0,0
OA,Olympic Airways,9433A,0,0
PH,Polynesian Airlines Ltd.,9892A,0,0
PK,Pakistan International Airlines,9764A,0,0
PR,Philippine Airlines Inc.,9766A,0,0
PY,Surinam Airways Limited,9379A,0,0
QF,Qantas Airways Ltd.,9802A,0,0
RG,Varig S. A.,9316B,0,0
RJ,Alia-(The) Royal Jordanian,9639A,0,0
RO,Tarom Romanian Air Transpor,9473A,0,0
SA,South African Airways,9562A,0,0
SK,Scandinavian Airlines Sys.,9484B,0,0
SQ,Singapore Airlines Ltd.,9776A,0,0
SU,Aeroflot Russian Airlines,9475A,0,0
SU,Aeroflot Russian Airlines,9475A,0,0
TA,Taca International Airlines,9118B,0,0
TG,Thai Airways International Ltd.,9782A,0,0
TP,Tap-Portuguese Airlines,9469A,0,0
UP,Bahamasair Holding Limited,9204A,0,0
MC,Transtar Airlines Corp.,6708,2,2
HLQ,Heavylift Cargo Airlines Lt,9493I,0,0
UC,Ladeco,9324A,0,0
ALT,Altus Airlines,37963,1,6
ANC,Atlantic Air,37964,1,6
BAA,Aero International Airlines,37966,1,6
DIR,Northern Star,37965,1,6
SKT,Skytrain,37968,1,6
TGO,Trans Air Cargo Inc.,37962,1,6
THQ,T-Bird Air Inc.,16710,1,1
THQ,T-Bird Air Inc.,6726,1,1
THQ,T-Bird Air Inc.,6723,1,1
ROA,Royal West Airways Inc.,37982,1,6
AED,Air East Of Delaware Inc.,37985,1,6
ALX,Atlanta Express,37980,1,6
AOR,Air New Orleans,37978,1,6
AVR,Air Vermont Inc.,37984,1,6
DOL,Dolphin Airways Inc.,37975,1,6
DVO,Devoe Airlines,37973,1,6
KIN,Golden Pacific Airlines,37972,1,6
NFA,National Florida Airlines,37986,1,6
SLO,Slocum Air Inc.,37983,1,6
STA,State Airlines Inc.,37970,1,6
TRO,Air Molakai,37974,1,6
WIR,Williams Air Inc.,37981,1,6
WSU,Mission Air,37977,1,6
HX,Guy-America Airways Inc.,16210,1,1
HX,Guy-America Airways Inc.,6570,1,1
VB,Pacific Express,6745,1,1
QS,Northeastern International Airways,6709,1,1
HAR,Friendship Air Alaska,37988,1,6
MIN,Minuteman Aviation Inc.,37989,1,6
VIS,Virgin Islands Seaplane,37987,1,6
FT,Flying Tiger Line Inc.,19323,3,3
FT,Flying Tiger Line Inc.,19322,3,3
FT,Flying Tiger Line Inc.,19321,3,3
FT,Flying Tiger Line Inc.,9320,3,3
OD,Aerocondor,90094,0,0
OD,Emerald Airlines Inc.,6195,1,1
NRN,Northern Airlines Inc.,37990,1,6
6P,Pacific East Air Inc.,6743,1,1
TJ,Jet Charter Service Inc.,16230,1,1
TJ,Jet Charter Service Inc.,6676,1,1
TJ,Jet Charter Service Inc.,6675,1,1
EOQ,Aeroservicios Ecuatorianos,9337A,0,0
RAQ,Arista International Airlines Inc.,16059,1,1
RAQ,Arista International Airlines Inc.,6058,1,1
RAQ,Arista International Airlines Inc.,6057,1,1
KU,Kuwait Airways Corp.,9644A,0,0
BAY,Burlington Aeroplane Co.,37993,1,6
DSA,Desert Sun Airlines,37992,1,6
LAS,Lake Union Air Service,38005,1,6
QTQ,Aer Turas Teoranta,9441A,0,0
AFQ,Aero B Venezuela C.A.,90162,0,0
GX,Air Ontario Limited,90166,0,0
EI,Aer Lingus Plc,9441B,0,0
SV,Saudi Arabian Airlines Corp,9670A,0,0
XAB,Air Polynesia d/b/a DHL Cargo,80060,7,7
XBZ,Air Natl Aircraft Sal & Ser,80059,7,7
CIQ,A/S Conair,9419A,0,0
ANI,Dash Air Corporation,38003,1,6
ARA,Air Resorts Airlines,37998,1,6
MUA,Manu'a Air Transport,37999,1,6
PCL,Pacific Cal Air,37969,1,6
SER,Service Aviation Inc.,38000,1,6
TTM,The Time Machine,38015,1,6
CMQ,Servicio De Carga Aerea Sa,90170,0,0
HAQ,Hapag Lloyd Flug.,9429C,0,0
CB,Air One Inc.,6014,1,1
ME,Middle East Airlines S.A.L.,9647A,0,0
AFS,Arcata Flying Service,38010,1,6
GRD,Grand Canyon Airlines,30475,1,6
KOD,Kodiak Airways Inc.,37997,1,6
MAE,Mid-Atlantic Exp. Airlines,38016,1,6
NCA,National Commuter Airlines,38004,1,6
SAC,Sundorph Aeronautical Corp.,38001,1,6
WAR,Waring Air,38006,1,6
EP,All Star Airlines Inc.,16034,1,1
EP,All Star Airlines Inc.,6034,1,1
EP,All Star Airlines Inc.,6033,1,1
AXQ,Aeron International Airlines Inc.,16013,1,1
JIQ,Jet Fleet Intl. Airlines,16250,1,1
JIQ,Jet Fleet Intl. Airlines,6678,1,1
JIQ,Jet Fleet Intl. Airlines,6677,1,1
HER,Markair Express,38012,1,6
LSZ,Alaska Island Air Inc.,30131,1,6
AAT,Air Sunshine Inc.,30005,1,6
AAT,Air Sunshine Inc.,30005,1,6
EAT,Eastman Airways Inc.,38008,1,6
SPH,Spirit Helicopter,38014,1,6
AHQ,Air National,16025,1,1
AHQ,Air National,6025,1,1
EXC,Executive Charter,38019,1,6
SNA,Aviation Associates,38026,1,6
ARM,Airmarc Airlines Inc.,38021,1,6
PAT,Panorama Air Tours,38018,1,6
TKQ,Trans-Air-Link Corporation,6889,1,4
TKQ,Trans-Air-Link Corporation,16890,1,4
TKQ,Trans-Air-Link Corporation,6890,1,4
AAI,Audi Air Inc.,38007,1,6
GAQ,Galaxy Airlines Inc.,16202,1,1
GAQ,Galaxy Airlines Inc.,6501,1,1
GAQ,Galaxy Airlines Inc.,6500,1,1
IDQ,Intl Air Service Co. Ltd.,6630,1,1
TR,Transbrasil S.A.,9316A,0,0
XCA,Hawkins And Powers Aviation,80062,7,7
XBC,Jet East Inc.,80061,7,7
ARS,Air Sedona,38020,1,6
CRE,Caribbean Express Inc.,38027,1,6
TFZ,Tri-State Airlines Inc.,38022,1,6
FH,Frontier Horizon Inc.,6206,1,1
AWQ,Aermediterranea S.P.A.,90176,0,0
BF,Markair Inc.,4350,2,2
BF,Alaska International Air,4350,2,2
VK,Air Tungaru Corporation,9824A,0,0
RES,Resort Airlines Inc.,38035,1,6
AAV,Alpine Air,38031,1,6
AME,Americair Inc.,38028,1,6
ARP,Airspur Helicopters Inc.,38033,1,6
SKS,Silver Kris Services Ltd.,38030,1,6
BFQ,Buffalo Airways Inc.,16136,1,1
BFQ,Buffalo Airways Inc.,6137,1,1
BFQ,Buffalo Airways Inc.,6136,1,1
AQ,Aloha Airlines Inc.,15045,2,2
AQ,Aloha Airlines Inc.,5045,2,2
APS,Air Spirit Inc.,38040,1,6
EME,Metro Express,38038,1,6
FRT,Frontier Commuter,38041,1,6
VS,Virgin Atlantic Airways,9493K,0,0
MKQ,Airmark Corporation,16020,1,1
MKQ,Airmark Corporation,6023,1,1
MKQ,Airmark Corporation,6022,1,1
INQ,Independent Air Inc.,16212,1,1
INQ,Independent Air Inc.,6611,1,1
INQ,Independent Air Inc.,6610,1,1
TPQ,Aerial Transit Company,16002,1,1
TPQ,Aerial Transit Company,6002,1,1
TPQ,Aerial Transit Company,6001,1,1
WFT,Westflight Aviation,38037,1,6
HOZ,Horizon Air,37960,1,6
QX,Horizon Air,6580,2,2
QX,Horizon Air,11023,2,2
2M,Midway Express Airlines,6707,1,1
SDQ,St. Lucia Airways Limited,9276A,0,0
HA,Hawaiian Airlines Inc.,15375,2,2
HA,Hawaiian Airlines Inc.,5375,2,2
HA,Hawaiian Airlines Inc.,15375,3,3
HA,Hawaiian Airlines Inc.,5375,3,3
XDA,Pacific Air Express Inc.,80063,7,7
RIA,Trump Air,38042,1,6
NPA,North Pacific Airlines Inc.,38046,1,6
FLR,Flirite Inc.,38043,1,6
TAT,Talarik Creek Air Taxi,38044,1,6
OQ,Royale Airlines Inc.,6788,1,1
RAY,Royale Airlines Inc.,30690,1,6
RAY,Royale Airlines Inc.,30690,1,6
WWQ,Worldways Canada Ltd.,9900P,0,0
AQQ,Air Charter (Safa),9427A,0,0
MB,Samoa Airlines Inc.,16703,1,1
APH,Alpha Air,38050,1,6
JTA,Jetaire Airlines Inc.,38052,1,6
KB,Haiti Air,90182,0,0
HSV,Harbor Air Service,38054,1,6
CO,Continental Air Lines Inc.,10221,3,3
CO,Continental Air Lines Inc.,10220,3,3
CO,Continental Air Lines Inc.,10219,3,3
CO,Continental Air Lines Inc.,1220,3,3
IRQ,Interstate Airlines Inc.,16590,1,1
IRQ,Interstate Airlines Inc.,6625,1,1
IRQ,Interstate Airlines Inc.,6624,1,1
XBL,Interstate Airlines Inc.,80035,7,7
CLD,Hawaii Pacific Helicopters,38058,1,6
EA,Eastern Air Lines Inc.,10285,3,3
EA,Eastern Air Lines Inc.,10284,3,3
EA,Eastern Air Lines Inc.,0A285,3,3
CSM,Chisum Flying Service,38047,1,6
AMR,AvAir,38080,1,6
AAP,Armstrong Air Service Inc.,38048,1,6
EGA,Eagle Airline,38071,1,6
BEA,Business Express Airlines,38073,1,6
ACN,Alliance Airlines,38065,1,6
ASR,Astor Air,38063,1,6
BAT,West Penn Commuter,38068,1,6
BRK,Barken International,38057,1,6
CMR,Commuter Airlines (Ca),38074,1,6
CRH,Cresent Medivac,38062,1,6
CTL,Coastal Air Transport,38070,1,6
EEX,Exec Express,38078,1,6
LAA,La Skycab Airline,38061,1,6
NAT,National Air,38069,1,6
OMI,Omniflight Airways,38059,1,6
SEP,Southern Express Airways,38072,1,6
TUR,Turner Aire,38064,1,6
WSK,AAR Western Skyways,38079,1,6
FW,Skybus Inc.,6805,1,1
CUQ,Caicos Caribbean Airways,9281A,0,0
BDE,Jet Express,38055,1,6
4R,Regent Air Corporation,6770,1,1
WTA,Westates Airlines,38056,1,6
AON,Action Airlines,38097,1,6
CAF,California Seaboard,38067,1,6
ENT,Enterprise Airlines Inc.,38081,1,6
IEX,Island Air Express,38075,1,6
MAA,Maui Airlines,38111,1,6
MEX,Metro Express 11,38095,1,6
OTT,Otter Air,38060,1,6
PRM,Prime Air Inc.,38082,1,6
SAL,Sallee's Aviation,38077,1,6
WGL,Wrangell Air Service,38066,1,6
AGL,Atlantic Gulf Airlines,38024,1,6
ZY,Atlantic Gulf Airlines,16080,1,1
ZY,Atlantic Gulf Airlines,6080,1,1
PKQ,Skyworld Airlines Inc.,16675,1,1
PKQ,Skyworld Airlines Inc.,6756,1,1
XV,Presidential Airways Inc.,6759,1,1
DC,Caribbean Air Cargo Co Ltd.,9205A,0,0
GA,P.T. Garuda Indonesian Arwy,9832A,0,0
MS,Egyptair,9591A,0,0
BYA,Bay Air,38086,1,6
FFQ,Five Star Airlines,16204,1,1
FFQ,Five Star Airlines,6203,1,1
FFQ,Five Star Airlines,6202,1,1
KFS,King Flying Service,38085,1,6
LEQ,Le Point Air,90191,0,0
BRW,Barrow Air,38087,1,6
BIA,Big Island Air,38094,1,6
CCA,Cityhop,38093,1,6
GPA,GP Express Airlines,38089,1,6
IOW,Iowa Airways,38098,1,6
MWA,Mountain West Airlines,38091,1,6
RSC,Resort Commuter,38088,1,6
TXA,Texas National Airlines,38090,1,6
AHC,Air Hawaii,37836,1,6
AHC,Air Hawaii,37836,1,6
XK,Air Hawaii,6012,1,1
XK,Aerotal,90150,0,0
ALS,Air L.A.,38108,1,6
AEO,Aero Coach,38114,1,6
ALK,Air Link Airways,38107,1,6
BFG,Million Air,38102,1,6
HEL,Helitrans,38106,1,6
LAH,La Helicopter,38104,1,6
OMH,Omniflight Helicopters,38103,1,6
RVA,Reeves Air,38105,1,6
CM,Compania Panamena (Copa),9162C,0,0
ZAQ,Zas Airline Of Egypt,9591B,0,0
POL,Polar International,38100,1,6
XDC,Hemisphere Air Charter,80067,7,7
AIT,Airways International,38113,1,6
CGA,Chicago Airlines,38112,1,6
YM,Royal West Airlines,6785,1,1
RI,Airpac Inc.,6021,1,1
XYZ,Airpac Inc.,30090,1,6
XYZ,Airpac Inc.,30090,1,6
VE,Aerovias Venezolanas-Avensa,9388A,0,0
CX,Cathay Pacific Airways Ltd.,9729A,0,0
GAL,Galena Air Service,38116,1,6
STW,Stateswest Airlines,38110,1,6
EXR,Executive Transport,38119,1,6
PRP,Propheter Aviation,38117,1,6
WAI,Wise Airlines Inc.,38051,1,6
HNS,Haines Airways,38120,1,6
FD,Great American Airways,6550,1,1
FD,Great American Airways,6549,1,1
FDQ,Great American Airways,6550,1,1
FDQ,Great American Airways,6549,1,1
APC,Air Puerto Rico Airlines,38101,1,6
FD,Air Puerto Rico Airlines,16027,1,1
FD,Air Puerto Rico Airlines,6027,1,1
FD,Air Puerto Rico Airlines,6026,1,1
VP,Viacao Aerea Sao Paulo,9316C,0,0
DL,Delta Air Lines Inc.,10262,3,3
DL,Delta Air Lines Inc.,10261,3,3
DL,Delta Air Lines Inc.,10260,3,3
DL,Delta Air Lines Inc.,1260,3,3
NH,All Nippon Airways Co.,9736A,0,0
XDD,International Parcel Express Inc.,80068,7,7
AZQ,Anglo Airlines Ltd.,9493C,0,0
MDC,Midcontinent Airlines,38123,1,6
MH,Malaysian Airline System,9749A,0,0
PM,Pilgrim Aviation & Airlines,6722,1,1
PMT,Pilgrim Aviation & Airlines,30645,1,6
PMT,Pilgrim Aviation & Airlines,30645,1,6
ZO,Florida Express Inc.,16199,1,1
ZO,Florida Express Inc.,6201,1,1
OPQ,Orion Air,16640,1,1
OPQ,Orion Air,6728,1,1
OPQ,Orion Air,6727,1,1
NAQ,Nationair,9900K,0,0
APE,Air Cape,38121,1,6
LCT,Lake Coastal,38124,1,6
MTV,Mst Aviation,38122,1,6
7F,First Air,90197,0,0
VR,Transportes Aereos De Cabo,9507A,0,0
AA,American Airlines Inc.,10052,3,3
AA,American Airlines Inc.,10050,3,3
AA,American Airlines Inc.,10049,3,3
AA,American Airlines Inc.,0A050,3,3
WAQ,Air Charter Systems (Acs),9900B,0,0
HET,Helitac Aviation,38127,1,6
BM,Belize Air International Ltd.,9106A,0,0
VY,Highland Express Airways,90201,0,0
HO,Mid Pacific Airlines Inc.,6710,1,1
MPA,Mid Pacific Airlines Inc.,37889,1,6
MPA,Mid Pacific Airlines Inc.,37889,1,6
ATQ,Aero Tranportes Panamenos,90013,0,0
LBQ,Millon Air Inc.,16702,1,1
LBQ,Millon Air Inc.,6702,1,1
LBQ,Millon Air Inc.,6701,1,1
ARB,Air Caribe International,38134,1,6
ASU,Air South,37979,1,4
ASH,Air South,38128,1,6
BAN,Bangor International Air,38131,1,6
CCO,Chester County Aviation,38133,1,6
ECR,East Coast Airways,38129,1,6
HEP,Hub Express,38132,1,6
THA,Tropical Helicopter Airways,38130,1,6
TK,Turk Hava Yollari A.O.,9679A,0,0
PI,Piedmont Aviation Inc.,12681,3,3
PI,Piedmont Aviation Inc.,12680,3,3
PI,Piedmont Aviation Inc.,2680,3,3
XDE,Air Train Inc.,80069,7,7
HFQ,Haiti Air Freight Intl,9238B,0,0
KET,Ketchikan Air Service,38149,1,6
XDF,Salair Inc.,80070,7,7
NAP,Npa Inc.,38137,1,6
5T,Air America,16876,1,1
5T,Air America,16875,1,1
5T,Air America,6880,1,1
5T,Air America,6879,1,1
GM,Air America,16875,1,1
GM,Air America,6880,1,1
KI,Time Air Ltd.,9900O,0,0
KZ,Nippon Cargo Airlines,9736D,0,0
SEG,Seagull Air Service,38136,1,6
NAS,Nasville Eagle,38138,1,6
ALU,Aleutian Air,38140,1,6
CUS,Custom Air Service,38135,1,6
GSC,GCS Air Service,38144,1,6
GST,Golden State Airlines,38096,1,6
SPG,Springdale Air,38157,1,6
SPR,Sportsman Flying Service,38139,1,6
EH,Saeta Airlines,9337D,0,0
MUQ,Aerolineas Mundo,9224B,0,0
GG,Tropical Airways Inc.,6906,1,1
GG,Tropical Airways Inc.,6905,1,1
GG,Grenada Airways Ltd.,90188,0,0
MPC,Mid Pacific Air Corp.,38169,1,6
EET,Exec Express II,38143,1,6
TAQ,Taquan Air Service,38142,1,5
CTR,Chartair,38146,1,6
LAR,Laredo Air,38147,1,6
QWE,Qwest Commuter,38141,1,6
TAF,Tri Air Freight,38145,1,6
WRA,Wra Inc.,38153,1,6
Q2,Zambia Airways Corp.,9597A,0,0
SR,Swissair Transport Co. Ltd.,9486B,0,0
ARD,Airlift International,38151,1,6
PCR,Pacair,38152,1,6
BCQ,Bradley Air Services Ltd.,9900D,0,0
CYQ,Corse Air International,9427C,0,0
IA,Iraqi Airways,9634A,0,0
ZB,Monarch Airlines,9493J,0,0
VAQ,Vacationair,90225,0,0
LUQ,Lineas Aereas La-Tur Sa,9148D,0,0
HOQ,Holidair Airways,90232,0,0
AOQ,Aerovias S.A.,9127A,0,0
APQ,Alas De Transporte International,9224D,0,0
TV,Transamerica Airlines Inc.,2849,3,3
TV,Haiti Trans Air,9238C,0,0
CWQ,Canadian Aviation Express,90226,0,0
JD,Japan Air System Co. Ltd.,9736C,0,0
MEA,Manhattan Express,38158,1,6
BY,Britannia Airways Ltd.,9493D,0,0
AEF,Aero Freight,38160,1,6
PNM,Panama Aviation,38162,1,6
WLH,Welch Aviation,38161,1,6
OS,Austrian Airlines,9403A,0,0
8C,Air Transport International,16029,2,2
8C,Air Transport International,16028,2,2
8C,Air Transport International,6029,2,2
8C,Air Transport International,6028,2,2
JR,Aero California,9148A,0,0
HRG,Heritage Airlines,38165,1,6
XDH,Kitty Hawk Air Cargo,80072,7,7
EXA,Columbia Pacific Airlines,30411,1,6
CLB,Columbia Pacific Airlines,38167,1,6
CSL,Central States Air Lines,38168,1,6
MHK,Mohawk Airlines,38170,1,6
SYM,Skymaster,38166,1,6
NVQ,Novair International Airways Ltd.,9493L,0,0
TSQ,TPI International Airways,16883,1,1
TSQ,TPI International Airways,6883,1,1
UTQ,Universal Airlines Inc.,16915,1,1
UTQ,Universal Airlines Inc.,6915,1,1
IPQ,Aruba Cargo,9277B,0,0
LCQ,Latcr,9110B,0,0
TDQ,Transcarga,90133,0,0
TDQ,Venexcargo,9388K,0,0
EJQ,Aeroejecutivos C.A.,9388G,0,0
PUQ,Aeropuma,9118C,0,0
ACQ,Aeronautica De Cancun,9148E,0,0
ARQ,Aerovias Colombianas Arca,9327B,0,0
ZUQ,Zuliana De Aviacion,9388D,0,0
ITQ,Interamericana De Aviacion,9388C,0,0
UD,Fast Air Carrier Ltd.,9324C,0,0
MYQ,Lineas Aereas Mayas (Lamsa),9127C,0,0
TNQ,Emery Worldwide Airlines,16018,2,2
TNQ,Emery Worldwide Airlines,6018,2,2
KA,Hong Kong Dragonair,9729B,0,0
CW,Air Marshall Islands Inc.,9844A,0,0
BUQ,Blue Bell Inc.,16111,1,1
BUQ,Blue Bell Inc.,6111,1,1
BUQ,Blue Bell Inc.,6110,1,1
BUQ,Wrangler Aviation Inc.,16950,1,1
XBY,Wrangler Aviation Inc.,80058,7,7
CQI,Conquest Airline Corp.,38173,1,6
ATH,Air Southeast,38172,1,6
CLF,California Air Shuttle,38174,1,6
NCE,Northcoast Executive,38177,1,6
SCN,Scott Aviation,38175,1,6
TXE,Trans Air (Hawaii),38171,1,6
BEQ,Air Belgium,9409B,0,0
LNQ,Aerolineas Latinas,9388E,0,0
FQ,Air Aruba,9277A,0,0
KX,Cayman Airways Limited,9233A,0,0
KXQ,Cayman Airways Limited,9233A,0,0
4H,Belize Trans Air,9106B,0,0
LRQ,Air Liberte,9427G,0,0
SAH,Sea Air Shuttle,38204,1,6
PU,Primeras Lineas Uruguays For International,9385A,0,0
5X,United Parcel Service,16913,3,3
5X,United Parcel Service,16912,3,3
5X,United Parcel Service,16911,3,3
5X,United Parcel Service,16910,3,3
5X,United Parcel Service,6910,3,3
XBE,United Parcel Service,80053,7,7
GAT,Gulf Air Taxi,38179,1,6
ADR,Adirondack Airlines,38205,1,6
CRP,Corporate Air,38181,1,6
DIA,Drummond Island Air,38184,1,6
GFC,Gulf Flite Center,38180,1,6
LAP,Lapsa,38182,1,6
LEX,L'Express,38187,1,6
TVL,Travelair,38188,1,6
VAS,Valley Air Services,38183,1,6
ASQ,Aerosur,9385B,0,0
GW,Central American Airlines,9153B,0,0
CHT,Charter One,38195,1,6
AS,Alaska Airlines Inc.,16031,3,3
AS,Alaska Airlines Inc.,6031,3,3
2R,Regal Air,9275A,0,0
7P,Apa International Air S.A.,9224E,0,0
DRQ,Apa International Air S.A.,9224E,0,0
NZ,Air New Zealand,9851A,0,0
TE,Air New Zealand,9851A,0,0
SE,Das Air Cargo,9493M,0,0
SRA,Star Aviation,38189,1,6
TRR,Territorial Airlines,38190,1,6
LKN,Loken Aviation,38193,1,6
DWN,Dawn Air,38194,1,6
FYB,Flying Boat,38192,1,6
CVQ,Caraven S.A.,9388J,0,0
EFQ,Trans Europ. Airways France,9427H,0,0
GCQ,General Air Cargo,9388F,0,0
ALD,Allied Airlines,38199,1,6
AVG,Airvantage,38203,1,6
CGO,Chicago Air Taxi,38198,1,6
GWA,Great Western Aviation,38197,1,6
PRD,Paradise Island Airlines,38202,1,6
RDW,Redwing Airways,38200,1,6
NG,Lauda Air Luftfahrt Ag,9403B,0,0
9R,Rosenbalm Aviation Inc.,19757,1,1
9R,Rosenbalm Aviation Inc.,19756,1,1
9R,Rosenbalm Aviation Inc.,19755,1,1
9R,Rosenbalm Aviation Inc.,9755,1,1
9R,Rosenbalm Aviation Inc.,9754,1,1
9R,Flagship Express Services,19757,1,1
9R,Flagship Express Services,19756,1,1
9R,Flagship Express Services,9755,1,1
BE,Braniff International Airlines Inc.,6120,1,1
KW,Pacific Interstate Airlines,16664,1,1
KW,Pacific Interstate Airlines,6751,1,1
KW,Pacific Interstate Airlines,6748,1,1
KW,Carnival Air Lines Inc.,16664,2,2
KW,Carnival Air Lines Inc.,6748,2,2
QT,Pacific Interstate Airlines,16665,1,1
QT,Pacific Interstate Airlines,16664,1,1
QT,Pacific Interstate Airlines,6751,1,1
QT,Pacific Interstate Airlines,6748,1,1
QT,Transportes Aereos Mercantiles Panamericanos S.A,9327D,0,0
TMQ,Transportes Aereos Mercantiles Panamericanos S.A,9327D,0,0
JZ,Japan Air Charter Co. Ltd.,9736E,0,0
ZL,Affretair,9565A,0,0
VC,Servicios Avensa,9388I,0,0
MU,Mcclain Airlines Inc.,6711,1,1
MU,China Eastern Airlines,9713B,0,0
DUL,Dulles Express,38201,1,6
SYB,Skybus Express Airlines,38206,1,6
TS,Air Transat,9900C,0,0
TWQ,Air Transat,9900C,0,0
XAH,Hawaii Pacific Air,80013,7,7
WL,World Air Network,9736F,0,0
IPS,Island Express,38210,1,6
RMH,Rocky Mountain Helicopters,38208,1,6
SNV,Sierra Nevada Airways,38209,1,6
TWE,Trans World Express,38220,1,6
AZP,Arizona Pacific Airways,38212,1,6
XPQ,International Cargo Xpress,16620,1,1
XPQ,International Cargo Xpress,6620,1,1
XPQ,International Cargo Xpress,6619,1,1
NER,Northeast Express Regional,38186,1,6
NEX,Northeast Express Regional,38224,1,6
HCQ,Av Atlantic,16092,1,1
HCQ,Av Atlantic,6092,1,1
HCQ,Av Atlantic,6091,1,1
RTQ,Aerotour Dominicano Cxa,9224I,0,0
ROQ,Aero Uruguay,90114,0,0
URQ,Aero Uruguay,9385C,0,0
4N,Air North,7900G,0,0
UA,United Air Lines Inc.,10877,3,3
UA,United Air Lines Inc.,10876,3,3
UA,United Air Lines Inc.,10874,3,3
UA,United Air Lines Inc.,0A875,3,3
AHA,Air Alpha,38217,1,6
AIY,Alliance Air,38218,1,6
FLA,Florida Air,38223,1,6
PAQ,Patriot Airlines Inc.,16755,1,1
PAQ,Patriot Airlines Inc.,6755,1,1
PAQ,Patriot Airlines Inc.,6754,1,1
TB,USAir Shuttle,16907,2,2
TB,USAir Shuttle,6907,2,2
TB,Trump Shuttle,16907,2,2
TB,Trump Shuttle,6907,2,2
KEQ,Key Airlines Inc.,16280,1,1
KEQ,Key Airlines Inc.,6685,1,1
ZN,Key Airlines Inc.,16281,1,1
ZN,Key Airlines Inc.,16280,1,1
ZN,Key Airlines Inc.,6685,1,1
FB,Translift Airways Limited,9441C,0,0
KTQ,Turks Air Ltd.,9281B,0,0
BHQ,Turks Air Ltd.,90020,0,0
ADV,Advantage Airlines,38228,1,6
AWA,Air West Airlines,38226,1,6
KEA,Keene Airways,38221,1,6
SOE,Sky One Express,38225,1,6
HP,America West Airlines Inc.,16049,3,3
HP,America West Airlines Inc.,16048,3,3
HP,America West Airlines Inc.,6049,3,3
ZS,Hispaniola Airways,9224H,0,0
AKQ,Airmark Airlines Inc.,16054,1,1
AKQ,Airmark Airlines Inc.,6054,1,1
AKQ,Airmark Airlines Inc.,6053,1,1
QQ,Reno Air Inc.,6775,2,2
VX,Aces Airlines,9327F,0,0
6Y,Nicaraguense De Aviacion Sa,9153C,0,0
SI,Jet America Airlines Inc.,6670,1,4
SI,Sierra Pacific Airlines,6798,1,4
TSA,Sierra Pacific Airlines,30845,1,6
HK,South Pacific Island Airway,16715,1,1
SOP,South Pacific Island Airway,30766,1,6
SOP,South Pacific Island Airway,30766,1,6
HK,Time Air Sweden Ab,9484D,0,0
TGQ,Tranps Aereos Guatemaltecos,9127D,0,0
KN,Morris Air Corporation,16695,2,2
KN,Morris Air Corporation,6695,2,2
LZ,Balkan Bulgarian Airlines,9411B,0,0
BR,Cal Air International Ltd.,9493G,0,0
BR,Eva Airways Corporation,9781B,0,0
CPQ,Capitol Air Express Inc.,16160,1,1
CPQ,Capitol Air Express Inc.,6160,1,1
CPQ,Capitol Air Express Inc.,6159,1,1
5Y,Atlas Air Inc.,16087,2,2
5Y,Atlas Air Inc.,6087,2,2
5Y,Atlas Air Inc.,6086,2,2
5Y,Atlas Air Inc.,16087,3,3
5Y,Atlas Air Inc.,6087,3,3
RMV,Ram Aviation,38229,1,6
ECL,Eclipse Airlines,38231,1,6
CLQ,Aero Transcolombiana,9327G,0,0
ASN,Air Casino,38232,1,6
EXP,Express Airlines II,38230,1,6
RDR,Rader Aviation,38227,1,6
ECQ,Trans American Charter,16893,1,1
ECQ,Trans American Charter,6893,1,1
ECQ,Trans American Charter,6892,1,1
EXQ,Export Air Del Peru S.A.,9368D,0,0
LGQ,Lineas Aereas Allegro,9148L,0,0
CS,Continental Micronesia,16192,2,2
V5,J.D.Valenciana De Aviation,9388L,0,0
5J,Private Jet Expeditions,16762,2,2
5J,Private Jet Expeditions,6762,2,2
PJQ,Private Jet Expeditions,16762,2,2
PJQ,Private Jet Expeditions,6762,2,2
PJQ,Private Jet Expeditions,6761,2,2
V9,Eagle Airlines,16270,1,1
V9,Eagle Airlines,6280,1,1
V9,Eagle Airlines,6279,1,1
ECA,Eagle Airlines,37758,1,6
LZQ,Leisure International Airways Ltd.,9493O,0,0
MA,Malev Hungarian Airlines,9437A,0,0
SMQ,Serv. Aerolineas Mexicanas,9148K,0,0
LSQ,Lineas Aereas Suramerican,9327H,0,0
OMQ,Quassar De Mexico,9148M,0,0
OB,Oasis International Airlines S.A.,9482D,0,0
CGQ,Aerochago S.A.,9224A,0,0
G3,Aerochago S.A.,9224A,0,0
GD,Transp. Aereos Ejecutivos,9148F,0,0
TEQ,Transp. Aereos Ejecutivos,9148F,0,0
UYQ,Aerolineas Uruguayas S.A.,9385D,0,0
PE,People Express Airlines Inc.,16670,3,3
PE,People Express Airlines Inc.,6750,3,3
PE,Air Europe S.P.A.,9450B,0,0
U2,UFS Inc.,6908,1,1
PIQ,Pacific International Airlines,9162A,0,0
AFE,Air Florida Express,38236,1,6
AFG,American Flight Group,38234,1,6
AVL,Aviation Sales,38238,1,6
BUH,Business Helicopters,38242,1,6
FRS,Four Star Aviation,38237,1,6
SKJ,Sky-Jet,38233,1,6
SLR,Salair,38239,1,6
SAQ,Southern Air Transport Inc.,19767,2,2
SAQ,Southern Air Transport Inc.,19765,2,2
SAQ,Southern Air Transport Inc.,9786,2,2
6U,Air Ukraine,9488A,0,0
7M,Aeromonterrey S.A.,9148O,0,0
BG,Biman Bangladesh Airlines,9703A,0,0
WIS,Air Wisconsin Inc.,30124,1,6
ZW,Air Wisconsin Inc.,6020,2,2
ZW,Air Wisconsin Airlines Corp,6024,2,2
CRB,Caribair,38246,1,6
GRA,Gorda Aero Service,38243,1,6
WA,Western Air Lines Inc.,10930,3,3
WA,Western Air Lines Inc.,1930,3,3
WA,Worldwide Airlines Services,16947,1,1
WA,Worldwide Airlines Services,16946,1,1
WA,Worldwide Airlines Services,6946,1,1
WA,Worldwide Airlines Services,6945,1,1
E8,USAfrica Airways Inc.,16916,1,1
E8,USAfrica Airways Inc.,6916,1,1
SBQ,Skyjet S.A.,9409C,0,0
8L,Servicio Aereo Leo Lopez,9148N,0,0
GF,Gulf Air Transport Inc.,16561,1,1
GF,Gulf Air Transport Inc.,6561,1,1
GF,Gulf Air Transport Inc.,6560,1,1
GF,Gulf Air Company,9605A,0,0
PDQ,Antigua Paradise Airways,9206B,0,0
EZ,Evergreen International Inc.,16208,2,2
EZ,Evergreen International Inc.,16201,2,2
EZ,Evergreen International Inc.,6198,2,2
EZ,Evergreen International Inc.,6197,2,2
FJ,Air Pacific Ltd.,90044,0,0
FJ,Air Pacific Ltd.,9821A,0,0
WV,Air South Inc.,6032,1,1
ASC,Air South Inc.,38213,1,6
ICH,Island Air Charters,38248,1,6
PFA,Pacificair,38250,1,6
GH,Ghana Airways Corporation,9529A,0,0
SEQ,Sky Service F.B.O.,9900T,0,0
AAQ,Advance Air Charters,9900R,0,0
MHO,Mahalo Air,38249,1,6
CPT,Capitol Air,38251,1,6
DXA,Dolphin Express,38252,1,6
NTX,Grand Airways Inc.,38159,1,6
QD,Grand Airways Inc.,6540,1,1
8J,Jetall Airways,9900S,0,0
SIQ,Scanair,9484A,0,0
SIQ,Premiair,9419D,0,0
REQ,Renown Aviation,16772,1,1
REQ,Renown Aviation,6772,1,1
REQ,Renown Aviation,6771,1,1
ABQ,Aeromar C. Por A.,9224C,0,0
BQ,Aeromar C. Por A.,9224C,0,0
VW,Aeromar C. Por A.,9224C,0,0
TXY,Texas Airways,38255,1,6
WD,Halisa Air,9238E,0,0
W7,Western Pacific Airlines,6922,2,2
BTQ,Brasair Transportes Aereos,9316D,0,0
HY,Uzbekistan Airways,9788A,0,0
DFS,Downeast Flying Service,38253,1,6
PNS,Pine State Airlines,38256,1,6
SUA,Sunshine Airlines,38254,1,6
AP,Aspen Airways Inc.,6075,1,1
APN,Aspen Airways Inc.,37991,1,6
AP,Aeromexpress,9148P,0,0
QO,Aeromexpress,9148P,0,0
T3,Tristar Airlines Inc.,6898,1,1
SXP,Sierra Expressway,38258,1,6
FF,Tower Air Inc.,16881,2,2
FF,Tower Air Inc.,16880,2,2
FF,Tower Air Inc.,6855,2,2
FS,Serv De Trans Aereos Fuegui,9303C,0,0
SXQ,Serv De Trans Aereos Fuegui,9303C,0,0
QN,Royal Air,9900V,0,0
7B,Krasair,9770A,0,0
MLX,Merlin Express,38259,1,6
CTQ,Custom Air Transport,6175,1,1
CTQ,Custom Air Transport,6175,1,4
LF,Jettrain Airlines,6680,1,1
WO,World Airways Inc.,16932,2,2
WO,World Airways Inc.,16931,2,2
WO,World Airways Inc.,16930,2,2
WO,World Airways Inc.,6930,2,2
WO,World Airways Inc.,6929,2,2
GJ,Mexicargo,9148Q,0,0
OI,Prestige Airways,6753,1,1
OI,Paradise Airways,6753,1,1
EGJ,Eagle Jet Charter,38260,1,6
6F,Laker Airways Inc.,16697,1,1
6F,Laker Airways Inc.,6697,1,1
6F,Laker Airways Inc.,6696,1,1
PO,Polar Air Cargo Airways,16759,2,2
PO,Polar Air Cargo Airways,16758,2,2
PO,Polar Air Cargo Airways,16757,2,2
PO,Polar Air Cargo Airways,6758,2,2
PO,Polar Air Cargo Airways,16759,3,3
PO,Polar Air Cargo Airways,16758,3,3
PO,Polar Air Cargo Airways,16757,3,3
PO,Polar Air Cargo Airways,6758,3,3
SFQ,Southern Frontier Air Trans,90119,0,0
SFQ,Sportsflight Airways Inc.,16825,1,1
SFQ,Sportsflight Airways Inc.,6825,1,1
SFQ,Sportsflight Airways Inc.,6824,1,1
SFQ,Pacific International Airlines Inc.,16825,1,1
SFQ,Pacific International Airlines Inc.,6825,1,1
SFQ,Pacific International Airlines Inc.,6824,1,1
NEQ,North East Cargo Airlines,9475D,0,0
UN,Transaero Airlines,9475C,0,0
UN,Transaero Airlines,9475C,0,0
EU,Empresa Ecuatoriana De Avia,9337C,0,0
EU,Ecuatoriana De Aviacion,9337C,0,0
SM,Sunworld International Airlines,16853,1,4
SM,Sunworld International Airlines,6853,1,4
SM,Sunworld International Airlines,6852,1,4
FED,Federal Express Corporation,80029,7,7
FM,Federal Express Corporation,16197,3,3
FM,Federal Express Corporation,16196,3,3
FM,Federal Express Corporation,16195,3,3
FM,Federal Express Corporation,6200,3,3
FX,Federal Express Corporation,16197,3,3
FX,Federal Express Corporation,16196,3,3
FX,Federal Express Corporation,16195,3,3
FX,Federal Express Corporation,6200,3,3
HU,Northern Air Cargo Inc.,6721,1,1
NC,Northern Air Cargo Inc.,6721,1,1
NC,Northern Air Cargo Inc.,11041,1,1
XAW,Northern Air Cargo Inc.,80041,7,7
TRQ,Transwede Airways Ab,9484C,0,0
TRQ,Blue Scandinavia Ab,9484C,0,0
AUQ,Antonov Design Bureau,9488B,0,0
ADB,Antonov Company,9488B,0,0
DHQ,DHL Aero Expresso,9162D,0,0
MAV,Maverick Airways,38263,1,6
GDW,Golden West Airlines Inc.,38262,1,6
CJQ,Air Caribbean,9259B,0,0
XC,Air Caribbean,9259B,0,0
AIC,Air Caribbean,30018,1,6
2T,Canada 3000 Airlines Ltd.,9900E,0,0
TTQ,Canada 3000 Airlines Ltd.,9900E,0,0
Q7,Sobelair,9409D,0,0
ILL,Air Illinois Inc.,30047,1,6
UX,Air Illinois Inc.,6013,1,1
UX,Air Europa,9482A,0,0
UXQ,Air Europa,9482A,0,0
UX,Air Europa,9482A,0,0
DE,Condor Flugdienst,9429A,0,0
DFQ,Condor Flugdienst,9429A,0,0
LU,Air Atlantic Dominicana,9224J,0,0
MTX,Mountain Air Express,38264,1,6
EVQ,Aeroejecutivo S.A.,9148H,0,0
SX,Aeroejecutivo S.A.,9148H,0,0
H2,City Bird,9409E,0,0
PNQ,Panagra Airways,16768,1,1
PNQ,Panagra Airways,6768,1,1
PNQ,Panagra Airways,6767,1,1
GKQ,Laker Airways,90045,0,0
7Z,Lb Limited,9204B,0,0
7Z,Laker Airways,9204B,0,0
MT,Flying Colours Airlines Ltd.,9493Q,0,0
1I,Sky Trek International Airlines,16792,1,1
1I,Sky Trek International Airlines,6802,1,1
1I,Sky Trek International Airlines,6799,1,1
MNA,M & N Aviation,38267,1,6
JMA,Jim Air Inc.,38266,1,6
CCD,Cascade Airways Inc.,30312,1,6
CZ,Cascade Airways Inc.,6180,1,1
CZ,China Southern Airlines,9713C,0,0
B8,Caribbean Airline Company,9243B,0,0
JAQ,Jamaica Air Freighters,9243B,0,0
NET,Nacnet,38270,1,6
H5,Magadan Airlines,9770B,0,0
JK,Sunworld International Airways Inc.,6734,1,1
JK,Spanair S.A.,9482C,0,0
JK,Spanair S.A.,9482C,0,0
CC,Air Atlanta Inc.,6009,1,1
CC,Air Atlanta Icelandic,9439B,0,0
AUX,Austin Express Inc.,38271,1,6
8N,Flagship Airlines Inc.,6205,2,2
FGS,Flagship Airlines Inc.,38207,1,6
KP,Kiwi International,6220,2,2
KP,Kiwi International,6220,1,1
TX,Transportes Aereos Nacional,9131B,0,0
OG,Air Guadeloupe,9235A,0,0
TX,Soc.Nouvelle Air Guadeloupe,9235A,0,0
SPQ,Sun Pacific International,16797,1,4
SPQ,Sun Pacific International,6797,1,4
SPQ,Sun Pacific International,6796,1,4
SPQ,Sun Pacific International,16797,1,1
SPQ,Sun Pacific International,6797,1,1
T9,TransMeridian Airlines,16886,1,4
T9,TransMeridian Airlines,6886,1,4
T9,TransMeridian Airlines,6885,1,4
T9,TransMeridian Airlines,16886,1,1
T9,TransMeridian Airlines,6886,1,1
MP,Martinair Holland N.V.,9461B,0,0
MSQ,Martinair Holland N.V.,9461B,0,0
PRQ,Florida West Airlines Inc.,16198,1,4
PRQ,Florida West Airlines Inc.,6746,1,4
PRQ,Florida West Airlines Inc.,6747,1,4
PRQ,Florida West Airlines Inc.,16198,2,2
PRQ,Florida West Airlines Inc.,6747,2,2
PRQ,Florida West Airlines Inc.,16198,1,1
PRQ,Florida West Airlines Inc.,6746,1,1
PRQ,Florida West Airlines Inc.,6747,1,1
PRQ,Florida West Airlines Inc.,16198,1,1
PRQ,Florida West Airlines Inc.,6747,1,1
HQQ,Harlequin Air Corporation,9736H,0,0
JH,Amerijet International,16052,1,1
JH,Amerijet International,6052,1,1
JH,Amerijet International,6051,1,1
M6,Amerijet International,16052,2,2
M6,Amerijet International,6052,2,2
M6,Amerijet International,16052,1,1
M6,Amerijet International,6052,1,1
6A,Aviacsa Airlines,9148R,0,0
ET,Ethiopian Airlines,9522A,0,0
BGQ,Airbus Transport Internat'l,9427J,0,0
LV,Linea Aeropostal Venezolana,9388H,0,0
VH,Aeropostal Alas De Venezuel,9388H,0,0
M3,ABSA-Aerolinhas Brasileiras,9316E,0,0
SO,Swiss World Airways,9486C,0,0
AVC,Av Center Inc.,38272,1,6
XPA,Express Air d/b/a Sunrise,38273,1,6
BN,Braniff Inc.,12120,3,3
BN,Braniff Inc.,2120,3,3
BN,Britannia Airways GmbH,9429F,0,0
TN,Air Tahiti Nui,9823A,0,0
LXQ,Translux Intl Airlines,9454C,0,0
ZA,Accessair Holdings,6000,1,1
5G,Queen Air,9224K,0,0
GFQ,Gulf And Caribbean Cargo,16565,1,4
GFQ,Gulf And Caribbean Cargo,6565,1,4
GFQ,Gulf And Caribbean Cargo,6564,1,4
GFQ,Gulf And Caribbean Cargo,16565,1,1
GFQ,Gulf And Caribbean Cargo,6565,1,1
GFQ,Gulf And Caribbean Cargo,6564,1,1
GFQ,Gulf And Caribbean Cargo,16565,1,4
GFQ,Gulf And Caribbean Cargo,6565,1,4
GFQ,Gulf And Caribbean Cargo,6564,1,4
GFQ,Gulf And Caribbean Cargo,16565,1,1
GFQ,Gulf And Caribbean Cargo,6565,1,1
JJ,Transportes Aeros Meridiona,9316F,0,0
W9,Eastwind Airlines Inc.,6290,1,4
W9,Eastwind Airlines Inc.,6290,1,1
L2,Lynden Air Cargo Airlines,6699,1,4
L2,Lynden Air Cargo Airlines,6699,2,2
L2,Lynden Air Cargo Airlines,11040,2,2
L2,Lynden Air Cargo Airlines,6699,1,1
L2,Lynden Air Cargo Airlines,11040,1,1
L2,Lynden Air Cargo Airlines,6699,1,1
L2,Lynden Air Cargo Airlines,11040,1,1
MES,Mesaba Airlines,30546,1,6
XJ,Mesaba Airlines,6692,2,2
XJ,Mesaba Airlines,6692,1,1
NI,American International Airways Inc.,16042,1,1
NI,American International Airways Inc.,6043,1,1
NI,American International Airways Inc.,6042,1,1
NI,Lanica,90086,0,0
CDQ,Kitty Hawk International,16191,2,2
CDQ,Kitty Hawk International,6191,2,2
CDQ,Connie Kalitta Services,16191,1,4
CDQ,Connie Kalitta Services,6191,1,4
CDQ,American International Airways Inc.,16191,1,1
CDQ,American International Airways Inc.,6191,1,1
AIK,Air Ketchum Idaho Inc.,38276,1,6
LG,Luxair,9454B,0,0
N7,National Airlines,6737,2,2
PFQ,Asia Pacific,16070,1,4
PFQ,Asia Pacific,6070,1,4
PFQ,Asia Pacific,6069,1,4
PFQ,Asia Pacific,16070,1,1
PFQ,Asia Pacific,6070,1,1
LOQ,Lorair Ltd.,16698,1,1
LOQ,Lorair Ltd.,6698,1,1
6B,Britannia Airways A.B.,9484E,0,0
6B,TUIfly Nordic A.B.,9484E,0,0
TIE,Trans International Express,38280,1,6
MJ,Lapa-Lineas Aereas Privadas,9303F,0,0
OK,Czechoslovak Airlines,9417A,0,0
OK,Czech Airlines,9418A,0,0
OK,Czechoslovak Airlines,9417A,0,0
NOQ,Novair Airlines Ab,9484F,0,0
JO,Jalways Co. Ltd.,9736I,0,0
NB,Sterling Cargo,9419E,0,0
LP,The Hawaii Express Inc.,6870,1,1
LP,Lan Peru Airlines,9368E,0,0
N6,Aero Continente,9368F,0,0
9S,Southern Air Inc.,16841,2,2
9S,Southern Air Inc.,6841,2,2
9S,Southern Air Inc.,16841,1,1
9S,Southern Air Inc.,6841,1,1
9S,Southern Air Inc.,6840,1,1
FNQ,Fine Airlines Inc.,16451,2,2
FNQ,Fine Airlines Inc.,6451,2,2
FNQ,Fine Airlines Inc.,6450,1,4
FNQ,Fine Airlines Inc.,16451,1,1
FNQ,Fine Airlines Inc.,6451,1,1
NJ,Vanguard Airlines Inc.,6914,2,2
NJ,Vanguard Airlines Inc.,6914,1,1
GR,Gemini Air Cargo Airways,16510,2,2
GR,Gemini Air Cargo Airways,6510,2,2
GR,Gemini Air Cargo Airways,16510,1,1
GR,Gemini Air Cargo Airways,6510,1,1
JW,Arrow Air Inc.,16061,2,2
JW,Arrow Air Inc.,6061,2,2
JW,Arrow Air Inc.,16061,1,1
JW,Arrow Air Inc.,6061,1,1
JW,Arrow Air Inc.,6060,1,1
WI,Tradewinds Airlines,16884,1,4
WI,Tradewinds Airlines,6884,1,4
WI,Tradewinds Airlines,6882,1,4
WI,Tradewinds Airlines,16884,1,1
WI,Tradewinds Airlines,6884,1,1
WI,Tradewinds Airlines,16884,1,4
WI,Tradewinds Airlines,6884,1,4
WI,Sky Lease Cargo,16884,1,1
WI,Sky Lease Cargo,6884,1,1
KM,Air Malta,9456A,0,0
CSN,Casino Airlines,38268,1,1
CSA,Casino Airlines,38288,1,6
FRW,Farwest Airlines,38289,1,6
5C,C.A.L Cargo Airlines,9636B,0,0
AMQ,Ameristar Air Cargo,16057,1,4
AMQ,Ameristar Air Cargo,6815,1,4
AMQ,Ameristar Air Cargo,6055,1,4
C8,Chicago Express Airlines,6166,1,6
CGE,Chicago Express Airlines,38240,1,6
FCQ,Falcon Air Express,16400,1,1
FCQ,Falcon Air Express,6400,1,1
FCQ,Falcon Air Express,16400,1,4
FCQ,Falcon Air Express,6400,1,4
FCQ,Falcon Air Express,6399,1,4
FCQ,Falcon Air Express,16400,1,1
FCQ,Falcon Air Express,6400,1,1
FCQ,Falcon Air Express,6399,1,1
FCQ,Falcon Air Express,16400,1,4
FCQ,Falcon Air Express,6400,1,4
FCQ,Falcon Air Express,6399,1,4
MG,MGM Grand Air Inc.,16729,1,1
MG,MGM Grand Air Inc.,6729,1,1
MG,Champion Air,16729,2,2
MG,Champion Air,6729,2,2
MG,Champion Air,16729,1,1
MG,Champion Air,6729,1,1
OV,Aeromaritime,9427F,0,0
QK,Aeromaritime,9427F,0,0
QK,Air Nova,9900G,0,0
QK,Air Canada Regional,9900G,0,0
QK,Jazz Aviation LP,9900G,0,0
CXQ,Casino Express,16144,1,4
CXQ,Casino Express,6144,1,4
CXQ,Casino Express,6143,1,4
XP,Casino Express,11034,1,1
XP,Casino Express,6144,1,1
XP,Casino Express,6144,1,4
XP,Casino Express,6143,1,4
XP,XTRA Airways,11034,1,1
XP,XTRA Airways,6144,1,1
TQQ,Taca Peru,9368G,0,0
NQ,Air Japan Co,9736J,0,0
PBQ,Privatair,9486E,0,0
TW,Trans World Airways LLC,16760,3,3
TW,Trans World Airways LLC,6757,3,3
TW,Trans World Airlines Inc.,10847,3,3
TW,Trans World Airlines Inc.,10845,3,3
TW,Trans World Airlines Inc.,0A845,3,3
SUX,Sunair Express LLC,38295,1,6
POQ,Polyot Airlines,9475E,0,0
AD,Avia Leasing Company,9475F,0,0
IW,Best Airlines Inc.,6095,1,1
IJ,Air Liberte Aka Aom Minerve,9427D,0,0
IW,Aom Minerve S.A.,9427D,0,0
IW,Air Liberte Aka Aom Minerve,9427D,0,0
MVQ,Aom Minerve S.A.,9427D,0,0
AEX,Air Excursions LLC,38294,1,6
AEX,Air Excursions LLC,6963,1,6
JKQ,Express One International Inc.,16681,1,4
JKQ,Express One International Inc.,6682,1,4
JKQ,Express One International Inc.,6681,1,4
JKQ,Express One International Inc.,16681,2,2
JKQ,Express One International Inc.,6682,2,2
JKQ,Express One International Inc.,16681,1,1
JKQ,Express One International Inc.,6682,1,1
JKQ,Express One International Inc.,6681,1,1
VLA,Village Aviation,38092,1,5
VLA,Village Aviation,6991,1,5
A7,Air 21,6036,1,1
2Z,Air Comet S.A.,9482E,0,0
A7,Air Comet S.A.,9482E,0,0
E7,Estafeta Carga Aereas,9148U,0,0
FSA,F.S. Air Service,38215,1,5
FSA,F.S. Air Service,6936,1,5
KAT,Katmai Air,38247,1,5
KAT,Katmai Air,6980,1,5
PNA,Peninsula Airways Inc.,37626,1,5
PNA,Peninsula Airways Inc.,6975,1,5
KS,Peninsula Airways Inc.,6975,1,5
SNK,Spernak Airways Inc.,38285,1,5
SNK,Spernak Airways Inc.,6970,1,5
V4,Vensecar International,9388M,0,0
WS,Suncoast Airlines Inc.,16793,1,1
WS,Suncoast Airlines Inc.,6793,1,1
WS,Suncoast Airlines Inc.,6792,1,1
WS,Westjet,9900Y,0,0
ZE,Lineas Aereas Azteca,9148V,0,0
K8,Dutch Caribbean Airlines,9259A,0,0
LM,Alm Antillean Airlines,9259A,0,0
A2,Cielos De Peru,9368H,0,0
LX,Swiss International Airlines,9486G,0,0
8R,Edelweiss Air Ag,9486F,0,0
4S,Conner Air Lines Inc.,16190,1,1
4S,Conner Air Lines Inc.,6189,1,1
CRQ,Conner Air Lines Inc.,16189,1,1
CRQ,Conner Air Lines Inc.,6188,1,1
XAN,Conner Air Lines Inc.,80024,7,7
4S,Sol Air (Aero Hunduras),9131D,0,0
9N,Trans States Airlines,6904,2,2
AX,Trans States Airlines,6904,2,2
AX,Trans States Airlines,6904,1,5
RAI,Trans States Airlines,38011,1,6
A4,Southern Wind Airlines,9303G,0,0
CEQ,All Canada Express,99002,0,0
SNB,Ccair,37803,1,6
SNB,Ccair,6818,1,6
ASW,Sunrise Airlines Inc.,6847,1,6
ASW,Scenic Airlines,38185,1,6
NXQ,North Vancouver Air,7900F,0,0
J7,Valujet Airlines Inc.,06917 (1),2,2
POA,Potomac Air,38291,1,6
POA,Potomac Air,6917,1,6
TRI,Great Plains Airlines Inc.,30856,1,6
TRI,Great Plains Airlines Inc.,6669,1,6
ACJ,Atlantic Coast Jet Inc.,38286,1,6
ACJ,Atlantic Coast Jet Inc.,6955,1,6
EWA,Rio Grande Air,38278,1,6
EWA,Rio Grande Air,6829,1,6
8F,Wilburs Inc.,06925 (1),1,1
WLB,Wilburs Inc.,38049,1,6
NVX,Nevis Express,38284,1,6
NVX,Nevis Express,6925,1,6
5D,Aerolitoral,9148W,0,0
OE,Westair Airlines Inc.,06920 (1),2,2
STL,Westair Airlines Inc.,30784,1,6
9J,Pacific Island Aviation,6920,1,6
PAV,Pacific Island Aviation,38216,1,6
9K,Cape Air,7021,1,6
CPE,Cape Air,38163,1,6
9L,Colgan Air,7018,1,6
9L,Colgan Air,7018,1,1
9L,Colgan Air,7018,2,2
NCP,Colgan Air,38211,1,6
9M,Central Mountain Air,7900C,0,0
ARZ,Arizona Airways,38222,1,6
CH,Bemidji Airlines,6954,1,6
BMJ,Bemidji Airlines,37976,1,6
BMJ,Bemidji Airlines,6954,1,6
BSA,Big Sky Airlines Inc.,37749,1,5
BSA,Big Sky Airlines Inc.,6953,1,5
GQ,Big Sky Airlines Inc.,6953,1,5
E72,European Aviation Air Charter,9493S,0,0
WLQ,Worldwide Airlines Inc.,16941,1,1
WLQ,Worldwide Airlines Inc.,6941,1,1
WLQ,Worldwide Airlines Inc.,06940 (1),1,1
ELL,Ellis Air Taxi Inc.,38034,1,9
ELL,Ellis Air Taxi Inc.,6940,1,9
UR,Empire Airlines Inc.,6712,2,2
EM,Empire Airlines Inc.,16300,1,1
EM,Empire Airlines Inc.,6300,1,1
EM,Empire Airlines Inc.,6299,1,1
EPA,Empire Airlines Inc.,38032,1,6
EM,Empire Airlines Inc.,6299,1,5
EMP,Empire Airlines Inc.,30410,1,6
F8,Freedom Airlines d/b/a HP Expr,6977,1,1
F8,Freedom Airlines d/b/a HP Expr,6977,1,5
GBQ,G5 Executive Ag,9486H,0,0
GCH,Grand Canyon Helicopters,38025,1,6
GCH,Grand Canyon Helicopters,6933,1,6
GSQ,Global Supply System,9493R,0,0
HRZ,Allegheny Airlines,30627,1,6
HRZ,Allegheny Airlines,6958,1,6
JB,Helijet International Inc.,7900D,0,0
JB,Helijet International Inc.,7900D,0,0
WNQ,Winair Inc.,16927,1,1
WNQ,Winair Inc.,06927 (1),1,1
KAH,Kenmore Air Harbor,38083,1,6
KAH,Kenmore Air Harbor,6927,1,6
NEW,New England Airlines Inc.,30608,1,6
NEW,New England Airlines Inc.,6924,1,6
NWS,Northwest Seaplanes,38241,1,6
NWS,Northwest Seaplanes,6923,1,6
OZ,Ozark Air Lines Inc.,2625,3,3
OZA,Ozark Air Lines Inc.,6894,1,6
OZA,Ozark Air Lines Inc.,38283,1,6
OZ,Asiana Airlines Inc.,9778B,0,0
RNQ,Mytravel Airways,9493P,0,0
RNQ,Airtours International Airways,9493P,0,0
RSV,Air-Serve,38290,1,5
RSV,Air-Serve,6959,1,5
SEB,Seaborne Aviation,38261,1,6
SEB,Seaborne Aviation,6819,1,6
S6,Mountain Bird/Salmon Air,6926,1,6
SLA,Mountain Bird/Salmon Air,6926,1,6
SLA,Mountain Bird/Salmon Air,38296,1,6
SMO,Samoa Aviation Inc.,38156,1,6
SMO,Samoa Aviation Inc.,6913,1,6
XBD,Trans Continental Airlines,80051,7,7
YB,Trans Continental Airlines,16903,1,1
YB,Trans Continental Airlines,06903 (1),1,1
YB,Trans Continental Airlines,06902 (1),1,1
TCQ,Trans Continental Airlines,16896,1,4
TCQ,Trans Continental Airlines,6896,1,4
TCQ,Trans Continental Airlines,6895,1,4
TCQ,Trans Continental Airlines,16896,1,1
TCQ,Trans Continental Airlines,6896,1,1
TCQ,Express.Net Airlines,16896,1,1
TCQ,Express.Net Airlines,6896,1,1
WRD,Ward Air,6902,1,9
VQ,Vintage Props & Jets Inc.,6903,1,6
VPJ,Vintage Props & Jets Inc.,6903,1,6
PRV,Aloha Island Air,37920,1,6
WP,Island Air Hawaii,6957,1,1
WP,Island Air Hawaii,6957,1,5
WP,Island Air Hawaii,6957,1,1
WP,Aloha Island Air,6957,1,6
TFQ,Trans International Airlines Inc.,16901,1,1
TFQ,Trans International Airlines Inc.,06901 (1),1,1
TFQ,Trans International Airlines Inc.,6900,1,1
WST,Friday Harbor Seaplanes,6901,1,6
WST,West Isle Air,38178,1,6
WST,West Isle Air,6901,1,6
VIA,Air St. Thomas,30876,1,6
ZP,Air St. Thomas,6961,1,6
AMW,Air Midwest Inc.,30075,1,6
AMW,Air Midwest Inc.,6962,1,6
ZV,Air Midwest Inc.,7015,1,1
ZV,Air Midwest Inc.,6962,1,6
ZX,Airbc Ltd.,9900H,0,0
ZX,Air Georgian,7900L,0,0
SG,Jetsgo,7900A,0,0
ML,Midway Airlines Inc.,16716,2,2
ML,Midway Airlines Inc.,6716,2,2
ML,Aero Costa Rica,9110C,0,0
JI,Midway Airlines Inc.,6693,1,5
JI,Midway Airlines Inc.,6693,2,2
JX,Jes Air Ltd.,9411A,0,0
JX,Sun Jet International Inc.,6850,1,4
JX,Southeast Airlines,6850,1,4
JX,Southeast Airlines,6850,1,1
LW,Pacific Wings Airlines,7020,1,6
ANE,Pacific Wings Airlines,37807,1,6
ANE,Pacific Wings Airlines,7020,1,6
KR,Kar-Air Oy,90063,0,0
KR,Kitty Hawk Aircargo,16688,2,2
KR,Kitty Hawk Aircargo,6688,2,2
KR,Kitty Hawk Aircargo,16688,1,1
KR,Kitty Hawk Aircargo,6688,1,1
KR,Kitty Hawk Aircargo,6687,1,1
KR,Kitty Hawk Aircargo,16688,1,1
KR,Kitty Hawk Aircargo,6688,1,1
NLQ,Nolinor Aviation,9900Z,0,0
OO,SkyWest Airlines Inc.,6700,2,2
OO,SkyWest Airlines Inc.,11025,3,3
OO,SkyWest Airlines Inc.,6700,3,3
SEA,SkyWest Airlines Inc.,30757,1,6
SEA,SkyWest Airlines Inc.,6700,1,6
PCQ,Pace Airlines,16765,1,4
PCQ,Pace Airlines,6765,1,4
PCQ,Pace Airlines,6764,1,4
PCQ,Pace Airlines,16765,1,1
PCQ,Pace Airlines,6765,1,1
PCQ,Pace Airlines,6764,1,1
VV,Challenge Air Transport Inc.,16182,1,1
VV,Challenge Air Transport Inc.,6184,1,1
VV,Challenge Air Transport Inc.,6183,1,1
XAL,Challenge Air Transport Inc.,80019,7,7
VV,Challenge Air International Inc.,16181,1,1
VV,Challenge Air International Inc.,6182,1,1
VV,Challenge Air International Inc.,6181,1,1
C2,Challenge Air Cargo Inc.,16180,1,1
C2,Challenge Air Cargo Inc.,6179,1,1
C2,Challenge Air Cargo Inc.,6178,1,1
WE,Centurion Cargo Inc.,16180,1,1
WE,Centurion Cargo Inc.,16180,1,4
WE,Centurion Cargo Inc.,16180,2,2
WE,Centurion Cargo Inc.,16180,2,2
VV,Aerosvit Ukranian Airlines,9488C,0,0
K8,"Caribbean Sun Airlines, Inc. d/b/a World Atlantic Airlines",16076,1,4
K8,"Caribbean Sun Airlines, Inc. d/b/a World Atlantic Airlines",6077,1,4
K8,"Caribbean Sun Airlines, Inc. d/b/a World Atlantic Airlines",6076,1,4
K8,"Caribbean Sun Airlines, Inc. d/b/a World Atlantic Airlines",16076,1,1
K8,"Caribbean Sun Airlines, Inc. d/b/a World Atlantic Airlines",6076,1,1
ZQ,Caribbean Sun Airlines,16076,1,4
ZQ,Caribbean Sun Airlines,6077,1,4
ZQ,Caribbean Sun Airlines,6076,1,4
JCQ,Jet Connection Businessflight Ag,9429G,0,0
TZ,ATA Airlines d/b/a ATA,16056,2,2
TZ,ATA Airlines d/b/a ATA,6048,2,2
TZ,ATA Airlines d/b/a ATA,16056,3,3
TZ,ATA Airlines d/b/a ATA,6048,3,3
TZ,American Trans Air Inc.,16056,3,3
TZ,American Trans Air Inc.,6048,3,3
TZ,American Trans Air Inc.,16056,2,2
TZ,American Trans Air Inc.,16055,2,2
TZ,American Trans Air Inc.,6048,2,2
TZ,American Trans Air Inc.,6047,2,2
W8,Cargojet Logistics,9900W,0,0
W8,Cargojet Airways Ltd.,9900W,0,0
WOQ,Winnport Logistics,9900W,0,0
YX,Midwest Express Airlines,6706,2,2
YX,Midwest Express Airlines,6706,1,1
YX,"Midwest Airline, Inc.",6706,2,2
7G,Bellair Inc.,6993,1,5
BEL,Bellair Inc.,6993,1,5
BEL,Bellair Inc.,37930,1,4
5B,Bellair Inc.,6093,1,1
7G,MK Airlines Ltd.,9529B,0,0
4B,Olson Air Service,6976,1,5
OAS,Olson Air Service,38126,1,5
OAS,Olson Air Service,6976,1,5
2E,Smokey Bay Air Inc.,6971,1,5
SKB,Smokey Bay Air Inc.,38287,1,5
SKB,Smokey Bay Air Inc.,6971,1,5
2F,Frontier Flying Service,6987,1,5
FFS,Frontier Flying Service,80031,7,7
FFS,Frontier Flying Service,30449,1,5
FFS,Frontier Flying Service,6987,1,5
4E,British Airtours Limited,90022,0,0
4E,Tanana Air Service,6969,1,5
TAN,Tanana Air Service,6969,1,5
TAN,Tanana Air Service,38039,1,4
4EQ,Tanana Air Service,6969,1,5
4W,Warbelow,6967,1,5
WAL,Warbelow,6967,1,5
4Y,Yute Air Aka Flight Alaska,6964,1,5
YUT,Yute Air Aka Flight Alaska,6964,1,5
5F,Arctic Circle Air Service,6996,1,5
ASE,Arctic Circle Air Service,38045,1,5
ASE,Arctic Circle Air Service,6996,1,5
6C,Cape Smythe Air Service,6990,1,5
CSY,Cape Smythe Air Service,37796,1,5
CSY,Cape Smythe Air Service,6990,1,5
7H,Era Aviation,6989,1,5
ERA,Era Aviation,6989,1,5
ERA,Era Aviation,38009,1,5
7N,Inland Aviation Services,6982,1,5
INL,Inland Aviation Services,38282,1,5
INL,Inland Aviation Services,6982,1,5
7S,Skystar International Inc.,16713,1,1
7S,Skystar International Inc.,6801,1,1
7S,Skystar International Inc.,6800,1,1
7S,Arctic Transportation,6995,1,5
RYA,Arctic Transportation,38017,1,5
RYA,Arctic Transportation,6995,1,5
8E,Bering Air Inc.,6992,1,5
BER,Bering Air Inc.,38053,1,5
BER,Bering Air Inc.,6992,1,5
8Q,Baker Aviation Inc.,6994,1,5
BKR,Baker Aviation Inc.,38036,1,5
BKR,Baker Aviation Inc.,6994,1,5
WAS,Wright Air Service,38099,1,5
WAS,Wright Air Service,6965,1,5
8V,Wright Air Service,6965,1,5
MT,Thomas Cook Airlines Uk Ltd.,9493H,0,0
BRQ,Thomas Cook Airlines Uk Ltd.,9493H,0,0
BRQ,Jmc,9493H,0,0
BRQ,Caledonian Airways,9493H,0,0
E9,Boston-Maine Airways,16951,1,1
E9,Boston-Maine Airways,6951,1,1
E9,Boston-Maine Airways,16951,1,4
E9,Boston-Maine Airways,6951,1,4
E9,Boston-Maine Airways,16951,1,6
E9,Boston-Maine Airways,6951,1,6
PAM,Boston-Maine Airways,38293,1,6
PAM,Boston-Maine Airways,16951,1,6
PAM,Boston-Maine Airways,6951,1,6
H6,Hageland Aviation Service,6984,1,5
HAG,Hageland Aviation Service,38115,1,5
HAG,Hageland Aviation Service,6984,1,5
AKS,Alaska Seaplane Service,38269,1,5
AKS,Alaska Seaplane Service,6997,1,5
J5,Kalinin Aviation LLC d/b/a Alaska Seaplanes,6997,1,5
J5,Alaska Seaplane Service,6997,1,5
J6,Larrys Flying Service,6978,1,5
LFS,Larrys Flying Service,38109,1,5
LFS,Larrys Flying Service,6978,1,5
JF,L.A.B. Flying Service Inc.,6979,1,5
LAB,L.A.B. Flying Service Inc.,6979,1,5
K5,"SeaPort Airlines, Inc. d/b/a Wings of Alaska",6966,1,5
K5,Wings Of Alaska,6966,1,5
K5,"Seaport Airlines, Inc.",6966,1,5
WOA,Wings Of Alaska,6966,1,5
WOA,Wings Of Alaska,38002,1,5
KO,Alaska Central Express,6019,1,5
YTU,Alaska Central Express,38154,1,5
YTU,Alaska Central Express,6019,1,5
Q5,40-Mile Air,6999,1,5
WRB,40-Mile Air,30912,1,5
WRB,40-Mile Air,6999,1,5
RD,Airlift International Inc.,19741,1,1
RD,Airlift International Inc.,9740,1,1
RD,Airlift International Inc.,9739,1,1
RYQ,Ryan Aviation Corporation,6791,1,4
RYQ,Ryan Aviation Corporation,16700,1,4
RYQ,Ryan International Airlines,16790,2,2
RYQ,Ryan International Airlines,6790,2,2
RYQ,Ryan International Airlines,16790,1,1
RYQ,Ryan International Airlines,6790,1,1
RYQ,Ryan International Airlines,6789,1,1
RD,Ryan International Airlines,16790,2,2
RD,Ryan International Airlines,6790,2,2
RD,Ryan International Airlines,16790,1,1
RD,Ryan International Airlines,6790,1,1
RD,Ryan International Airlines,16790,2,2
RD,Ryan International Airlines,6790,2,2
RGQ,Regency Air,7900H,0,0
IAT,Iliamna Air Taxi,6983,1,5
IAT,Iliamna Air Service,30498,1,5
V8,Iliamna Air Taxi,6983,1,5
P9,Pro Air Inc.,6769,1,4
P9,Pro Air Inc.,6769,1,1
XL,Pro Air Inc.,6769,1,1
XL,Lan Ecuador,9337E,0,0
PRH,Promech,38235,1,5
PRH,Promech,6974,1,5
Z3,Promech,6974,1,5
4M,Lan Dominica,9224L,0,0
FE,Primaris Airlines Inc.,17027,1,1
FE,Primaris Airlines Inc.,7027,1,1
WAW,Westward Airways Inc.,7019,1,5
8D,"Dynamic Aviation, Inc. d/b/a Beacon",6973,1,5
8D,Servant Air Inc.,6973,1,5
SVA,Servant Air Inc.,38274,1,5
SVA,Servant Air Inc.,6973,1,5
AJQ,Aerodynamics Inc. d/b/a SkyValue d/b/a SkyValue Airways,6081,1,5
AJQ,Aerodynamics Inc.,16081,1,1
AJQ,Aerodynamics Inc.,6081,1,1
AJQ,Aerodynamics Inc.,6081,1,5
AL,USAir,2040,3,3
US,USAir,12041,3,3
US,USAir,12040,3,3
US,USAir,2040,3,3
US,US Airways Inc.,12041,3,3
US,US Airways Inc.,12040,3,3
US,US Airways Inc.,2040,3,3
US,US Airways Inc.,11007,3,3
AL,Skyway Airlines,6909,1,5
SKW,Skyway Airlines,38176,1,6
SKW,Skyway Airlines,38176,1,5
SKW,Skyway Airlines,6909,1,5
ER,DHL Airways,16171,3,3
ER,DHL Airways,6170,3,3
ER,DHL Airways,16170,3,3
ER,DHL Airways,16171,2,2
ER,DHL Airways,6170,2,2
ER,DHL Airways,16170,2,2
ER,Astar Air Cargo Inc.,16171,2,2
ER,Astar Air Cargo Inc.,6170,2,2
ER,Astar Air Cargo Inc.,16170,2,2
ER,"Astar USA, LLC",16171,2,2
ER,"Astar USA, LLC",6170,2,2
ER,"Astar USA, LLC",16170,2,2
XBW,DHL Airways,80056,7,7
GLA,Great Lakes Aviation Ltd.,37996,1,6
GLA,Great Lakes Aviation Ltd.,6932,1,6
ZK,Great Lakes Airlines,6932,1,6
ZK,Great Lakes Aviation Ltd.,6932,1,6
TBQ,Triair Bermuda Flt Operations,9493T,0,0
S4,Sata Internacional,9469D,0,0
2U,Valley Air Express Inc.,6891,1,6
CK,China Cargo Airline,9713D,0,0
9E,Pinnacle Airlines Inc.,38084,1,6
9E,Pinnacle Airlines Inc.,7024,1,6
9E,Pinnacle Airlines Inc.,11027,2,2
9E,Pinnacle Airlines Inc.,7024,2,2
9E,Endeavor Air Inc.,11027,2,2
9E,Endeavor Air Inc.,7024,2,2
REX,Express Airlines Inc.,38084,1,6
C6,Canjet Airlines,7900Q,0,0
CZQ,Aviation Concepts,16044,1,4
CZQ,Aviation Concepts,6045,1,4
CZQ,Aviation Concepts,6044,1,4
EV,ExpressJet Airlines Inc.,6085,3,3
EV,ExpressJet Airlines Inc.,16085,3,3
EV,ExpressJet Airlines Inc.,6085,2,2
EV,ExpressJet Airlines Inc.,16085,2,2
EV,Atlantic Southeast Airlines,6085,3,3
EV,Atlantic Southeast Airlines,16085,3,3
EV,Atlantic Southeast Airlines,6085,2,2
EV,Atlantic Southeast Airlines,16085,2,2
EV,Atlantic Southeast Airlines,6085,2,2
EV,Atlantic Southeast Airlines,16085,2,2
ATA,Atlantic Southeast Airlines,37780,1,6
FRA,Freedom Air,37722,1,6
FRA,Freedom Air,6934,1,6
G4,Allegiant Air,11024,3,3
G4,Allegiant Air,6035,3,3
G4,Allegiant Air,6035,1,4
G4,Allegiant Air,6035,1,1
G4,Allegiant Air,11024,2,2
G4,Allegiant Air,6035,2,2
GLQ,Allegiant Air,6035,1,1
KAQ,Kalitta Air LLC,6683,1,4
KAQ,Kalitta Air LLC,6684,1,4
KAQ,Kalitta Air LLC,16683,2,2
KAQ,Kalitta Air LLC,6683,2,2
KAQ,Kalitta Air LLC,16683,1,1
KAQ,Kalitta Air LLC,6683,1,1
KAQ,Kalitta Air LLC,16683,3,3
KAQ,Kalitta Air LLC,6683,3,3
KAQ,Kalitta Air LLC,16683,2,2
KAQ,Kalitta Air LLC,6683,2,2
RLQ,Reliant Airlines,16770 (1),1,4
RLQ,Reliant Airlines,06774 (1),1,4
RLQ,Reliant Airlines,6773,1,4
RLQ,Reliant Airlines,16770 (1),1,1
RLQ,Reliant Airlines,06774 (1),1,1
RLQ,Reliant Airlines,6773,1,1
KLQ,Kalitta Charters II,16770,1,1
KLQ,Kalitta Charters II,6774,1,1
KLQ,Kalitta Charters II,1141,1,1
KLQ,Kalitta Charters II,16770,1,4
KLQ,Kalitta Charters II,6774,1,4
KLQ,Kalitta Charters II,1141,1,4
PPQ,Propair,7900I,0,0
BRT,Britt Airways Inc.,37633,1,6
BRT,Continental Express,37633,1,5
RU,Britt Airways Inc.,6130,1,1
RU,ExpressJet Airlines Inc.,16187,3,3
RU,ExpressJet Airlines Inc.,6187,3,3
RU,ExpressJet Airlines Inc.,16187,2,2
RU,ExpressJet Airlines Inc.,6187,2,2
XE,ExpressJet Airlines Inc.,16187,3,3
XE,ExpressJet Airlines Inc.,6187,3,3
XE,ExpressJet Airlines Inc.,16187,2,2
XE,ExpressJet Airlines Inc.,6187,2,2
TZQ,First Choice Airways,9493B,0,0
TZQ,Air 2000 Limited,9493B,0,0
W4,"Mn Aviation, Inc.",7053,1,6
X9,Omni Air International LLC,16736,2,2
X9,Omni Air International LLC,6738,2,2
X9,Omni Air Express,16736,2,2
X9,Omni Air Express,6738,2,2
X9,Omni Air Express,16736,1,1
X9,Omni Air Express,6738,1,1
X9,Omni Air Express,6736,1,1
YV,Mesa Airlines Inc.,38029,1,5
YV,Mesa Airlines Inc.,6689,1,5
YV,Mesa Airlines Inc.,6689,2,2
YV,Mesa Airlines Inc.,6689,2,2
YV,Mesa Airlines Inc.,6689,3,3
YV,Mesa Airlines Inc.,11022,2,2
YV,Mesa Airlines Inc.,6689,2,2
MAS,Mesa Airlines Inc.,38029,1,6
ZKQ,Zantop International,9790,1,4
ZKQ,Zantop International,9790,1,4
ZKQ,Zantop International,9790,1,1
ZKQ,Zantop International,9790,1,1
PEQ,Prince Edward Air,7900P,0,0
PEQ,SkyLink Express Inc.,7900P,0,0
EUQ,Air Atlanta Europe,9493U,0,0
VCQ,Victory Air Transport Inc.,7025,1,4
H7,Venture Travel LLC d/b/a Taquan Air Service,6968,1,5
K3,Venture Travel LLC d/b/a Taquan Air Service,6968,1,5
TQA,Venture Travel LLC d/b/a Taquan Air Service,38292,1,5
TQA,Venture Travel LLC d/b/a Taquan Air Service,6968,1,5
PA,Pan American World Airways,10654,3,3
PA,Pan American World Airways,10653,3,3
PA,Pan American World Airways,10652,3,3
PA,Pan American World Airways,1656,3,3
OP,Air Panama Internacional,9162B,0,0
OP,Pan American World Airways,6766,1,1
PA,Pan American World Airways,16766,1,1
PA,Pan American World Airways,6766,1,1
PA,Pan American World Airways,16752,1,4
PA,Pan American World Airways,6752,1,4
PA,Pan American World Airways,6749,1,4
PN,Pan American Airways Corp.,16752,1,1
PN,Pan American Airways Corp.,16749,1,1
PN,Pan American Airways Corp.,6752,1,1
PN,Pan American Airways Corp.,6749,1,1
OGZ,Flying Boat Inc.,30332,1,6
OP,Flying Boat Inc.,6935,1,6
PA,Florida Coastal Airlines,7016,1,6
4T,Belair Airlines Ltd.,9486I,0,0
6H,Israir Airlines,9636C,0,0
EK,Emirates,9678A,0,0
HQ,Business Express,6140,2,2
HQ,Hmy Airways Inc.,7900K,0,0
HQ,Harmony Airways,7900K,0,0
MM,Sociedad Aeronautica De Med,9327E,0,0
MM,Euro Atlantic Airways,9469C,0,0
16,PSA Airlines Inc.,7028,1,1
16,PSA Airlines Inc.,11030,2,2
16,PSA Airlines Inc.,7028,2,2
OH,PSA Airlines Inc.,11030,2,2
OH,PSA Airlines Inc.,7028,2,2
VEE,PSA Airlines Inc.,37884,1,6
VEE,PSA Airlines Inc.,7028,1,6
MQ,Simmons Airlines,6820,2,2
MQ,American Eagle Airlines Inc.,16820,3,3
MQ,American Eagle Airlines Inc.,6820,3,3
MQ,American Eagle Airlines Inc.,6820,2,2
MQ,Envoy Air,16820,3,3
MQ,Envoy Air,6820,3,3
SIM,Simmons Airlines,37775,1,6
PLQ,Planet Airways,16777,1,4
PLQ,Planet Airways,16776,1,4
PLQ,Planet Airways,6777,1,4
PLQ,Planet Airways,6776,1,4
CCQ,Capital Cargo International,16165,1,4
CCQ,Capital Cargo International,6165,1,4
CCQ,Capital Cargo International,6164,1,4
CCQ,Capital Cargo International,16165,1,1
CCQ,Capital Cargo International,6165,1,1
PT,Capital Cargo International,16165,1,1
PT,Capital Cargo International,6165,1,1
3M,Silver Airways,6888,1,6
3M,Gulfstream Int,6888,1,6
GLF,Gulfstream Int,38191,1,6
GLF,Gulfstream Int,6888,1,6
GL,Miami Air International,6690,1,1
GL,Miami Air International,16690,1,1
GL,Miami Air International,6690,2,2
GL,Miami Air International,16690,2,2
MMQ,Miami Air International,6690,1,4
MMQ,Miami Air International,16690,1,4
MMQ,Miami Air International,6691,1,4
MMQ,Miami Air International,6690,1,1
MMQ,Miami Air International,16690,1,1
DH,Discovery Airways Inc.,6194,2,2
ATD,Atlantic Coast Airlines,38219,1,6
ATD,Atlantic Coast Airlines,6956,1,6
DH,Independence Air,6956,2,2
DH,Atlantic Coast Airlines,6956,1,6
DH,Atlantic Coast Airlines,6956,2,2
N8,National Air Cargo Group Inc d/ba National Airlines,11049,1,1
N8,National Air Cargo Group Inc d/ba National Airlines,7029,1,1
MRQ,Murray Air,7029,1,4
MRQ,"National Air Cargo Group, Inc. d/b/a Murray Air",7029,1,1
MRQ,"National Air Cargo Group, Inc. d/b/a Murray Air",7029,1,4
BNQ,NetJets Large Aircraft Company L.L.C.,17022,1,4
BNQ,NetJets Large Aircraft Company L.L.C.,7022,1,4
BNQ,NetJets Large Aircraft Company L.L.C.,6041,1,4
BNQ,BNJ Charter Company,17022,1,4
BNQ,BNJ Charter Company,7022,1,4
BNQ,BNJ Charter Company,6041,1,4
3C,"Regions Air, Inc.",6943,1,6
3C,Corporate Airlines,6943,1,6
CEA,Corporate Airlines,38265,1,6
5V,Tatonduk Outfitters Limited d/b/a Everts Air Alaska and Everts Air Cargo,6860,1,1
3K,Tatonduk Outfitters Limited d/b/a Tatonduk Flying Service,6860,1,4
3K,Tatonduk Outfitters Limited d/b/a Tatonduk Flying Service,6860,1,1
3Z,Tatonduk Outfitters Limited d/b/a Everts Air Alaska and Everts Air Cargo,6860,1,1
TTD,Tatonduk Outfitters Limited d/b/a Tatonduk Flying Service,38125,1,5
B6,JetBlue Airways,16673,3,3
B6,JetBlue Airways,6673,3,3
B6,JetBlue Airways,16673,2,2
B6,JetBlue Airways,6673,2,2
CSQ,Celtic Tech Jet Ltd.,7900M,0,0
AZE,Arizona Express,6899,1,6
K7,Arizona Express,6899,1,6
N5,Nations Air Express Inc.,6733,1,1
7J,Skagway Air Service,6972,1,5
N5,Skagway Air Service,6972,1,5
SKG,Skagway Air Service,38148,1,5
SKG,Skagway Air Service,6972,1,5
EXT,Executive Air Charter,38076,1,6
NA,Executive Airlines,16194,2,2
NA,Executive Airlines,6196,2,2
OW,Executive Airlines,16194,2,2
OW,Executive Airlines,6196,2,2
NA,North American Airlines,16730,2,2
NA,North American Airlines,6730,2,2
XG,North American Airlines,16730,2,2
XG,North American Airlines,6730,2,2
XG,North American Airlines,16730,1,1
XG,North American Airlines,6730,1,1
NK,Spirit Air Lines,6830,2,2
NK,Spirit Air Lines,16831,2,2
NK,Spirit Air Lines,6830,1,1
NK,Spirit Air Lines,6830,3,3
NK,Spirit Air Lines,16831,3,3
CMI,Comair Inc.,37671,1,6
OH,Comair Inc.,11026,2,2
OH,Comair Inc.,6186,2,2
OH,Comair Inc.,6186,3,3
OH,Comair Inc.,6186,2,2
CHA,Chautauqua Airlines Inc.,30338,1,6
CHA,Chautauqua Airlines Inc.,6947,1,6
RP,Chautauqua Airlines Inc.,11035,2,2
RP,Chautauqua Airlines Inc.,6947,2,2
RP,Chautauqua Airlines Inc.,6947,1,6
RL,Aerolineas Nicaraguenses,9153A,0,0
RL,UltrAir,16038,1,1
RL,UltrAir,06038 (1),1,1
RL,UltrAir,6037,1,1
RL,Airline Of The Americas,16038,1,1
RL,Airline Of The Americas,06038 (1),1,1
RL,Airline Of The Americas,6037,1,1
SLQ,Sky King Inc.,16039,1,1
SLQ,Sky King Inc.,6039,1,1
SLQ,Sky King Inc.,6038,1,1
SLQ,Sky King Inc.,16039,1,4
SLQ,Sky King Inc.,6039,1,4
SLQ,Sky King Inc.,6038,1,4
SLQ,Sky King Inc.,16039,1,1
SLQ,Sky King Inc.,6039,1,1
SLQ,Sky King Inc.,16039,1,4
SLQ,Sky King Inc.,6039,1,4
SLQ,Sky King Inc.,6038,1,4
SY,Sun Country Airlines d/b/a MN Airlines,16795,2,2
SY,Sun Country Airlines d/b/a MN Airlines,6795,2,2
SY,Sun Country Airlines,16795,2,2
SY,Sun Country Airlines,6795,2,2
SY,Sun Country Airlines,16795,1,1
SY,Sun Country Airlines,16795,1,1
SY,Sun Country Airlines,6795,1,1
SYQ,Sun Country Airlines,16795,1,1
SYQ,Sun Country Airlines,6795,1,1
SYQ,Sun Country Airlines,6794,1,1
U5,USA 3000 Airlines,16921,2,2
U5,USA 3000 Airlines,6921,2,2
U5,USA 3000 Airlines,16921,1,1
U5,USA 3000 Airlines,6921,1,1
USQ,USA 3000 Airlines,16921,1,1
USQ,USA 3000 Airlines,6921,1,1
EGC,Eagle Canyon Airlines d/b/a Scenic Airlines,6942,1,6
EGC,Eagle Canyon Airlines,38257,1,6
YR,Scenic Airlines Inc. d/b/a Scenic Airlines,6942,1,6
YR,Eagle Canyon Airlines d/b/a Scenic Airlines,6942,1,6
YR,"Grand Canyon Airlines, Inc. d/b/a Grand Canyon Airlines d/b/a Scenic Airlines",6942,1,6
VIQ,Viscount Air Service Inc.,16919,1,1
VIQ,Viscount Air Service Inc.,6919,1,1
VIQ,Viscount Air Service Inc.,06918 (1),1,1
VAL,Vieques Air Link Inc.,30890,1,6
VI,Vieques Air Link Inc.,7023,1,6
17,Piedmont Airlines,6918,1,6
PT,Piedmont Airlines,6918,1,6
HNA,Piedmont Airlines,30491,1,6
HNA,Piedmont Airlines,6918,1,6
VI,Volga-Dnepr Airlines,9475B,0,0
VIQ,Volga-Dnepr Airlines,9475B,0,0
AVQ,Aero Laguna S.A. De C.V.,91482,0,0
AYQ,Aerodan S.A. De C.V.,91484,0,0
BAQ,Aero Rentas De Coahuila S.A. De C.V.,7148B,0,0
BDQ,Aerotaxis De Aguascalientes S.A. De C.V.,7148C,0,0
BIQ,Servicios Aeronauticos Z S.A. De C.V.,7148D,0,0
BJQ,Taxirey S.A. De C.V.,7148E,0,0
FL,Frontier Airlines Inc.,2330,2,2
F9,Frontier Airlines Inc.,16461,3,3
F9,Frontier Airlines Inc.,6460,3,3
F9,Frontier Airlines Inc.,16461,2,2
F9,Frontier Airlines Inc.,16460,2,2
F9,Frontier Airlines Inc.,6460,2,2
F9,Frontier Airlines Inc.,6460,1,1
FL,AirTran Airways Corporation,16030,2,2
FL,AirTran Airways Corporation,6030,2,2
FL,AirTran Airways Corporation,6030,1,1
FL,AirTran Airways Corporation,16030,3,3
FL,AirTran Airways Corporation,6030,3,3
HB,Air Club International,9900U,0,0
HB,Homer Air,7030,1,5
LC,Lineas Aereas Del Caribe,9327C,0,0
LC,Legend Airlines,6694,2,2
LC,Varig Logistica S/A,9316G,0,0
0Z,Island Air Service,6981,1,5
9I,Island Air Service,6981,1,5
2O,Island Air Service,6981,1,5
IAS,Island Air Service,38279,1,5
IAS,Island Air Service,6981,1,5
JN,Excel Airways,9493V,0,0
C5,"Commutair Aka Champlain Enterprises, Inc.",6944,1,6
CMT,"Commutair Aka Champlain Enterprises, Inc.",38164,1,6
CMT,"Commutair Aka Champlain Enterprises, Inc.",6944,1,6
M7,Aerotransportes Mas De Crga,9148I,0,0
MDQ,Aerotransportes Mas De Crga,9148I,0,0
MY,Aerotransportes Mas De Crga,9148I,0,0
U7,USA Jet Airlines Inc.,16917,1,4
U7,USA Jet Airlines Inc.,06911 (1),1,4
U7,USA Jet Airlines Inc.,16917,2,2
U7,USA Jet Airlines Inc.,6912,2,2
U7,USA Jet Airlines Inc.,16917,1,1
U7,USA Jet Airlines Inc.,6912,1,1
U7,USA Jet Airlines Inc.,16917,1,1
U7,USA Jet Airlines Inc.,06911 (1),1,1
U7,USA Jet Airlines Inc.,16917,2,2
U7,USA Jet Airlines Inc.,6912,2,2
U7,USA Jet Airlines Inc.,16917,1,1
U7,USA Jet Airlines Inc.,6912,1,1
U7,USA Jet Airlines Inc.,16917,2,2
U7,USA Jet Airlines Inc.,6912,2,2
S5,Shuttle America Corp.,6911,1,1
S5,Shuttle America Corp.,6911,2,2
SHA,Shuttle America Corp.,38277,1,6
SHA,Shuttle America Corp.,6911,1,6
WEQ,Aero-Services-Corporate,9427I,0,0
F2,Omega Air Holdings d/b/a Focus Air,16006,1,4
F2,Omega Air Holdings d/b/a Focus Air,6006,1,4
F2,Omega Air Holdings d/b/a Focus Air,6004,1,4
F2,Omega Air Holdings d/b/a Focus Air,16006,1,1
F2,Omega Air Holdings d/b/a Focus Air,6006,1,1
F2,Omega Air Holdings d/b/a Focus Air,6004,1,1
TH,Transmile Air Service,9746B,0,0
YX,Republic Airlines,11038,2,2
YX,Republic Airlines,11029,2,2
YX,Republic Airlines,6003,2,2
RW,Republic Airlines,6003,2,2
RW,Republic Airlines,6003,1,1
REP,Republic Airlines,6003,1,1
ABX,Airborne Express Inc.,80006,3,3
ABX,Airborne Express Inc.,80006,7,7
ABX,ABX Air Inc,80006,3,3
ABX,ABX Air Inc,11009,3,3
ABX,ABX Air Inc,11018,3,3
ABX,ABX Air Inc,80006,2,2
ABX,ABX Air Inc,11009,2,2
ABX,ABX Air Inc,11018,2,2
MIW,Airborne Express Inc.,80006,7,7
E0,"EOS Airlines, Inc.",16211,1,4
E0,"EOS Airlines, Inc.",16211,1,1
G9,Grant Aviation,6985,1,5
GV,Grant Aviation,6985,1,5
GRT,Grant Aviation,38245,1,5
GRT,Grant Aviation,6985,1,5
GS,Grant Aviation,6985,1,5
GS,Air Foyle Limited,9493N,0,0
G7,GoJet Airlines LLC d/b/a United Express,7041,2,2
G7,GoJet Airlines LLC d/b/a United Express,7041,1,1
MOQ,Morningstar Air Express,9900X,0,0
MY,MAXjet,7050,1,1
MY,MAXjet,7050,1,4
MY,MAXjet,17050,1,4
MY,MAXjet,17051,1,1
MY,MAXjet,17050,1,1
MY,MAXjet,17051,1,4
BZQ,"Abaco Air, Ltd.",10004,0,0
CAQ,Challenge Air Luftverkehrs GmbH,10005,0,0
Z3,"PM Air, LLC",1100,1,5
Z3,"PM Air, LLC",1100,1,5
HBQ,Harris Air Services,1113,1,9
TIQ,Tyrolean Jet Service,71002,0,0
EAQ,"Executive Airlines, SL",71003,0,0
02Q,Titan Airways,71004,0,0
OR,TUI Airlines Nederland B.V.,71005,0,0
6R,Aerounion Aerotransporte de Carga Union SA de CV,71006,0,0
6R,Aerounion ( Aerotransporte de Carga Union SA de CV,71006,0,0
GG,"Cargo 360, Inc.",1124,1,1
GG,"Cargo 360, Inc.",11005,1,1
Y2,Globespan Airways Limited d/b/a Flyglobespan,71007,0,0
WAP,Arrow Panama,71008,0,0
04Q,Tradewind Aviation,1126,1,6
4M,LAN Argentina,71009,0,0
UH,US Helicopter Corporation,1127,1,5
05Q,"Comlux Aviation, AG",71010,0,0
NJE,"NetJets Transportes Aereos, S.A.",71011,0,0
EY,Etihad Airways,71013,0,0
3F,"Pacific Airways, Inc.",1129,1,5
Y7,Flyjet Limited d/b/a Silverjet,71014,0,0
9T,"TravelspanGT, Inc. S.A.",71015,0,0
37,Zeal 320,71016,0,0
A0,Elysair d/b/a L'Avion,71017,0,0
9N,ANA & JP Express Co. Ltd.,71018,0,0
VSA,VistaJet Luftfahrtunternehmen GmbH,71019,0,0
06Q,Master Top Linhas Aereas Ltd.,71020,0,0
0J,JetClub AG,71021,0,0
07Q,Flair Airlines Ltd.,71022,0,0
9V,"Avior Airlines, C.A.",71024,0,0
0Q,Flying Service N.V.,71025,0,0
Q4,"Master Top Linhas Aereas, Ltda.",71026,0,0
IGA,"Global Jet Austria, GmbH",71029,0,0
SVW,"Global Jet Luxembourg, Sa",71031,0,0
09Q,"Swift Air, LLC",1130,1,4
09Q,"Swift Air, LLC",1130,1,1
09Q,"Swift Air, LLC",1130,1,1
CP,Compass Airlines,1131,2,2
CP,Compass Airlines,11015,2,2
CP,Compass Airlines,1131,1,1
CP,Compass Airlines,11015,1,1
VX,Virgin America,1006,1,1
VX,Virgin America,1006,2,2
VX,Virgin America,11020,2,2
VX,Virgin America,1006,3,3
VX,Virgin America,11020,3,3
SX,"Skybus Airlines, Inc.",1133,1,1
5G,"Skyservice Airlines, Inc.",71032,0,0
0BQ,DCA,71033,0,0
GJ,Eurofly S.p.A,71034,0,0
0CQ,ACM AIR CHARTER GmbH,71035,0,0
JI,Jade Cargo International,71036,0,0
CAZ,CAT Aviation,71037,0,0
0GQ,"Inter Island Airways, d/b/a Inter Island Air",1136,1,6
0HQ,Polar Airlines de Mexico d/b/a Nova Air,71038,0,0
0IQ,Lynx Aviation d/b/a Frontier Airlines,1139,1,1
L3,Lynx Aviation d/b/a Frontier Airlines,1139,1,1
L4,Lynx Aviation d/b/a Frontier Airlines,1139,1,1
XF,Vladivostok Air,71039,0,0
PD,"Porter Airlines, Inc.",71040,0,0
WG,Sunwing Airlines Inc.,71041,0,0
0JQ,Vision Airlines,1142,1,1
0JQ,Vision Airlines,11021,1,1
0JQ,Vision Airlines,1142,1,5
0JQ,Vision Airlines,1142,2,2
0JQ,Vision Airlines,11021,2,2
0JQ,Vision Airlines,1142,1,1
MW,"Mokulele Flight Services, Inc.",1143,1,5
0KQ,"Mokulele Flight Services, Inc.",1143,1,5
S6,Star Air A/S,71043,0,0
0LQ,"Metropix UK, LLP.",71044,0,0
0MQ,"Multi-Aero, Inc. d/b/a Air Choice One",1145,1,6
S3,"Santa Barbara Airlines, C.A",71047,0,0
9W,Jet Airways (India) Limited,71048,0,0
QR,Qatar Airways (Q.C.S.C),71049,0,0
Y8,Yangtze River Express Airlines Company,71050,0,0
HU,Hainan Airlines Company Limited,71051,0,0
JAG,JetAlliance Flugbetriebs d/b/a JAF Airservice,71053,0,0
0OQ,Open Skies,71056,0,0
TRA,Aeromexico Travel,71059,0,0
7Q,Pan American World Airways Dominicana,71060,0,0
FP,TAG Aviation S.A.,71052,0,0
0QQ,TAG Aviation (UK) Ltd.,71062,0,0
0RQ,TAG Aviation Espana S.L.,71063,0,0
WV,"Air Greco, Inc., d/b/a Wings Air",1148,1,6
0TQ,"Corporatejets, XXI",71065,0,0
5L,Aerosur,71067,0,0
IJ,Great Wall Airlines Company Limited,71068,0,0
0UQ,"Comlux Malta, Ltd.",71069,0,0
VB,"Aeroenlaces Nacionales, S.A. de C.V. d/b/a VivaAerobus",71070,0,0
0VQ,Ocean Sky (UK) Limited,71071,0,0
Y4,Concesionaria Vuela Compania De Aviacion SA de CV (Volaris),71072,0,0
0WQ,Avjet Corporation,1150,1,1
JQ,Jetstar Airways Pty Limited,71073,0,0
AB,Air Berlin PLC and CO,71074,0,0
SE,XL Airways France,71075,0,0
BES,Aeroservices Executive,71077,0,0
L7,Lan Colombia,71078,0,0
0YQ,Comlux Malta Ltd.,71080,0,0
0ZQ,Air Excursions LLC,1151,1,5
X4,Air Excursions LLC,1151,1,5
VA,Virgin Blue International Airlines t/a V Australia,71082,0,0
PM,"Prescott Support Company, Inc.",1155,1,4
PM,"Prescott Support Company, Inc.",11017,1,4
PM,"Prescott Support Company, Inc.",1154,1,4
CRV,Acropolis Aviation Ltd.,71083,0,0
10Q,Swiss Air Ambulance,71084,0,0
7I,Insel Air International B V,71085,0,0
7I,Insel Air International B V,71085,0,0
LJ,Jin Air Co Ltd.,71086,0,0
PP,Jet Aviation Business Jets AG,71087,0,0
12Q,Unijet,71089,0,0
3S,AeroLogic GmbH,71090,0,0
IG,Meridiana S.p.A,71091,0,0
SS,Corsair,71092,0,0
SS,Corsair International,71092,0,0
13Q,Chartright Air Inc.,71093,0,0
EXC,Hapag-Lloyd Executive GmbH,71094,0,0
X3,Hapag-Lloyd Express GmbH,71094,0,0
14Q,London Air Services Limited,71095,0,0
15Q,Air Alsie A/S,71096,0,0
17Q,Albinati Aeronautics SA,71098,0,0
BC,Skymark Airlines Inc.,71099,0,0
4C,Aerovias de Intergracian Regional,71100,0,0
W3,Arik Air International,71101,0,0
1AQ,"Charter Air Transport, Inc.",1158,1,6
1AQ,Via Airlines d/b/a Charter Air Transport,1158,1,6
RU,AirBridgeCargo Airlines Limited,71102,0,0
1BQ,"Dynamic Airways, LLC",11019,1,1
1BQ,"Dynamic Airways, LLC",1159,1,1
1BQ,"Dynamic Airways, LLC",11019,1,4
1BQ,"Dynamic Airways, LLC",1159,1,4
1BQ,"Dynamic Airways, LLC",1164,1,4
1DQ,Island Airlines LLC,1161,1,6
2K,Aerolineas Galapagos S A Aerogal,71103,0,0
QS,"Travel Service, a.s.",71104,0,0
1EQ,"KaiserAir, Inc.",1162,1,4
1FQ,Alsek Air,1163,1,6
VW,Transportes Aeromar S.A de C.V,71106,0,0
OF,Air Finland Ltd.,71107,0,0
1HQ,International Jet Management GmbH,71109,0,0
1IQ,Jet link AG,71110,0,0
TB,TUI Airlines Belgium N.V. d/b/a Jetairfly,71111,0,0
3U,Sichuan Airlines Co Ltd.,71112,0,0
1JQ,Exec Direct Aviation Services Limited,71113,0,0
SN,Brussels Airlines N.V.,71114,0,0
VJT,VistaJet Limited,71123,0,0
LDM,Lauda Motion GmbH,71124,0,0
XPE,Amira Air GmbH,71124,0,0
1SQ,Star Marianas Air Inc.,1169,1,6
1LQ,Bertelsmann Aviation GmbH,71116,0,0
R3,Air Company Yakutia,71125,0,0
1TQ,Rhoades Aviation dba Transair,81003,1,4
1TQ,Rhoades Aviation dba Transair,81002,1,4
1TQ,Rhoades Aviation dba Transair,81001,1,4
4O,ABC Aerolineas SA de CV dba Interjet,71118,0,0
DY,Norwegian Air Shuttle ASA,71127,0,0
C8,Cargolux Italia SpA,71128,0,0
RVQ,"Reeve Air Alaska, LLC",1173,1,9
EQ,Tame Linea Aerea del Ecuador Tme EP,71129,0,0
1MQ,Twin Cities Air Service LLC,1165,1,6
1UQ,Gainjet Aviation SA,71131,0,0
7C,Jeju Air Co Ltd.,71119,0,0
I4,Scott Air LLC dba Island Air Express,1175,1,5
1VQ,Scott Air LLC dba Island Air Express,1175,1,5
1WQ,Ultimate JetCharters LLC dba Ultimate Air Shuttle,1176,1,6
1NQ,JSC The 224th Flight Unit State Airlines,71120,0,0
WW,WOW Air ehf,71134,0,0
4B,Boutique Air,1177,1,6
1XQ,Dassault Falcon Service,71135,0,0
G3,VRG Linhas Aereas S A,71136,0,0
OJ,Fly Jamaica Airways Limited,71121,0,0
PS,Ukraine International Airlines,71138,0,0
RV,Air Canada rouge LP,71139,0,0
RS,Sky Regional Airlines Inc.,71140,0,0
1PQ,Makani Kai Air Charters,1166,1,6
1PQ,Makani Kai Air Charters,1166,1,9
1QQ,City Wings Inc dba Seaflight,1167,1,6
1YQ,"Air Charter, Inc d/b/a Air Flamenco",1180,1,6
1RQ,Sun Air Express LLC dba Sun Air International,1168,1,6
1RQ,Sun Air Express LLC dba Sun Air International,1168,1,9
Q7,SkyBahamas Airlines Ltd.,71141,0,0
LS,Jet2.com,71142,0,0
B0,Dreamjet SAS Dba La Compagnie,71143,0,0
KD,Western Global,11042,1,1
KD,Western Global,1183,1,1
1ZQ,Comlux Aruba NV,71144,0,0
20Q,Orange Air,1185,1,4
20Q,Orange Air,1184,1,4
20Q,Orange Air,11043,1,4
KH,Aloha Air Cargo,1146,1,1
21Q,Corporate Flight Management Inc.d/b/a Crystal Luxury Air,1189,1,6
21Q,Corporate Flight Management Inc.,1189,1,6
LF,CFM Inc d/b/a Contour Airlines,1189,1,6
22Q,Gem Air LLC,1190,1,6
AD,Azul Linhas Aereas Brazileiras S A,71145,0,0
23Q,Songbird Airways Inc.,11044,1,1
23Q,Songbird Airways Inc.,1192,1,1
23Q,Sky King Inc.,11044,1,1
23Q,Sky King Inc.,1192,1,1
24Q,Blue Jet SP Z o o,71146,0,0
GW,SkyGreece Airlines S A,71147,0,0
25Q,Mjet GmbH,71148,0,0
EE,Eastern Airlines Group Inc.,11045,1,1
EE,Eastern Airlines Group Inc.,1193,1,1
26Q,Albinati aviation Limited,71149,0,0
27Q,"Jet Aviation Flight Services, Inc.",11046,1,1
27Q,"Jet Aviation Flight Services, Inc.",1194,1,1
28Q,Menagerie Enterprises Inc d/b/a Monarch Air,1195,1,6
29Q,Erickson Helicopters,1196,1,9
2AQ,ABS JETS A.S,71150,0,0
D7,Air Asia X Berhad dba Airasia X,71151,0,0
BX,Air Busan,71153,0,0
2BQ,Air Medical Ltd.,71154,0,0
O6,Oceanair Linhas Aereas S A,71156,0,0
2CQ,Altius Aviation LLC,1197,1,6
2DQ,Aviation Partners of Boynton Beach LLC d/b/a Hummingbird Air,1198,1,6
FC,Fast Colombia SAS d/b/a Viva Colombia,71157,0,0
8I,Inselair Aruba NV,71159,0,0
2EQ,"J&M Alaska Air Tours, Inc. d/b/a Alaska Air Transit",1199,1,9
3SD,Compagnie Aerienne Inter Regionale Express dba Air Antilles Express & Air Guyane,71160,0,0
5J,Cebu Air Inc d/b/a Cebu Pacific Air,71161,0,0
J2,Azerbaijan Airlines CJSC,71164,0,0
2GQ,Cavok Air LLC,71165,0,0
7L,Silk Way West Airlines,71166,0,0
R2,Orenburg Airlines,71167,0,0
WR,WestJet Encore Ltd.,71168,0,0
HX,Hong Kong Airlines Limited,71169,0,0
2HQ,Elite Airways LLC,11047,1,4
2HQ,Elite Airways LLC,1200,1,4
2HQ,Elite Airways LLC,1201,1,4
2JQ,Delux Public Charter LLC,1202,1,6
EW,Eurowings GmbH,71170,0,0
AAB,Abelag Aviation AG,71171,0,0
2KQ,Longtail Aviation Ltd.,71172,0,0
JU,Air Serbia,71173,0,0
2LQ,Tropic Ocean Airways LLC,1203,1,6
2NQ,LIMA NY Corp d/b/a Fly The Whale d/b/a Tailwind,1205,1,6
2OQ,Talofa Airways Limited,71174,0,0
2PQ,21 Air LLC,1207,1,4
2PQ,21 Air LLC,11050,1,4
2PQ,21 Air LLC,1206,1,4
2RQ,Luxaviation S A,71176,0,0
2TQ,Trans Northern Airways d/b/a Air Unlimited Charter Services,1209,1,6
MF,"Xiamen Airlines Co., Ltd.",71178,0,0
2P,"Air Philippines Corp d/b/a Airphil Express, Philippines Airlines",71179,0,0
P3,Cargologicair Limited,71181,0,0
ZE,Eastar Jet Co Ltd.,71182,0,0
UO,Hong Kong Express Airways Limited,71183,0,0
0FQ,"Maine Aviation Aircraft Charter, LLC",1210,1,6
2UQ,Svenskt Industriflyg AB,71184,0,0
K2,"Paklook Air, Inc d/b/a/ Airlift Alaska",1212,1,5
JD,Beijing Capital Airlines,71185,0,0
D8,Norwegian Air International Ltd.,71187,0,0
30Q,"Public Charters, Inc. d/b/a North Country Sky d/b/a Regional Sky d/b/a Texas Sky",1216,1,6
34Q,"Polaris Aviation Solutions, LLC",1221,1,4
34Q,"Polaris Aviation Solutions, LLC",11052,1,4
34Q,"Polaris Aviation Solutions, LLC",1223,1,4
