﻿DEST_AIRPORT_ID,DEST_STATE_FIPS,DEST_STATE_NM,DEST_WAC
11292,8,Colorado,82
14771,6,California,91
11292,8,Colorado,82
10325,8,Colorado,82
11315,38,North Dakota,66
12389,38,North Dakota,66
11292,8,Colorado,82
15016,29,Missouri,64
11503,8,Colorado,82
11503,8,Colorado,82
11292,8,Colorado,82
11996,45,South Carolina,37
15570,6,California,91
11109,8,Colorado,82
10800,6,California,91
11503,8,Colorado,82
10800,6,California,91
10372,8,Colorado,82
14107,4,Arizona,81
11292,8,Colorado,82
11109,8,Colorado,82
11292,8,Colorado,82
11292,8,Colorado,82
10397,13,Georgia,34
11298,48,Texas,74
11292,8,Colorado,82
10397,13,Georgia,34
10397,13,Georgia,34
10397,13,Georgia,34
11193,21,Kentucky,52
11433,26,Michigan,43
11775,46,South Dakota,67
12889,32,Nevada,85
14679,6,California,91
14869,49,Utah,87
11292,8,Colorado,82
11292,8,Colorado,82
11292,8,Colorado,82
11292,8,Colorado,82
11292,8,Colorado,82
11292,8,Colorado,82
16091,26,Michigan,43
11109,8,Colorado,82
11292,8,Colorado,82
11042,39,Ohio,44
12448,28,Mississippi,53
12892,6,California,91
13303,12,Florida,33
14524,51,Virginia,38
11292,8,Colorado,82
14771,6,California,91
11292,8,Colorado,82
11292,8,Colorado,82
11292,8,Colorado,82
11109,8,Colorado,82
10792,36,New York,22
11140,48,Texas,74
11481,12,Florida,33
11973,28,Mississippi,53
11996,45,South Carolina,37
12896,48,Texas,74
12992,5,Arkansas,71
11109,8,Colorado,82
11292,8,Colorado,82
10423,48,Texas,74
13930,17,Illinois,41
14831,6,California,91
10325,8,Colorado,82
10325,8,Colorado,82
10372,8,Colorado,82
12889,32,Nevada,85
11292,8,Colorado,82
11292,8,Colorado,82
13796,6,California,91
14275,26,Michigan,43
14869,49,Utah,87
11921,8,Colorado,82
11563,49,Utah,87
11292,8,Colorado,82
11292,8,Colorado,82
13796,6,California,91
11292,8,Colorado,82
13342,55,Wisconsin,45
11292,8,Colorado,82
10590,4,Arizona,81
10590,4,Arizona,81
11292,8,Colorado,82
11719,8,Colorado,82
13502,8,Colorado,82
14288,8,Colorado,82
10590,4,Arizona,81
10590,4,Arizona,81
14288,8,Colorado,82
13796,6,California,91
11292,8,Colorado,82
11193,21,Kentucky,52
11292,8,Colorado,82
11109,8,Colorado,82
11292,8,Colorado,82
13851,40,Oklahoma,73
11292,8,Colorado,82
11292,8,Colorado,82
11292,8,Colorado,82
10558,31,Nebraska,65
11283,20,Kansas,62
11292,8,Colorado,82
11468,31,Nebraska,65
12899,31,Nebraska,65
12902,20,Kansas,62
11292,8,Colorado,82
11292,8,Colorado,82
10325,8,Colorado,82
11292,8,Colorado,82
14081,4,Arizona,81
11711,35,New Mexico,86
11292,8,Colorado,82
11292,8,Colorado,82
10409,46,South Dakota,67
12389,38,North Dakota,66
11292,8,Colorado,82
12889,32,Nevada,85
11921,8,Colorado,82
11292,8,Colorado,82
11298,48,Texas,74
12278,20,Kansas,62
10721,25,Massachusetts,13
12892,6,California,91
12992,5,Arkansas,71
11292,8,Colorado,82
11109,8,Colorado,82
11292,8,Colorado,82
11292,8,Colorado,82
11109,8,Colorado,82
12892,6,California,91
13487,27,Minnesota,63
13487,27,Minnesota,63
14869,49,Utah,87
11292,8,Colorado,82
11292,8,Colorado,82
11292,8,Colorado,82
15370,40,Oklahoma,73
11292,8,Colorado,82
11292,8,Colorado,82
12992,5,Arkansas,71
13486,30,Montana,84
15376,4,Arizona,81
11292,8,Colorado,82
11109,8,Colorado,82
10140,35,New Mexico,86
10397,13,Georgia,34
10423,48,Texas,74
11003,19,Iowa,61
11097,56,Wyoming,88
11122,56,Wyoming,88
11298,48,Texas,74
11986,26,Michigan,43
12266,48,Texas,74
12441,56,Wyoming,88
12992,5,Arkansas,71
13264,41,Oregon,92
13871,31,Nebraska,65
13930,17,Illinois,41
14489,41,Oregon,92
14679,6,California,91
14730,21,Kentucky,52
14771,6,California,91
14771,6,California,91
14908,6,California,91
15041,16,Idaho,83
11109,8,Colorado,82
12892,6,California,91
11292,8,Colorado,82
11292,8,Colorado,82
11292,8,Colorado,82
11292,8,Colorado,82
11292,8,Colorado,82
11292,8,Colorado,82
11109,8,Colorado,82
11292,8,Colorado,82
11292,8,Colorado,82
11921,8,Colorado,82
11292,8,Colorado,82
11292,8,Colorado,82
11109,8,Colorado,82
11292,8,Colorado,82
11292,8,Colorado,82
11292,8,Colorado,82
11292,8,Colorado,82
11292,8,Colorado,82
11292,8,Colorado,82
10140,35,New Mexico,86
10620,30,Montana,84
10721,25,Massachusetts,13
10849,30,Montana,84
11193,21,Kentucky,52
11433,26,Michigan,43
11697,12,Florida,33
12264,51,Virginia,38
12266,48,Texas,74
12889,32,Nevada,85
13198,29,Missouri,64
13204,12,Florida,33
13930,17,Illinois,41
14100,42,Pennsylvania,23
14262,6,California,91
14524,51,Virginia,38
14570,32,Nevada,85
14869,49,Utah,87
15016,29,Missouri,64
15016,29,Missouri,64
15370,40,Oklahoma,73
11292,8,Colorado,82
11292,8,Colorado,82
11292,8,Colorado,82
11292,8,Colorado,82
11292,8,Colorado,82
11292,8,Colorado,82
11292,8,Colorado,82
11292,8,Colorado,82
11292,8,Colorado,82
11292,8,Colorado,82
11292,8,Colorado,82
11292,8,Colorado,82
11292,8,Colorado,82
11292,8,Colorado,82
11292,8,Colorado,82
11292,8,Colorado,82
11292,8,Colorado,82
11292,8,Colorado,82
11292,8,Colorado,82
10140,35,New Mexico,86
10713,16,Idaho,83
11433,26,Michigan,43
11986,26,Michigan,43
13342,55,Wisconsin,45
14057,41,Oregon,92
14100,42,Pennsylvania,23
14570,32,Nevada,85
14635,12,Florida,33
15370,40,Oklahoma,73
11292,8,Colorado,82
11292,8,Colorado,82
11292,8,Colorado,82
11292,8,Colorado,82
11292,8,Colorado,82
11292,8,Colorado,82
11292,8,Colorado,82
11292,8,Colorado,82
11292,8,Colorado,82
11042,39,Ohio,44
11109,8,Colorado,82
11423,19,Iowa,61
12278,20,Kansas,62
13871,31,Nebraska,65
14869,49,Utah,87
11292,8,Colorado,82
11292,8,Colorado,82
11292,8,Colorado,82
11292,8,Colorado,82
11066,39,Ohio,44
11433,26,Michigan,43
12266,48,Texas,74
12339,18,Indiana,42
13204,12,Florida,33
13204,12,Florida,33
13486,30,Montana,84
13930,17,Illinois,41
13930,17,Illinois,41
14107,4,Arizona,81
15016,29,Missouri,64
15412,47,Tennessee,54
11292,8,Colorado,82
11292,8,Colorado,82
11292,8,Colorado,82
11292,8,Colorado,82
11292,8,Colorado,82
11292,8,Colorado,82
11292,8,Colorado,82
11292,8,Colorado,82
11292,8,Colorado,82
11292,8,Colorado,82
11292,8,Colorado,82
11298,48,Texas,74
12339,18,Indiana,42
13198,29,Missouri,64
13495,22,Louisiana,72
14869,49,Utah,87
15376,4,Arizona,81
14869,49,Utah,87
11292,8,Colorado,82
11292,8,Colorado,82
11921,8,Colorado,82
11292,8,Colorado,82
11433,26,Michigan,43
11292,8,Colorado,82
12891,40,Oklahoma,73
11413,8,Colorado,82
11292,8,Colorado,82
11292,8,Colorado,82
13502,8,Colorado,82
11298,48,Texas,74
14877,20,Kansas,62
11292,8,Colorado,82
15016,29,Missouri,64
11109,8,Colorado,82
11292,8,Colorado,82
12012,8,Colorado,82
10559,53,Washington,93
12889,32,Nevada,85
14730,21,Kentucky,52
11292,8,Colorado,82
11292,8,Colorado,82
14057,41,Oregon,92
11292,8,Colorado,82
11292,8,Colorado,82
13487,27,Minnesota,63
13487,27,Minnesota,63
11292,8,Colorado,82
11986,26,Michigan,43
11292,8,Colorado,82
11292,8,Colorado,82
11109,8,Colorado,82
11921,8,Colorado,82
12003,30,Montana,84
14057,41,Oregon,92
14683,48,Texas,74
11109,8,Colorado,82
10372,8,Colorado,82
11292,8,Colorado,82
11298,48,Texas,74
11292,8,Colorado,82
11921,8,Colorado,82
11292,8,Colorado,82
11292,8,Colorado,82
11292,8,Colorado,82
11292,8,Colorado,82
11292,8,Colorado,82
10397,13,Georgia,34
10721,25,Massachusetts,13
11278,51,Virginia,38
11884,53,Washington,93
12278,20,Kansas,62
14492,37,North Carolina,36
14689,6,California,91
15304,12,Florida,33
15376,4,Arizona,81
11292,8,Colorado,82
11292,8,Colorado,82
11292,8,Colorado,82
11292,8,Colorado,82
11292,8,Colorado,82
11292,8,Colorado,82
11292,8,Colorado,82
11292,8,Colorado,82
11292,8,Colorado,82
10140,35,New Mexico,86
10821,24,Maryland,35
10994,45,South Carolina,37
11066,39,Ohio,44
11884,53,Washington,93
14730,21,Kentucky,52
14869,49,Utah,87
11292,8,Colorado,82
11292,8,Colorado,82
11292,8,Colorado,82
11292,8,Colorado,82
11292,8,Colorado,82
11292,8,Colorado,82
10599,1,Alabama,51
11066,39,Ohio,44
13487,27,Minnesota,63
15370,40,Oklahoma,73
11292,8,Colorado,82
13485,55,Wisconsin,45
13487,27,Minnesota,63
14492,37,North Carolina,36
14683,48,Texas,74
11292,8,Colorado,82
11292,8,Colorado,82
11292,8,Colorado,82
10620,30,Montana,84
11540,48,Texas,74
11292,8,Colorado,82
11193,21,Kentucky,52
14869,49,Utah,87
11292,8,Colorado,82
11292,8,Colorado,82
10849,30,Montana,84
13487,27,Minnesota,63
14730,21,Kentucky,52
11292,8,Colorado,82
11292,8,Colorado,82
11292,8,Colorado,82
11292,8,Colorado,82
11292,8,Colorado,82
10279,48,Texas,74
10849,30,Montana,84
11193,21,Kentucky,52
11267,39,Ohio,44
11986,26,Michigan,43
12896,48,Texas,74
13502,8,Colorado,82
13891,6,California,91
14107,4,Arizona,81
14262,6,California,91
14489,41,Oregon,92
14683,48,Texas,74
15370,40,Oklahoma,73
11292,8,Colorado,82
11921,8,Colorado,82
11292,8,Colorado,82
11292,8,Colorado,82
11292,8,Colorado,82
11292,8,Colorado,82
11292,8,Colorado,82
11292,8,Colorado,82
11292,8,Colorado,82
11292,8,Colorado,82
10397,13,Georgia,34
11618,34,New Jersey,21
13198,29,Missouri,64
14262,6,California,91
11292,8,Colorado,82
11292,8,Colorado,82
11292,8,Colorado,82
11292,8,Colorado,82
11292,8,Colorado,82
11292,8,Colorado,82
11292,8,Colorado,82
11292,8,Colorado,82
10994,45,South Carolina,37
12339,18,Indiana,42
12954,6,California,91
13198,29,Missouri,64
13495,22,Louisiana,72
13495,22,Louisiana,72
13871,31,Nebraska,65
13891,6,California,91
13931,51,Virginia,38
14683,48,Texas,74
14747,53,Washington,93
14831,6,California,91
14893,6,California,91
15376,4,Arizona,81
11292,8,Colorado,82
11292,8,Colorado,82
11292,8,Colorado,82
11292,8,Colorado,82
11292,8,Colorado,82
11292,8,Colorado,82
11292,8,Colorado,82
11292,8,Colorado,82
11292,8,Colorado,82
10140,35,New Mexico,86
10693,47,Tennessee,54
11540,48,Texas,74
13244,47,Tennessee,54
13851,40,Oklahoma,73
15919,5,Arkansas,71
11292,8,Colorado,82
11292,8,Colorado,82
11292,8,Colorado,82
11292,8,Colorado,82
11292,8,Colorado,82
11292,8,Colorado,82
11292,8,Colorado,82
11292,8,Colorado,82
11292,8,Colorado,82
11003,19,Iowa,61
12339,18,Indiana,42
11292,8,Colorado,82
11292,8,Colorado,82
11292,8,Colorado,82
10620,30,Montana,84
14783,29,Missouri,64
14814,22,Louisiana,72
15376,4,Arizona,81
11292,8,Colorado,82
11292,8,Colorado,82
11292,8,Colorado,82
11109,8,Colorado,82
11292,8,Colorado,82
12892,6,California,91
11921,8,Colorado,82
11298,48,Texas,74
11292,8,Colorado,82
11292,8,Colorado,82
10140,35,New Mexico,86
11298,48,Texas,74
11292,8,Colorado,82
11884,53,Washington,93
13486,30,Montana,84
13487,27,Minnesota,63
14783,29,Missouri,64
12892,6,California,91
11292,8,Colorado,82
11413,8,Colorado,82
11292,8,Colorado,82
11292,8,Colorado,82
11292,8,Colorado,82
11292,8,Colorado,82
11292,8,Colorado,82
11292,8,Colorado,82
11292,8,Colorado,82
11292,8,Colorado,82
11292,8,Colorado,82
11292,8,Colorado,82
11292,8,Colorado,82
10713,16,Idaho,83
10849,30,Montana,84
11057,37,North Carolina,36
11066,39,Ohio,44
11066,39,Ohio,44
11603,41,Oregon,92
11648,30,Montana,84
12982,15,Hawaii,2
13485,55,Wisconsin,45
13495,22,Louisiana,72
14100,42,Pennsylvania,23
14100,42,Pennsylvania,23
14570,32,Nevada,85
14771,6,California,91
11292,8,Colorado,82
11292,8,Colorado,82
11292,8,Colorado,82
11292,8,Colorado,82
11292,8,Colorado,82
11292,8,Colorado,82
11292,8,Colorado,82
10423,48,Texas,74
13931,51,Virginia,38
14679,6,California,91
14683,48,Texas,74
14831,6,California,91
11292,8,Colorado,82
11292,8,Colorado,82
11292,8,Colorado,82
11292,8,Colorado,82
11292,8,Colorado,82
11292,8,Colorado,82
12339,18,Indiana,42
14683,48,Texas,74
11292,8,Colorado,82
11292,8,Colorado,82
13342,55,Wisconsin,45
14908,6,California,91
11292,8,Colorado,82
11292,8,Colorado,82
13487,27,Minnesota,63
12278,20,Kansas,62
11292,8,Colorado,82
13930,17,Illinois,41
13502,8,Colorado,82
10800,6,California,91
14730,21,Kentucky,52
14869,49,Utah,87
11292,8,Colorado,82
11003,19,Iowa,61
12339,18,Indiana,42
11292,8,Colorado,82
11292,8,Colorado,82
10397,13,Georgia,34
10620,30,Montana,84
11042,39,Ohio,44
11413,8,Colorado,82
11648,30,Montana,84
12278,20,Kansas,62
13198,29,Missouri,64
13244,47,Tennessee,54
13433,38,North Dakota,66
13871,31,Nebraska,65
14689,6,California,91
11292,8,Colorado,82
11292,8,Colorado,82
11292,8,Colorado,82
11292,8,Colorado,82
11292,8,Colorado,82
11292,8,Colorado,82
11292,8,Colorado,82
10821,24,Maryland,35
11003,19,Iowa,61
11057,37,North Carolina,36
11193,21,Kentucky,52
11618,34,New Jersey,21
11884,53,Washington,93
13264,41,Oregon,92
13891,6,California,91
14831,6,California,91
14893,6,California,91
15376,4,Arizona,81
11292,8,Colorado,82
11292,8,Colorado,82
11292,8,Colorado,82
11292,8,Colorado,82
11292,8,Colorado,82
11292,8,Colorado,82
11292,8,Colorado,82
11292,8,Colorado,82
11292,8,Colorado,82
11292,8,Colorado,82
12954,6,California,91
13487,27,Minnesota,63
15016,29,Missouri,64
11292,8,Colorado,82
11292,8,Colorado,82
11292,8,Colorado,82
11292,8,Colorado,82
11292,8,Colorado,82
11292,8,Colorado,82
14107,4,Arizona,81
11292,8,Colorado,82
11292,8,Colorado,82
11003,19,Iowa,61
11292,8,Colorado,82
11233,56,Wyoming,88
13244,47,Tennessee,54
11292,8,Colorado,82
13930,17,Illinois,41
13502,8,Colorado,82
11292,8,Colorado,82
11292,8,Colorado,82
12892,6,California,91
11057,37,North Carolina,36
13264,41,Oregon,92
13964,41,Oregon,92
11292,8,Colorado,82
11292,8,Colorado,82
11292,8,Colorado,82
11292,8,Colorado,82
11292,8,Colorado,82
11292,8,Colorado,82
11292,8,Colorado,82
11292,8,Colorado,82
11292,8,Colorado,82
11292,8,Colorado,82
11292,8,Colorado,82
11433,26,Michigan,43
11986,26,Michigan,43
12339,18,Indiana,42
13198,29,Missouri,64
13342,55,Wisconsin,45
13495,22,Louisiana,72
11292,8,Colorado,82
11292,8,Colorado,82
11292,8,Colorado,82
11292,8,Colorado,82
11292,8,Colorado,82
11292,8,Colorado,82
11697,12,Florida,33
12451,12,Florida,33
13198,29,Missouri,64
13796,6,California,91
13851,40,Oklahoma,73
11292,8,Colorado,82
11292,8,Colorado,82
11292,8,Colorado,82
11292,8,Colorado,82
10397,13,Georgia,34
11298,48,Texas,74
13871,31,Nebraska,65
14730,21,Kentucky,52
11921,8,Colorado,82
13244,47,Tennessee,54
13244,47,Tennessee,54
11109,8,Colorado,82
11292,8,Colorado,82
11775,46,South Dakota,67
12889,32,Nevada,85
11921,8,Colorado,82
15412,47,Tennessee,54
11292,8,Colorado,82
11292,8,Colorado,82
11292,8,Colorado,82
11292,8,Colorado,82
11921,8,Colorado,82
14524,51,Virginia,38
11292,8,Colorado,82
11292,8,Colorado,82
11292,8,Colorado,82
11292,8,Colorado,82
10620,30,Montana,84
10713,16,Idaho,83
10800,6,California,91
11423,19,Iowa,61
11603,41,Oregon,92
11603,41,Oregon,92
13342,55,Wisconsin,45
13851,40,Oklahoma,73
14122,42,Pennsylvania,23
14869,49,Utah,87
11292,8,Colorado,82
11292,8,Colorado,82
11292,8,Colorado,82
11292,8,Colorado,82
11292,8,Colorado,82
11292,8,Colorado,82
11292,8,Colorado,82
11292,8,Colorado,82
11292,8,Colorado,82
11618,34,New Jersey,21
14193,12,Florida,33
14492,37,North Carolina,36
11292,8,Colorado,82
11292,8,Colorado,82
11292,8,Colorado,82
12094,8,Colorado,82
11292,8,Colorado,82
14730,21,Kentucky,52
11292,8,Colorado,82
14107,4,Arizona,81
11292,8,Colorado,82
11042,39,Ohio,44
11292,8,Colorado,82
15376,4,Arizona,81
11292,8,Colorado,82
11292,8,Colorado,82
10423,48,Texas,74
10529,9,Connecticut,11
11433,26,Michigan,43
11697,12,Florida,33
12953,36,New York,22
13485,55,Wisconsin,45
13487,27,Minnesota,63
14747,53,Washington,93
15370,40,Oklahoma,73
11292,8,Colorado,82
11292,8,Colorado,82
11292,8,Colorado,82
11884,53,Washington,93
12191,48,Texas,74
12892,6,California,91
13851,40,Oklahoma,73
14107,4,Arizona,81
14771,6,California,91
11292,8,Colorado,82
11292,8,Colorado,82
11292,8,Colorado,82
11292,8,Colorado,82
14771,6,California,91
11109,8,Colorado,82
13796,6,California,91
12012,8,Colorado,82
11292,8,Colorado,82
11292,8,Colorado,82
11109,8,Colorado,82
10466,4,Arizona,81
12889,32,Nevada,85
12892,6,California,91
11109,8,Colorado,82
11921,8,Colorado,82
11292,8,Colorado,82
10643,29,Missouri,64
11003,19,Iowa,61
11648,30,Montana,84
13851,40,Oklahoma,73
13851,40,Oklahoma,73
11292,8,Colorado,82
11292,8,Colorado,82
11292,8,Colorado,82
11292,8,Colorado,82
12339,18,Indiana,42
14057,41,Oregon,92
11292,8,Colorado,82
11292,8,Colorado,82
11292,8,Colorado,82
11292,8,Colorado,82
10397,13,Georgia,34
10529,9,Connecticut,11
11292,8,Colorado,82
11292,8,Colorado,82
11292,8,Colorado,82
11278,51,Virginia,38
11292,8,Colorado,82
11292,8,Colorado,82
10800,6,California,91
11066,39,Ohio,44
15376,4,Arizona,81
11292,8,Colorado,82
11292,8,Colorado,82
10821,24,Maryland,35
11423,19,Iowa,61
11775,46,South Dakota,67
14262,6,California,91
11292,8,Colorado,82
11292,8,Colorado,82
11292,8,Colorado,82
11292,8,Colorado,82
11292,8,Colorado,82
11042,39,Ohio,44
12889,32,Nevada,85
13487,27,Minnesota,63
14730,21,Kentucky,52
11292,8,Colorado,82
11292,8,Colorado,82
11292,8,Colorado,82
11109,8,Colorado,82
11292,8,Colorado,82
11423,19,Iowa,61
11292,8,Colorado,82
13244,47,Tennessee,54
11292,8,Colorado,82
15370,40,Oklahoma,73
11292,8,Colorado,82
15177,8,Colorado,82
11292,8,Colorado,82
14107,4,Arizona,81
10950,8,Colorado,82
12953,36,New York,22
11292,8,Colorado,82
11292,8,Colorado,82
11603,41,Oregon,92
12264,51,Virginia,38
13495,22,Louisiana,72
13871,31,Nebraska,65
13891,6,California,91
14893,6,California,91
11292,8,Colorado,82
12264,51,Virginia,38
11292,8,Colorado,82
11292,8,Colorado,82
11292,8,Colorado,82
12892,6,California,91
11109,8,Colorado,82
11986,26,Michigan,43
12478,36,New York,22
11292,8,Colorado,82
14683,48,Texas,74
11292,8,Colorado,82
11603,41,Oregon,92
13487,27,Minnesota,63
14492,37,North Carolina,36
14747,53,Washington,93
11292,8,Colorado,82
11292,8,Colorado,82
11292,8,Colorado,82
11292,8,Colorado,82
10693,47,Tennessee,54
11921,8,Colorado,82
11292,8,Colorado,82
11292,8,Colorado,82
11193,21,Kentucky,52
11292,8,Colorado,82
14869,49,Utah,87
11292,8,Colorado,82
10620,30,Montana,84
11423,19,Iowa,61
13342,55,Wisconsin,45
13871,31,Nebraska,65
13891,6,California,91
15304,12,Florida,33
11292,8,Colorado,82
11292,8,Colorado,82
11292,8,Colorado,82
11292,8,Colorado,82
11292,8,Colorado,82
10849,30,Montana,84
11003,19,Iowa,61
11995,37,North Carolina,36
14747,53,Washington,93
11292,8,Colorado,82
11292,8,Colorado,82
11292,8,Colorado,82
11292,8,Colorado,82
11292,8,Colorado,82
10423,48,Texas,74
14679,6,California,91
11292,8,Colorado,82
11292,8,Colorado,82
11292,8,Colorado,82
11292,8,Colorado,82
11292,8,Colorado,82
11292,8,Colorado,82
11292,8,Colorado,82
11292,8,Colorado,82
10693,47,Tennessee,54
14747,53,Washington,93
11292,8,Colorado,82
11109,8,Colorado,82
11292,8,Colorado,82
14122,42,Pennsylvania,23
11292,8,Colorado,82
11292,8,Colorado,82
11292,8,Colorado,82
13485,55,Wisconsin,45
11292,8,Colorado,82
13244,47,Tennessee,54
12003,30,Montana,84
15919,5,Arkansas,71
11292,8,Colorado,82
14747,53,Washington,93
11109,8,Colorado,82
11292,8,Colorado,82
13367,17,Illinois,41
10140,35,New Mexico,86
11292,8,Colorado,82
11292,8,Colorado,82
11292,8,Colorado,82
11292,8,Colorado,82
11292,8,Colorado,82
11292,8,Colorado,82
10693,47,Tennessee,54
13486,30,Montana,84
15412,47,Tennessee,54
11292,8,Colorado,82
11292,8,Colorado,82
11638,6,California,91
13244,47,Tennessee,54
11292,8,Colorado,82
11292,8,Colorado,82
11921,8,Colorado,82
11292,8,Colorado,82
11292,8,Colorado,82
14107,4,Arizona,81
10950,8,Colorado,82
13487,27,Minnesota,63
11292,8,Colorado,82
11292,8,Colorado,82
11292,8,Colorado,82
13198,29,Missouri,64
14262,6,California,91
11292,8,Colorado,82
11292,8,Colorado,82
11292,8,Colorado,82
10140,35,New Mexico,86
11042,39,Ohio,44
12339,18,Indiana,42
12889,32,Nevada,85
11292,8,Colorado,82
11292,8,Colorado,82
11292,8,Colorado,82
11292,8,Colorado,82
11259,48,Texas,74
14057,41,Oregon,92
14747,53,Washington,93
11292,8,Colorado,82
11292,8,Colorado,82
13367,17,Illinois,41
11540,48,Texas,74
11603,41,Oregon,92
15919,5,Arkansas,71
11292,8,Colorado,82
11292,8,Colorado,82
11292,8,Colorado,82
10821,24,Maryland,35
11066,39,Ohio,44
12266,48,Texas,74
14122,42,Pennsylvania,23
14831,6,California,91
14831,6,California,91
14869,49,Utah,87
15016,29,Missouri,64
11292,8,Colorado,82
11292,8,Colorado,82
12889,32,Nevada,85
15370,40,Oklahoma,73
11292,8,Colorado,82
11109,8,Colorado,82
11292,8,Colorado,82
11292,8,Colorado,82
10620,30,Montana,84
13891,6,California,91
11292,8,Colorado,82
11292,8,Colorado,82
12278,20,Kansas,62
14730,21,Kentucky,52
11292,8,Colorado,82
11292,8,Colorado,82
11292,8,Colorado,82
10849,30,Montana,84
13264,41,Oregon,92
13495,22,Louisiana,72
14107,4,Arizona,81
14570,32,Nevada,85
14683,48,Texas,74
14771,6,California,91
11292,8,Colorado,82
11292,8,Colorado,82
11292,8,Colorado,82
11292,8,Colorado,82
11292,8,Colorado,82
11292,8,Colorado,82
10140,35,New Mexico,86
11042,39,Ohio,44
14869,49,Utah,87
11292,8,Colorado,82
13930,17,Illinois,41
11292,8,Colorado,82
10194,48,Texas,74
11292,8,Colorado,82
11292,8,Colorado,82
13367,17,Illinois,41
13495,22,Louisiana,72
14869,49,Utah,87
11292,8,Colorado,82
13198,29,Missouri,64
15919,5,Arkansas,71
11292,8,Colorado,82
11292,8,Colorado,82
11292,8,Colorado,82
11292,8,Colorado,82
11292,8,Colorado,82
11292,8,Colorado,82
11057,37,North Carolina,36
11775,46,South Dakota,67
11775,46,South Dakota,67
11884,53,Washington,93
13198,29,Missouri,64
13851,40,Oklahoma,73
14122,42,Pennsylvania,23
14679,6,California,91
14683,48,Texas,74
11292,8,Colorado,82
11042,39,Ohio,44
11423,19,Iowa,61
11292,8,Colorado,82
11109,8,Colorado,82
11292,8,Colorado,82
12278,20,Kansas,62
11292,8,Colorado,82
10140,35,New Mexico,86
15016,29,Missouri,64
10372,8,Colorado,82
11292,8,Colorado,82
11697,12,Florida,33
13487,27,Minnesota,63
13891,6,California,91
14057,41,Oregon,92
14747,53,Washington,93
14831,6,California,91
15304,12,Florida,33
11292,8,Colorado,82
11292,8,Colorado,82
11292,8,Colorado,82
11292,8,Colorado,82
11292,8,Colorado,82
11292,8,Colorado,82
11292,8,Colorado,82
10529,9,Connecticut,11
14570,32,Nevada,85
14730,21,Kentucky,52
14869,49,Utah,87
13198,29,Missouri,64
11413,8,Colorado,82
11413,8,Colorado,82
11193,21,Kentucky,52
11292,8,Colorado,82
11292,8,Colorado,82
14771,6,California,91
11292,8,Colorado,82
11292,8,Colorado,82
11292,8,Colorado,82
11292,8,Colorado,82
10529,9,Connecticut,11
13871,31,Nebraska,65
14524,51,Virginia,38
14689,6,California,91
14771,6,California,91
11292,8,Colorado,82
11292,8,Colorado,82
11292,8,Colorado,82
11292,8,Colorado,82
11292,8,Colorado,82
11292,8,Colorado,82
11292,8,Colorado,82
11292,8,Colorado,82
11292,8,Colorado,82
11066,39,Ohio,44
12953,36,New York,22
11066,39,Ohio,44
11292,8,Colorado,82
10627,38,North Dakota,66
11413,8,Colorado,82
13244,47,Tennessee,54
11413,8,Colorado,82
11122,56,Wyoming,88
11109,8,Colorado,82
14570,32,Nevada,85
12094,8,Colorado,82
13871,31,Nebraska,65
14457,46,South Dakota,67
11292,8,Colorado,82
11292,8,Colorado,82
11292,8,Colorado,82
11292,8,Colorado,82
10140,35,New Mexico,86
11298,48,Texas,74
11638,6,California,91
14107,4,Arizona,81
11292,8,Colorado,82
11292,8,Colorado,82
11292,8,Colorado,82
11292,8,Colorado,82
10372,8,Colorado,82
11292,8,Colorado,82
10713,16,Idaho,83
12441,56,Wyoming,88
11292,8,Colorado,82
11292,8,Colorado,82
11292,8,Colorado,82
11292,8,Colorado,82
11292,8,Colorado,82
11292,8,Colorado,82
10713,16,Idaho,83
10994,45,South Carolina,37
11292,8,Colorado,82
11292,8,Colorado,82
11292,8,Colorado,82
11292,8,Colorado,82
11292,8,Colorado,82
15412,47,Tennessee,54
11292,8,Colorado,82
13502,8,Colorado,82
12266,48,Texas,74
11292,8,Colorado,82
11193,21,Kentucky,52
14783,29,Missouri,64
11292,8,Colorado,82
11292,8,Colorado,82
14698,6,California,91
10372,8,Colorado,82
11292,8,Colorado,82
11292,8,Colorado,82
10423,48,Texas,74
10423,48,Texas,74
11298,48,Texas,74
11697,12,Florida,33
12278,20,Kansas,62
12758,15,Hawaii,2
13830,15,Hawaii,2
15304,12,Florida,33
11292,8,Colorado,82
11292,8,Colorado,82
11292,8,Colorado,82
11292,8,Colorado,82
11292,8,Colorado,82
11292,8,Colorado,82
11292,8,Colorado,82
12451,12,Florida,33
11292,8,Colorado,82
11292,8,Colorado,82
11292,8,Colorado,82
11292,8,Colorado,82
13158,48,Texas,74
11292,8,Colorado,82
11292,8,Colorado,82
11775,46,South Dakota,67
11292,8,Colorado,82
12094,8,Colorado,82
12266,48,Texas,74
10950,8,Colorado,82
11292,8,Colorado,82
13264,41,Oregon,92
11292,8,Colorado,82
11292,8,Colorado,82
11292,8,Colorado,82
10397,13,Georgia,34
10713,16,Idaho,83
11057,37,North Carolina,36
14771,6,California,91
11292,8,Colorado,82
11292,8,Colorado,82
11292,8,Colorado,82
11292,8,Colorado,82
11292,8,Colorado,82
13851,40,Oklahoma,73
14869,49,Utah,87
15016,29,Missouri,64
11109,8,Colorado,82
11292,8,Colorado,82
11292,8,Colorado,82
10140,35,New Mexico,86
11292,8,Colorado,82
11292,8,Colorado,82
12266,48,Texas,74
11292,8,Colorado,82
10599,1,Alabama,51
11775,46,South Dakota,67
14262,6,California,91
14814,22,Louisiana,72
11292,8,Colorado,82
11292,8,Colorado,82
11292,8,Colorado,82
11292,8,Colorado,82
15370,40,Oklahoma,73
11292,8,Colorado,82
11292,8,Colorado,82
11292,8,Colorado,82
14100,42,Pennsylvania,23
14122,42,Pennsylvania,23
11292,8,Colorado,82
11292,8,Colorado,82
12889,32,Nevada,85
12339,18,Indiana,42
12889,32,Nevada,85
11292,8,Colorado,82
11292,8,Colorado,82
10140,35,New Mexico,86
13487,27,Minnesota,63
11292,8,Colorado,82
13198,29,Missouri,64
13502,8,Colorado,82
11292,8,Colorado,82
10272,8,Colorado,82
10140,35,New Mexico,86
11292,8,Colorado,82
13198,29,Missouri,64
13486,30,Montana,84
11292,8,Colorado,82
11292,8,Colorado,82
10693,47,Tennessee,54
12389,38,North Dakota,66
13029,31,Nebraska,65
13871,31,Nebraska,65
11109,8,Colorado,82
10821,24,Maryland,35
14107,4,Arizona,81
14683,48,Texas,74
14893,6,California,91
11292,8,Colorado,82
11292,8,Colorado,82
11292,8,Colorado,82
11292,8,Colorado,82
11292,8,Colorado,82
11433,26,Michigan,43
11292,8,Colorado,82
11292,8,Colorado,82
10423,48,Texas,74
13244,47,Tennessee,54
14100,42,Pennsylvania,23
14107,4,Arizona,81
11298,48,Texas,74
11292,8,Colorado,82
11292,8,Colorado,82
11292,8,Colorado,82
11433,26,Michigan,43
13851,40,Oklahoma,73
11292,8,Colorado,82
11292,8,Colorado,82
13930,17,Illinois,41
13029,31,Nebraska,65
11292,8,Colorado,82
11292,8,Colorado,82
11292,8,Colorado,82
11278,51,Virginia,38
14122,42,Pennsylvania,23
14492,37,North Carolina,36
14683,48,Texas,74
11292,8,Colorado,82
11292,8,Colorado,82
11292,8,Colorado,82
11433,26,Michigan,43
11697,12,Florida,33
11292,8,Colorado,82
11292,8,Colorado,82
11298,48,Texas,74
11637,38,North Dakota,66
13930,17,Illinois,41
12892,6,California,91
13303,12,Florida,33
11503,8,Colorado,82
11298,48,Texas,74
12278,20,Kansas,62
10372,8,Colorado,82
10397,13,Georgia,34
11884,53,Washington,93
12892,6,California,91
14107,4,Arizona,81
14771,6,California,91
11292,8,Colorado,82
11986,26,Michigan,43
12339,18,Indiana,42
11292,8,Colorado,82
11292,8,Colorado,82
11292,8,Colorado,82
11292,8,Colorado,82
11066,39,Ohio,44
14057,41,Oregon,92
14679,6,California,91
11292,8,Colorado,82
11292,8,Colorado,82
12266,48,Texas,74
12892,6,California,91
14679,6,California,91
11292,8,Colorado,82
11292,8,Colorado,82
11292,8,Colorado,82
11292,8,Colorado,82
11292,8,Colorado,82
13502,8,Colorado,82
14107,4,Arizona,81
13502,8,Colorado,82
14747,53,Washington,93
11292,8,Colorado,82
11292,8,Colorado,82
11097,56,Wyoming,88
14107,4,Arizona,81
11292,8,Colorado,82
11109,8,Colorado,82
10397,13,Georgia,34
11292,8,Colorado,82
11503,8,Colorado,82
11292,8,Colorado,82
11292,8,Colorado,82
12266,48,Texas,74
10713,16,Idaho,83
10713,16,Idaho,83
11638,6,California,91
12156,30,Montana,84
11292,8,Colorado,82
11109,8,Colorado,82
11292,8,Colorado,82
12173,15,Hawaii,2
11292,8,Colorado,82
11292,8,Colorado,82
11292,8,Colorado,82
11292,8,Colorado,82
11292,8,Colorado,82
11292,8,Colorado,82
10257,36,New York,22
14893,6,California,91
11292,8,Colorado,82
11292,8,Colorado,82
10693,47,Tennessee,54
11292,8,Colorado,82
11292,8,Colorado,82
11292,8,Colorado,82
11292,8,Colorado,82
13204,12,Florida,33
14107,4,Arizona,81
10397,13,Georgia,34
10397,13,Georgia,34
10423,48,Texas,74
11042,39,Ohio,44
11057,37,North Carolina,36
11298,48,Texas,74
12264,51,Virginia,38
12889,32,Nevada,85
12953,36,New York,22
13244,47,Tennessee,54
13303,12,Florida,33
13495,22,Louisiana,72
13871,31,Nebraska,65
14057,41,Oregon,92
14100,42,Pennsylvania,23
14100,42,Pennsylvania,23
14122,42,Pennsylvania,23
14679,6,California,91
14747,53,Washington,93
14869,49,Utah,87
15016,29,Missouri,64
15304,12,Florida,33
11292,8,Colorado,82
11292,8,Colorado,82
11292,8,Colorado,82
11109,8,Colorado,82
11292,8,Colorado,82
11292,8,Colorado,82
11292,8,Colorado,82
11292,8,Colorado,82
11292,8,Colorado,82
11292,8,Colorado,82
11292,8,Colorado,82
11109,8,Colorado,82
11292,8,Colorado,82
11292,8,Colorado,82
11292,8,Colorado,82
11292,8,Colorado,82
11292,8,Colorado,82
11292,8,Colorado,82
11298,48,Texas,74
12892,6,California,91
13487,27,Minnesota,63
11292,8,Colorado,82
14747,53,Washington,93
11292,8,Colorado,82
12217,1,Alabama,51
11292,8,Colorado,82
11292,8,Colorado,82
11292,8,Colorado,82
10620,30,Montana,84
10849,30,Montana,84
14689,6,California,91
11292,8,Colorado,82
11109,8,Colorado,82
11292,8,Colorado,82
12278,20,Kansas,62
12953,36,New York,22
13204,12,Florida,33
14107,4,Arizona,81
11292,8,Colorado,82
11292,8,Colorado,82
11433,26,Michigan,43
11292,8,Colorado,82
14679,6,California,91
14869,49,Utah,87
11292,8,Colorado,82
11292,8,Colorado,82
14730,21,Kentucky,52
11292,8,Colorado,82
14730,21,Kentucky,52
12478,36,New York,22
11292,8,Colorado,82
14869,49,Utah,87
11292,8,Colorado,82
11292,8,Colorado,82
11193,21,Kentucky,52
11292,8,Colorado,82
11292,8,Colorado,82
14908,6,California,91
10423,48,Texas,74
10721,25,Massachusetts,13
11259,48,Texas,74
11292,8,Colorado,82
11292,8,Colorado,82
11292,8,Colorado,82
10599,1,Alabama,51
13342,55,Wisconsin,45
11292,8,Colorado,82
11292,8,Colorado,82
11775,46,South Dakota,67
11109,8,Colorado,82
11292,8,Colorado,82
11292,8,Colorado,82
10397,13,Georgia,34
11292,8,Colorado,82
11292,8,Colorado,82
11292,8,Colorado,82
13198,29,Missouri,64
11292,8,Colorado,82
11292,8,Colorado,82
12992,5,Arkansas,71
11292,8,Colorado,82
11298,48,Texas,74
11292,8,Colorado,82
13342,55,Wisconsin,45
13930,17,Illinois,41
11292,8,Colorado,82
11697,12,Florida,33
11292,8,Colorado,82
13029,31,Nebraska,65
11433,26,Michigan,43
14457,46,South Dakota,67
11292,8,Colorado,82
11298,48,Texas,74
11298,48,Texas,74
11292,8,Colorado,82
11292,8,Colorado,82
11292,8,Colorado,82
11292,8,Colorado,82
10693,47,Tennessee,54
14100,42,Pennsylvania,23
11292,8,Colorado,82
11292,8,Colorado,82
11292,8,Colorado,82
11292,8,Colorado,82
11433,26,Michigan,43
12339,18,Indiana,42
11292,8,Colorado,82
11292,8,Colorado,82
10140,35,New Mexico,86
11540,48,Texas,74
10397,13,Georgia,34
11292,8,Colorado,82
13930,17,Illinois,41
13158,48,Texas,74
11292,8,Colorado,82
11292,8,Colorado,82
11042,39,Ohio,44
11292,8,Colorado,82
14771,6,California,91
12266,48,Texas,74
11292,8,Colorado,82
11292,8,Colorado,82
11292,8,Colorado,82
12478,36,New York,22
11292,8,Colorado,82
11292,8,Colorado,82
11292,8,Colorado,82
11292,8,Colorado,82
11298,48,Texas,74
11986,26,Michigan,43
13204,12,Florida,33
13871,31,Nebraska,65
11292,8,Colorado,82
11292,8,Colorado,82
11292,8,Colorado,82
11066,39,Ohio,44
13204,12,Florida,33
15304,12,Florida,33
11292,8,Colorado,82
11292,8,Colorado,82
11292,8,Colorado,82
10627,38,North Dakota,66
11292,8,Colorado,82
12953,36,New York,22
14570,32,Nevada,85
14747,53,Washington,93
11292,8,Colorado,82
14057,41,Oregon,92
11292,8,Colorado,82
10713,16,Idaho,83
11292,8,Colorado,82
11423,19,Iowa,61
11292,8,Colorado,82
11292,8,Colorado,82
14534,56,Wyoming,88
14679,6,California,91
11292,8,Colorado,82
11292,8,Colorado,82
11292,8,Colorado,82
11292,8,Colorado,82
11003,19,Iowa,61
12441,56,Wyoming,88
12892,6,California,91
11292,8,Colorado,82
11292,8,Colorado,82
11292,8,Colorado,82
11292,8,Colorado,82
11292,8,Colorado,82
11292,8,Colorado,82
10800,6,California,91
13851,40,Oklahoma,73
14457,46,South Dakota,67
14869,49,Utah,87
11292,8,Colorado,82
11648,30,Montana,84
14893,6,California,91
11292,8,Colorado,82
11292,8,Colorado,82
14747,53,Washington,93
14869,49,Utah,87
13244,47,Tennessee,54
11292,8,Colorado,82
11292,8,Colorado,82
11292,8,Colorado,82
10397,13,Georgia,34
11433,26,Michigan,43
13204,12,Florida,33
14679,6,California,91
11292,8,Colorado,82
13342,55,Wisconsin,45
14679,6,California,91
15016,29,Missouri,64
11292,8,Colorado,82
14492,37,North Carolina,36
13930,17,Illinois,41
11292,8,Colorado,82
11423,19,Iowa,61
14831,6,California,91
11292,8,Colorado,82
10721,25,Massachusetts,13
13930,17,Illinois,41
11292,8,Colorado,82
11292,8,Colorado,82
11292,8,Colorado,82
11292,8,Colorado,82
11292,8,Colorado,82
11292,8,Colorado,82
11292,8,Colorado,82
11618,34,New Jersey,21
13485,55,Wisconsin,45
14100,42,Pennsylvania,23
11292,8,Colorado,82
11292,8,Colorado,82
12892,6,California,91
11292,8,Colorado,82
12339,18,Indiana,42
11711,35,New Mexico,86
12478,36,New York,22
11292,8,Colorado,82
11292,8,Colorado,82
15370,40,Oklahoma,73
11292,8,Colorado,82
11618,34,New Jersey,21
11292,8,Colorado,82
11433,26,Michigan,43
12953,36,New York,22
10423,48,Texas,74
12441,56,Wyoming,88
11292,8,Colorado,82
11292,8,Colorado,82
13486,30,Montana,84
14489,41,Oregon,92
11292,8,Colorado,82
11292,8,Colorado,82
11292,8,Colorado,82
11109,8,Colorado,82
14120,46,South Dakota,67
11413,8,Colorado,82
11292,8,Colorado,82
10372,8,Colorado,82
11292,8,Colorado,82
11292,8,Colorado,82
11292,8,Colorado,82
13930,17,Illinois,41
11292,8,Colorado,82
11292,8,Colorado,82
11292,8,Colorado,82
14877,20,Kansas,62
11292,8,Colorado,82
12255,20,Kansas,62
12519,38,North Dakota,66
12888,56,Wyoming,88
14783,29,Missouri,64
11292,8,Colorado,82
12889,32,Nevada,85
11292,8,Colorado,82
11292,8,Colorado,82
11292,8,Colorado,82
11315,38,North Dakota,66
11292,8,Colorado,82
11292,8,Colorado,82
11292,8,Colorado,82
11292,8,Colorado,82
10221,31,Nebraska,65
10925,31,Nebraska,65
13200,31,Nebraska,65
15582,49,Utah,87
11292,8,Colorado,82
11292,8,Colorado,82
11267,39,Ohio,44
11292,8,Colorado,82
11292,8,Colorado,82
10299,2,Alaska,1
11109,8,Colorado,82
11292,8,Colorado,82
10279,48,Texas,74
12892,6,California,91
14893,6,California,91
14057,41,Oregon,92
11292,8,Colorado,82
11292,8,Colorado,82
11884,53,Washington,93
13495,22,Louisiana,72
14107,4,Arizona,81
11292,8,Colorado,82
10950,8,Colorado,82
10397,13,Georgia,34
13502,8,Colorado,82
11292,8,Colorado,82
13433,38,North Dakota,66
11292,8,Colorado,82
14570,32,Nevada,85
11292,8,Colorado,82
11292,8,Colorado,82
11292,8,Colorado,82
11292,8,Colorado,82
10561,6,California,91
11865,56,Wyoming,88
12992,5,Arkansas,71
14543,56,Wyoming,88
11292,8,Colorado,82
11109,8,Colorado,82
11292,8,Colorado,82
11109,8,Colorado,82
11292,8,Colorado,82
10849,30,Montana,84
12892,6,California,91
11292,8,Colorado,82
13891,6,California,91
14492,37,North Carolina,36
15304,12,Florida,33
11292,8,Colorado,82
14908,6,California,91
11292,8,Colorado,82
12896,48,Texas,74
11292,8,Colorado,82
11292,8,Colorado,82
11292,8,Colorado,82
11092,49,Utah,87
14869,49,Utah,87
12266,48,Texas,74
10721,25,Massachusetts,13
15376,4,Arizona,81
11292,8,Colorado,82
13930,17,Illinois,41
11292,8,Colorado,82
13486,30,Montana,84
11292,8,Colorado,82
10721,25,Massachusetts,13
14869,49,Utah,87
11292,8,Colorado,82
11292,8,Colorado,82
11109,8,Colorado,82
14869,49,Utah,87
10372,8,Colorado,82
11292,8,Colorado,82
14057,41,Oregon,92
11292,8,Colorado,82
15016,29,Missouri,64
15370,40,Oklahoma,73
13487,27,Minnesota,63
11122,56,Wyoming,88
15016,29,Missouri,64
13303,12,Florida,33
11292,8,Colorado,82
11292,8,Colorado,82
11292,8,Colorado,82
11292,8,Colorado,82
10620,30,Montana,84
11292,8,Colorado,82
11292,8,Colorado,82
12266,48,Texas,74
13204,12,Florida,33
11292,8,Colorado,82
11292,8,Colorado,82
12889,32,Nevada,85
11292,8,Colorado,82
12389,38,North Dakota,66
11292,8,Colorado,82
14107,4,Arizona,81
11292,8,Colorado,82
11292,8,Colorado,82
12892,6,California,91
11540,48,Texas,74
14252,53,Washington,93
14794,49,Utah,87
14107,4,Arizona,81
11292,8,Colorado,82
14107,4,Arizona,81
11413,8,Colorado,82
11921,8,Colorado,82
11292,8,Colorado,82
12889,32,Nevada,85
11193,21,Kentucky,52
12889,32,Nevada,85
12892,6,California,91
14771,6,California,91
11292,8,Colorado,82
11292,8,Colorado,82
11292,8,Colorado,82
11292,8,Colorado,82
14674,35,New Mexico,86
11292,8,Colorado,82
14100,42,Pennsylvania,23
11292,8,Colorado,82
13796,6,California,91
14747,53,Washington,93
11292,8,Colorado,82
11292,8,Colorado,82
11122,56,Wyoming,88
15376,4,Arizona,81
11292,8,Colorado,82
11292,8,Colorado,82
11292,8,Colorado,82
11292,8,Colorado,82
11921,8,Colorado,82
11618,34,New Jersey,21
12003,30,Montana,84
11292,8,Colorado,82
12264,51,Virginia,38
11292,8,Colorado,82
11292,8,Colorado,82
11292,8,Colorado,82
11638,6,California,91
11921,8,Colorado,82
11292,8,Colorado,82
14771,6,California,91
13487,27,Minnesota,63
11292,8,Colorado,82
11618,34,New Jersey,21
14107,4,Arizona,81
13342,55,Wisconsin,45
10721,25,Massachusetts,13
14457,46,South Dakota,67
11292,8,Colorado,82
11292,8,Colorado,82
11292,8,Colorado,82
10627,38,North Dakota,66
13796,6,California,91
11292,8,Colorado,82
11292,8,Colorado,82
12264,51,Virginia,38
11292,8,Colorado,82
13851,40,Oklahoma,73
14057,41,Oregon,92
11292,8,Colorado,82
14747,53,Washington,93
11292,8,Colorado,82
12953,36,New York,22
11292,8,Colorado,82
14288,8,Colorado,82
11292,8,Colorado,82
10272,8,Colorado,82
11292,8,Colorado,82
11292,8,Colorado,82
11292,8,Colorado,82
11292,8,Colorado,82
12266,48,Texas,74
11292,8,Colorado,82
14747,53,Washington,93
14908,6,California,91
12892,6,California,91
11292,8,Colorado,82
11292,8,Colorado,82
11292,8,Colorado,82
11292,8,Colorado,82
11637,38,North Dakota,66
14771,6,California,91
11278,51,Virginia,38
12191,48,Texas,74
13930,17,Illinois,41
14683,48,Texas,74
12953,36,New York,22
11292,8,Colorado,82
11292,8,Colorado,82
10140,35,New Mexico,86
10800,6,California,91
12339,18,Indiana,42
11292,8,Colorado,82
11292,8,Colorado,82
13871,31,Nebraska,65
11292,8,Colorado,82
12191,48,Texas,74
10821,24,Maryland,35
11292,8,Colorado,82
11292,8,Colorado,82
11618,34,New Jersey,21
14869,49,Utah,87
15016,29,Missouri,64
11921,8,Colorado,82
11292,8,Colorado,82
14771,6,California,91
11292,8,Colorado,82
13204,12,Florida,33
11292,8,Colorado,82
11292,8,Colorado,82
11292,8,Colorado,82
12892,6,California,91
12280,16,Idaho,83
10821,24,Maryland,35
11921,8,Colorado,82
11298,48,Texas,74
11298,48,Texas,74
11292,8,Colorado,82
11413,8,Colorado,82
11292,8,Colorado,82
11292,8,Colorado,82
11292,8,Colorado,82
13930,17,Illinois,41
11292,8,Colorado,82
11292,8,Colorado,82
11292,8,Colorado,82
10693,47,Tennessee,54
14771,6,California,91
10397,13,Georgia,34
11292,8,Colorado,82
11292,8,Colorado,82
14747,53,Washington,93
11292,8,Colorado,82
14771,6,California,91
11292,8,Colorado,82
11292,8,Colorado,82
14747,53,Washington,93
11292,8,Colorado,82
10423,48,Texas,74
14831,6,California,91
14869,49,Utah,87
11292,8,Colorado,82
11292,8,Colorado,82
11413,8,Colorado,82
14893,6,California,91
11292,8,Colorado,82
11292,8,Colorado,82
11292,8,Colorado,82
11298,48,Texas,74
11109,8,Colorado,82
13232,17,Illinois,41
11292,8,Colorado,82
11292,8,Colorado,82
11292,8,Colorado,82
11292,8,Colorado,82
13487,27,Minnesota,63
14679,6,California,91
11292,8,Colorado,82
11109,8,Colorado,82
11292,8,Colorado,82
11292,8,Colorado,82
12892,6,California,91
14908,6,California,91
11292,8,Colorado,82
11292,8,Colorado,82
14869,49,Utah,87
13232,17,Illinois,41
10397,13,Georgia,34
12264,51,Virginia,38
13487,27,Minnesota,63
11292,8,Colorado,82
11292,8,Colorado,82
11259,48,Texas,74
11292,8,Colorado,82
11292,8,Colorado,82
12266,48,Texas,74
11292,8,Colorado,82
12892,6,California,91
11292,8,Colorado,82
10372,8,Colorado,82
11292,8,Colorado,82
11292,8,Colorado,82
11057,37,North Carolina,36
13198,29,Missouri,64
14107,4,Arizona,81
11292,8,Colorado,82
11292,8,Colorado,82
11292,8,Colorado,82
11298,48,Texas,74
13930,17,Illinois,41
12889,32,Nevada,85
11292,8,Colorado,82
