DEST_AIRPORT_ID,DEST_AIRPORT_SEQ_ID,DEST_CITY_MARKET_ID,DEST_CITY_NAME,DEST_STATE_ABR
11292,1129202,30325,"Denver, CO",CO
14771,1477102,32457,"San Francisco, CA",CA
11292,1129202,30325,"Denver, CO",CO
10325,1032504,30325,"Denver, CO",CO
11315,1131502,31315,"Dickinson, ND",ND
12389,1238902,32389,"Williston, ND",ND
11292,1129202,30325,"Denver, CO",CO
15016,1501603,31123,"St. Louis, MO",MO
11503,1150303,31503,"Eagle, CO",CO
11503,1150303,31503,"Eagle, CO",CO
11292,1129202,30325,"Denver, CO",CO
11996,1199603,31871,"Greer, SC",SC
15570,1557001,35570,"Victorville, CA",CA
11109,1110902,30189,"Colorado Springs, CO",CO
10800,1080003,32575,"Burbank, CA",CA
11503,1150303,31503,"Eagle, CO",CO
10800,1080003,32575,"Burbank, CA",CA
10372,1037203,30372,"Aspen, CO",CO
14107,1410702,30466,"Phoenix, AZ",AZ
11292,1129202,30325,"Denver, CO",CO
11109,1110902,30189,"Colorado Springs, CO",CO
11292,1129202,30325,"Denver, CO",CO
11292,1129202,30325,"Denver, CO",CO
10397,1039705,30397,"Atlanta, GA",GA
11298,1129804,30194,"Dallas/Fort Worth, TX",TX
11292,1129202,30325,"Denver, CO",CO
10397,1039705,30397,"Atlanta, GA",GA
10397,1039705,30397,"Atlanta, GA",GA
10397,1039705,30397,"Atlanta, GA",GA
11193,1119302,33105,"Cincinnati, OH",KY
11433,1143302,31295,"Detroit, MI",MI
11775,1177502,31775,"Sioux Falls, SD",SD
12889,1288903,32211,"Las Vegas, NV",NV
14679,1467903,33570,"San Diego, CA",CA
14869,1486903,34614,"Salt Lake City, UT",UT
11292,1129202,30325,"Denver, CO",CO
11292,1129202,30325,"Denver, CO",CO
11292,1129202,30325,"Denver, CO",CO
11292,1129202,30325,"Denver, CO",CO
11292,1129202,30325,"Denver, CO",CO
11292,1129202,30325,"Denver, CO",CO
16091,1609103,31295,"Detroit, MI",MI
11109,1110902,30189,"Colorado Springs, CO",CO
11292,1129202,30325,"Denver, CO",CO
11042,1104203,30647,"Cleveland, OH",OH
12448,1244805,32448,"Jackson/Vicksburg, MS",MS
12892,1289205,32575,"Los Angeles, CA",CA
13303,1330303,32467,"Miami, FL",FL
14524,1452401,34524,"Richmond, VA",VA
11292,1129202,30325,"Denver, CO",CO
14771,1477102,32457,"San Francisco, CA",CA
11292,1129202,30325,"Denver, CO",CO
11292,1129202,30325,"Denver, CO",CO
11292,1129202,30325,"Denver, CO",CO
11109,1110902,30189,"Colorado Springs, CO",CO
10792,1079204,30792,"Buffalo, NY",NY
11140,1114006,31140,"Corpus Christi, TX",TX
11481,1148102,31481,"Panama City, FL",FL
11973,1197302,31973,"Gulfport/Biloxi, MS",MS
11996,1199603,31871,"Greer, SC",SC
12896,1289605,32896,"Lubbock, TX",TX
12992,1299204,32600,"Little Rock, AR",AR
11109,1110902,30189,"Colorado Springs, CO",CO
11292,1129202,30325,"Denver, CO",CO
10423,1042302,30423,"Austin, TX",TX
13930,1393004,30977,"Chicago, IL",IL
14831,1483104,32457,"San Jose, CA",CA
10325,1032504,30325,"Denver, CO",CO
10325,1032504,30325,"Denver, CO",CO
10372,1037203,30372,"Aspen, CO",CO
12889,1288903,32211,"Las Vegas, NV",NV
11292,1129202,30325,"Denver, CO",CO
11292,1129202,30325,"Denver, CO",CO
13796,1379604,32457,"Oakland, CA",CA
14275,1427502,34275,"Pontiac, MI",MI
14869,1486903,34614,"Salt Lake City, UT",UT
11921,1192102,31921,"Grand Junction, CO",CO
11563,1156303,31563,"Wendover, UT",UT
11292,1129202,30325,"Denver, CO",CO
11292,1129202,30325,"Denver, CO",CO
13796,1379604,32457,"Oakland, CA",CA
11292,1129202,30325,"Denver, CO",CO
13342,1334205,33342,"Milwaukee, WI",WI
11292,1129202,30325,"Denver, CO",CO
10590,1059004,30590,"Bullhead City, AZ",AZ
10590,1059004,30590,"Bullhead City, AZ",AZ
11292,1129202,30325,"Denver, CO",CO
11719,1171902,31719,"Fort Collins/Loveland, CO",CO
13502,1350202,33502,"Montrose/Delta, CO",CO
14288,1428803,34288,"Pueblo, CO",CO
10590,1059004,30590,"Bullhead City, AZ",AZ
10590,1059004,30590,"Bullhead City, AZ",AZ
14288,1428803,34288,"Pueblo, CO",CO
13796,1379604,32457,"Oakland, CA",CA
11292,1129202,30325,"Denver, CO",CO
11193,1119302,33105,"Cincinnati, OH",KY
11292,1129202,30325,"Denver, CO",CO
11109,1110902,30189,"Colorado Springs, CO",CO
11292,1129202,30325,"Denver, CO",CO
13851,1385103,33851,"Oklahoma City, OK",OK
11292,1129202,30325,"Denver, CO",CO
11292,1129202,30325,"Denver, CO",CO
11292,1129202,30325,"Denver, CO",CO
10558,1055803,30558,"Scottsbluff, NE",NE
11283,1128302,31283,"Dodge City, KS",KS
11292,1129202,30325,"Denver, CO",CO
11468,1146802,31468,"Kearney, NE",NE
12899,1289902,32899,"North Platte, NE",NE
12902,1290203,32902,"Liberal, KS",KS
11292,1129202,30325,"Denver, CO",CO
11292,1129202,30325,"Denver, CO",CO
10325,1032504,30325,"Denver, CO",CO
11292,1129202,30325,"Denver, CO",CO
14081,1408102,34081,"Page, AZ",AZ
11711,1171102,31711,"Farmington, NM",NM
11292,1129202,30325,"Denver, CO",CO
11292,1129202,30325,"Denver, CO",CO
10409,1040903,30409,"Watertown, SD",SD
12389,1238902,32389,"Williston, ND",ND
11292,1129202,30325,"Denver, CO",CO
12889,1288903,32211,"Las Vegas, NV",NV
11921,1192102,31921,"Grand Junction, CO",CO
11292,1129202,30325,"Denver, CO",CO
11298,1129804,30194,"Dallas/Fort Worth, TX",TX
12278,1227803,30928,"Wichita, KS",KS
10721,1072102,30721,"Boston, MA",MA
12892,1289205,32575,"Los Angeles, CA",CA
12992,1299204,32600,"Little Rock, AR",AR
11292,1129202,30325,"Denver, CO",CO
11109,1110902,30189,"Colorado Springs, CO",CO
11292,1129202,30325,"Denver, CO",CO
11292,1129202,30325,"Denver, CO",CO
11109,1110902,30189,"Colorado Springs, CO",CO
12892,1289205,32575,"Los Angeles, CA",CA
13487,1348702,31650,"Minneapolis, MN",MN
13487,1348702,31650,"Minneapolis, MN",MN
14869,1486903,34614,"Salt Lake City, UT",UT
11292,1129202,30325,"Denver, CO",CO
11292,1129202,30325,"Denver, CO",CO
11292,1129202,30325,"Denver, CO",CO
15370,1537002,34653,"Tulsa, OK",OK
11292,1129202,30325,"Denver, CO",CO
11292,1129202,30325,"Denver, CO",CO
12992,1299204,32600,"Little Rock, AR",AR
13486,1348602,33486,"Missoula, MT",MT
15376,1537602,30436,"Tucson, AZ",AZ
11292,1129202,30325,"Denver, CO",CO
11109,1110902,30189,"Colorado Springs, CO",CO
10140,1014003,30140,"Albuquerque, NM",NM
10397,1039705,30397,"Atlanta, GA",GA
10423,1042302,30423,"Austin, TX",TX
11003,1100303,31003,"Cedar Rapids/Iowa City, IA",IA
11097,1109702,31097,"Cody, WY",WY
11122,1112203,31122,"Casper, WY",WY
11298,1129804,30194,"Dallas/Fort Worth, TX",TX
11986,1198603,31986,"Grand Rapids, MI",MI
12266,1226603,31453,"Houston, TX",TX
12441,1244102,32441,"Jackson, WY",WY
12992,1299204,32600,"Little Rock, AR",AR
13264,1326403,33264,"Medford, OR",OR
13871,1387102,33316,"Omaha, NE",NE
13930,1393004,30977,"Chicago, IL",IL
14489,1448902,34489,"Bend/Redmond, OR",OR
14679,1467903,33570,"San Diego, CA",CA
14730,1473003,33044,"Louisville, KY",KY
14771,1477102,32457,"San Francisco, CA",CA
14771,1477102,32457,"San Francisco, CA",CA
14908,1490803,32575,"Santa Ana, CA",CA
15041,1504102,35041,"Sun Valley/Hailey/Ketchum, ID",ID
11109,1110902,30189,"Colorado Springs, CO",CO
12892,1289205,32575,"Los Angeles, CA",CA
11292,1129202,30325,"Denver, CO",CO
11292,1129202,30325,"Denver, CO",CO
11292,1129202,30325,"Denver, CO",CO
11292,1129202,30325,"Denver, CO",CO
11292,1129202,30325,"Denver, CO",CO
11292,1129202,30325,"Denver, CO",CO
11109,1110902,30189,"Colorado Springs, CO",CO
11292,1129202,30325,"Denver, CO",CO
11292,1129202,30325,"Denver, CO",CO
11921,1192102,31921,"Grand Junction, CO",CO
11292,1129202,30325,"Denver, CO",CO
11292,1129202,30325,"Denver, CO",CO
11109,1110902,30189,"Colorado Springs, CO",CO
11292,1129202,30325,"Denver, CO",CO
11292,1129202,30325,"Denver, CO",CO
11292,1129202,30325,"Denver, CO",CO
11292,1129202,30325,"Denver, CO",CO
11292,1129202,30325,"Denver, CO",CO
11292,1129202,30325,"Denver, CO",CO
10140,1014003,30140,"Albuquerque, NM",NM
10620,1062002,30620,"Billings, MT",MT
10721,1072102,30721,"Boston, MA",MA
10849,1084903,30849,"Bozeman, MT",MT
11193,1119302,33105,"Cincinnati, OH",KY
11433,1143302,31295,"Detroit, MI",MI
11697,1169704,32467,"Fort Lauderdale, FL",FL
12264,1226402,30852,"Washington, DC",VA
12266,1226603,31453,"Houston, TX",TX
12889,1288903,32211,"Las Vegas, NV",NV
13198,1319801,33198,"Kansas City, MO",MO
13204,1320402,31454,"Orlando, FL",FL
13930,1393004,30977,"Chicago, IL",IL
14100,1410002,34100,"Philadelphia, PA",PA
14262,1426204,34262,"Palm Springs, CA",CA
14524,1452401,34524,"Richmond, VA",VA
14570,1457002,34570,"Reno, NV",NV
14869,1486903,34614,"Salt Lake City, UT",UT
15016,1501603,31123,"St. Louis, MO",MO
15016,1501603,31123,"St. Louis, MO",MO
15370,1537002,34653,"Tulsa, OK",OK
11292,1129202,30325,"Denver, CO",CO
11292,1129202,30325,"Denver, CO",CO
11292,1129202,30325,"Denver, CO",CO
11292,1129202,30325,"Denver, CO",CO
11292,1129202,30325,"Denver, CO",CO
11292,1129202,30325,"Denver, CO",CO
11292,1129202,30325,"Denver, CO",CO
11292,1129202,30325,"Denver, CO",CO
11292,1129202,30325,"Denver, CO",CO
11292,1129202,30325,"Denver, CO",CO
11292,1129202,30325,"Denver, CO",CO
11292,1129202,30325,"Denver, CO",CO
11292,1129202,30325,"Denver, CO",CO
11292,1129202,30325,"Denver, CO",CO
11292,1129202,30325,"Denver, CO",CO
11292,1129202,30325,"Denver, CO",CO
11292,1129202,30325,"Denver, CO",CO
11292,1129202,30325,"Denver, CO",CO
11292,1129202,30325,"Denver, CO",CO
10140,1014003,30140,"Albuquerque, NM",NM
10713,1071302,30713,"Boise, ID",ID
11433,1143302,31295,"Detroit, MI",MI
11986,1198603,31986,"Grand Rapids, MI",MI
13342,1334205,33342,"Milwaukee, WI",WI
14057,1405702,34057,"Portland, OR",OR
14100,1410002,34100,"Philadelphia, PA",PA
14570,1457002,34570,"Reno, NV",NV
14635,1463502,31714,"Fort Myers, FL",FL
15370,1537002,34653,"Tulsa, OK",OK
11292,1129202,30325,"Denver, CO",CO
11292,1129202,30325,"Denver, CO",CO
11292,1129202,30325,"Denver, CO",CO
11292,1129202,30325,"Denver, CO",CO
11292,1129202,30325,"Denver, CO",CO
11292,1129202,30325,"Denver, CO",CO
11292,1129202,30325,"Denver, CO",CO
11292,1129202,30325,"Denver, CO",CO
11292,1129202,30325,"Denver, CO",CO
11042,1104203,30647,"Cleveland, OH",OH
11109,1110902,30189,"Colorado Springs, CO",CO
11423,1142304,31423,"Des Moines, IA",IA
12278,1227803,30928,"Wichita, KS",KS
13871,1387102,33316,"Omaha, NE",NE
14869,1486903,34614,"Salt Lake City, UT",UT
11292,1129202,30325,"Denver, CO",CO
11292,1129202,30325,"Denver, CO",CO
11292,1129202,30325,"Denver, CO",CO
11292,1129202,30325,"Denver, CO",CO
11066,1106603,31066,"Columbus, OH",OH
11433,1143302,31295,"Detroit, MI",MI
12266,1226603,31453,"Houston, TX",TX
12339,1233904,32337,"Indianapolis, IN",IN
13204,1320402,31454,"Orlando, FL",FL
13204,1320402,31454,"Orlando, FL",FL
13486,1348602,33486,"Missoula, MT",MT
13930,1393004,30977,"Chicago, IL",IL
13930,1393004,30977,"Chicago, IL",IL
14107,1410702,30466,"Phoenix, AZ",AZ
15016,1501603,31123,"St. Louis, MO",MO
15412,1541203,35412,"Knoxville, TN",TN
11292,1129202,30325,"Denver, CO",CO
11292,1129202,30325,"Denver, CO",CO
11292,1129202,30325,"Denver, CO",CO
11292,1129202,30325,"Denver, CO",CO
11292,1129202,30325,"Denver, CO",CO
11292,1129202,30325,"Denver, CO",CO
11292,1129202,30325,"Denver, CO",CO
11292,1129202,30325,"Denver, CO",CO
11292,1129202,30325,"Denver, CO",CO
11292,1129202,30325,"Denver, CO",CO
11292,1129202,30325,"Denver, CO",CO
11298,1129804,30194,"Dallas/Fort Worth, TX",TX
12339,1233904,32337,"Indianapolis, IN",IN
13198,1319801,33198,"Kansas City, MO",MO
13495,1349503,33495,"New Orleans, LA",LA
14869,1486903,34614,"Salt Lake City, UT",UT
15376,1537602,30436,"Tucson, AZ",AZ
14869,1486903,34614,"Salt Lake City, UT",UT
11292,1129202,30325,"Denver, CO",CO
11292,1129202,30325,"Denver, CO",CO
11921,1192102,31921,"Grand Junction, CO",CO
11292,1129202,30325,"Denver, CO",CO
11433,1143302,31295,"Detroit, MI",MI
11292,1129202,30325,"Denver, CO",CO
12891,1289102,32891,"Lawton/Fort Sill, OK",OK
11413,1141304,30285,"Durango, CO",CO
11292,1129202,30325,"Denver, CO",CO
11292,1129202,30325,"Denver, CO",CO
13502,1350202,33502,"Montrose/Delta, CO",CO
11298,1129804,30194,"Dallas/Fort Worth, TX",TX
14877,1487704,34877,"Salina, KS",KS
11292,1129202,30325,"Denver, CO",CO
15016,1501603,31123,"St. Louis, MO",MO
11109,1110902,30189,"Colorado Springs, CO",CO
11292,1129202,30325,"Denver, CO",CO
12012,1201203,32012,"Gunnison, CO",CO
10559,1055902,30559,"Seattle, WA",WA
12889,1288903,32211,"Las Vegas, NV",NV
14730,1473003,33044,"Louisville, KY",KY
11292,1129202,30325,"Denver, CO",CO
11292,1129202,30325,"Denver, CO",CO
14057,1405702,34057,"Portland, OR",OR
11292,1129202,30325,"Denver, CO",CO
11292,1129202,30325,"Denver, CO",CO
13487,1348702,31650,"Minneapolis, MN",MN
13487,1348702,31650,"Minneapolis, MN",MN
11292,1129202,30325,"Denver, CO",CO
11986,1198603,31986,"Grand Rapids, MI",MI
11292,1129202,30325,"Denver, CO",CO
11292,1129202,30325,"Denver, CO",CO
11109,1110902,30189,"Colorado Springs, CO",CO
11921,1192102,31921,"Grand Junction, CO",CO
12003,1200302,31895,"Great Falls, MT",MT
14057,1405702,34057,"Portland, OR",OR
14683,1468303,33214,"San Antonio, TX",TX
11109,1110902,30189,"Colorado Springs, CO",CO
10372,1037203,30372,"Aspen, CO",CO
11292,1129202,30325,"Denver, CO",CO
11298,1129804,30194,"Dallas/Fort Worth, TX",TX
11292,1129202,30325,"Denver, CO",CO
11921,1192102,31921,"Grand Junction, CO",CO
11292,1129202,30325,"Denver, CO",CO
11292,1129202,30325,"Denver, CO",CO
11292,1129202,30325,"Denver, CO",CO
11292,1129202,30325,"Denver, CO",CO
11292,1129202,30325,"Denver, CO",CO
10397,1039705,30397,"Atlanta, GA",GA
10721,1072102,30721,"Boston, MA",MA
11278,1127803,30852,"Washington, DC",VA
11884,1188402,31884,"Spokane, WA",WA
12278,1227803,30928,"Wichita, KS",KS
14492,1449202,34492,"Raleigh/Durham, NC",NC
14689,1468902,34689,"Santa Barbara, CA",CA
15304,1530402,33195,"Tampa, FL",FL
15376,1537602,30436,"Tucson, AZ",AZ
11292,1129202,30325,"Denver, CO",CO
11292,1129202,30325,"Denver, CO",CO
11292,1129202,30325,"Denver, CO",CO
11292,1129202,30325,"Denver, CO",CO
11292,1129202,30325,"Denver, CO",CO
11292,1129202,30325,"Denver, CO",CO
11292,1129202,30325,"Denver, CO",CO
11292,1129202,30325,"Denver, CO",CO
11292,1129202,30325,"Denver, CO",CO
10140,1014003,30140,"Albuquerque, NM",NM
10821,1082104,30852,"Baltimore, MD",MD
10994,1099402,30994,"Charleston, SC",SC
11066,1106603,31066,"Columbus, OH",OH
11884,1188402,31884,"Spokane, WA",WA
14730,1473003,33044,"Louisville, KY",KY
14869,1486903,34614,"Salt Lake City, UT",UT
11292,1129202,30325,"Denver, CO",CO
11292,1129202,30325,"Denver, CO",CO
11292,1129202,30325,"Denver, CO",CO
11292,1129202,30325,"Denver, CO",CO
11292,1129202,30325,"Denver, CO",CO
11292,1129202,30325,"Denver, CO",CO
10599,1059904,30599,"Birmingham, AL",AL
11066,1106603,31066,"Columbus, OH",OH
13487,1348702,31650,"Minneapolis, MN",MN
15370,1537002,34653,"Tulsa, OK",OK
11292,1129202,30325,"Denver, CO",CO
13485,1348502,33485,"Madison, WI",WI
13487,1348702,31650,"Minneapolis, MN",MN
14492,1449202,34492,"Raleigh/Durham, NC",NC
14683,1468303,33214,"San Antonio, TX",TX
11292,1129202,30325,"Denver, CO",CO
11292,1129202,30325,"Denver, CO",CO
11292,1129202,30325,"Denver, CO",CO
10620,1062002,30620,"Billings, MT",MT
11540,1154003,30615,"El Paso, TX",TX
11292,1129202,30325,"Denver, CO",CO
11193,1119302,33105,"Cincinnati, OH",KY
14869,1486903,34614,"Salt Lake City, UT",UT
11292,1129202,30325,"Denver, CO",CO
11292,1129202,30325,"Denver, CO",CO
10849,1084903,30849,"Bozeman, MT",MT
13487,1348702,31650,"Minneapolis, MN",MN
14730,1473003,33044,"Louisville, KY",KY
11292,1129202,30325,"Denver, CO",CO
11292,1129202,30325,"Denver, CO",CO
11292,1129202,30325,"Denver, CO",CO
11292,1129202,30325,"Denver, CO",CO
11292,1129202,30325,"Denver, CO",CO
10279,1027903,30279,"Amarillo, TX",TX
10849,1084903,30849,"Bozeman, MT",MT
11193,1119302,33105,"Cincinnati, OH",KY
11267,1126702,31267,"Dayton, OH",OH
11986,1198603,31986,"Grand Rapids, MI",MI
12896,1289605,32896,"Lubbock, TX",TX
13502,1350202,33502,"Montrose/Delta, CO",CO
13891,1389101,32575,"Ontario, CA",CA
14107,1410702,30466,"Phoenix, AZ",AZ
14262,1426204,34262,"Palm Springs, CA",CA
14489,1448902,34489,"Bend/Redmond, OR",OR
14683,1468303,33214,"San Antonio, TX",TX
15370,1537002,34653,"Tulsa, OK",OK
11292,1129202,30325,"Denver, CO",CO
11921,1192102,31921,"Grand Junction, CO",CO
11292,1129202,30325,"Denver, CO",CO
11292,1129202,30325,"Denver, CO",CO
11292,1129202,30325,"Denver, CO",CO
11292,1129202,30325,"Denver, CO",CO
11292,1129202,30325,"Denver, CO",CO
11292,1129202,30325,"Denver, CO",CO
11292,1129202,30325,"Denver, CO",CO
11292,1129202,30325,"Denver, CO",CO
10397,1039705,30397,"Atlanta, GA",GA
11618,1161802,31703,"Newark, NJ",NJ
13198,1319801,33198,"Kansas City, MO",MO
14262,1426204,34262,"Palm Springs, CA",CA
11292,1129202,30325,"Denver, CO",CO
11292,1129202,30325,"Denver, CO",CO
11292,1129202,30325,"Denver, CO",CO
11292,1129202,30325,"Denver, CO",CO
11292,1129202,30325,"Denver, CO",CO
11292,1129202,30325,"Denver, CO",CO
11292,1129202,30325,"Denver, CO",CO
11292,1129202,30325,"Denver, CO",CO
10994,1099402,30994,"Charleston, SC",SC
12339,1233904,32337,"Indianapolis, IN",IN
12954,1295403,32575,"Long Beach, CA",CA
13198,1319801,33198,"Kansas City, MO",MO
13495,1349503,33495,"New Orleans, LA",LA
13495,1349503,33495,"New Orleans, LA",LA
13871,1387102,33316,"Omaha, NE",NE
13891,1389101,32575,"Ontario, CA",CA
13931,1393102,33667,"Norfolk, VA",VA
14683,1468303,33214,"San Antonio, TX",TX
14747,1474703,30559,"Seattle, WA",WA
14831,1483104,32457,"San Jose, CA",CA
14893,1489302,33192,"Sacramento, CA",CA
15376,1537602,30436,"Tucson, AZ",AZ
11292,1129202,30325,"Denver, CO",CO
11292,1129202,30325,"Denver, CO",CO
11292,1129202,30325,"Denver, CO",CO
11292,1129202,30325,"Denver, CO",CO
11292,1129202,30325,"Denver, CO",CO
11292,1129202,30325,"Denver, CO",CO
11292,1129202,30325,"Denver, CO",CO
11292,1129202,30325,"Denver, CO",CO
11292,1129202,30325,"Denver, CO",CO
10140,1014003,30140,"Albuquerque, NM",NM
10693,1069302,30693,"Nashville, TN",TN
11540,1154003,30615,"El Paso, TX",TX
13244,1324402,33244,"Memphis, TN",TN
13851,1385103,33851,"Oklahoma City, OK",OK
15919,1591902,31834,"Fayetteville, AR",AR
11292,1129202,30325,"Denver, CO",CO
11292,1129202,30325,"Denver, CO",CO
11292,1129202,30325,"Denver, CO",CO
11292,1129202,30325,"Denver, CO",CO
11292,1129202,30325,"Denver, CO",CO
11292,1129202,30325,"Denver, CO",CO
11292,1129202,30325,"Denver, CO",CO
11292,1129202,30325,"Denver, CO",CO
11292,1129202,30325,"Denver, CO",CO
11003,1100303,31003,"Cedar Rapids/Iowa City, IA",IA
12339,1233904,32337,"Indianapolis, IN",IN
11292,1129202,30325,"Denver, CO",CO
11292,1129202,30325,"Denver, CO",CO
11292,1129202,30325,"Denver, CO",CO
10620,1062002,30620,"Billings, MT",MT
14783,1478302,34783,"Springfield, MO",MO
14814,1481402,30476,"Shreveport, LA",LA
15376,1537602,30436,"Tucson, AZ",AZ
11292,1129202,30325,"Denver, CO",CO
11292,1129202,30325,"Denver, CO",CO
11292,1129202,30325,"Denver, CO",CO
11109,1110902,30189,"Colorado Springs, CO",CO
11292,1129202,30325,"Denver, CO",CO
12892,1289205,32575,"Los Angeles, CA",CA
11921,1192102,31921,"Grand Junction, CO",CO
11298,1129804,30194,"Dallas/Fort Worth, TX",TX
11292,1129202,30325,"Denver, CO",CO
11292,1129202,30325,"Denver, CO",CO
10140,1014003,30140,"Albuquerque, NM",NM
11298,1129804,30194,"Dallas/Fort Worth, TX",TX
11292,1129202,30325,"Denver, CO",CO
11884,1188402,31884,"Spokane, WA",WA
13486,1348602,33486,"Missoula, MT",MT
13487,1348702,31650,"Minneapolis, MN",MN
14783,1478302,34783,"Springfield, MO",MO
12892,1289205,32575,"Los Angeles, CA",CA
11292,1129202,30325,"Denver, CO",CO
11413,1141304,30285,"Durango, CO",CO
11292,1129202,30325,"Denver, CO",CO
11292,1129202,30325,"Denver, CO",CO
11292,1129202,30325,"Denver, CO",CO
11292,1129202,30325,"Denver, CO",CO
11292,1129202,30325,"Denver, CO",CO
11292,1129202,30325,"Denver, CO",CO
11292,1129202,30325,"Denver, CO",CO
11292,1129202,30325,"Denver, CO",CO
11292,1129202,30325,"Denver, CO",CO
11292,1129202,30325,"Denver, CO",CO
11292,1129202,30325,"Denver, CO",CO
10713,1071302,30713,"Boise, ID",ID
10849,1084903,30849,"Bozeman, MT",MT
11057,1105703,31057,"Charlotte, NC",NC
11066,1106603,31066,"Columbus, OH",OH
11066,1106603,31066,"Columbus, OH",OH
11603,1160302,31603,"Eugene, OR",OR
11648,1164802,31648,"Kalispell, MT",MT
12982,1298202,32982,"Lihue, HI",HI
13485,1348502,33485,"Madison, WI",WI
13495,1349503,33495,"New Orleans, LA",LA
14100,1410002,34100,"Philadelphia, PA",PA
14100,1410002,34100,"Philadelphia, PA",PA
14570,1457002,34570,"Reno, NV",NV
14771,1477102,32457,"San Francisco, CA",CA
11292,1129202,30325,"Denver, CO",CO
11292,1129202,30325,"Denver, CO",CO
11292,1129202,30325,"Denver, CO",CO
11292,1129202,30325,"Denver, CO",CO
11292,1129202,30325,"Denver, CO",CO
11292,1129202,30325,"Denver, CO",CO
11292,1129202,30325,"Denver, CO",CO
10423,1042302,30423,"Austin, TX",TX
13931,1393102,33667,"Norfolk, VA",VA
14679,1467903,33570,"San Diego, CA",CA
14683,1468303,33214,"San Antonio, TX",TX
14831,1483104,32457,"San Jose, CA",CA
11292,1129202,30325,"Denver, CO",CO
11292,1129202,30325,"Denver, CO",CO
11292,1129202,30325,"Denver, CO",CO
11292,1129202,30325,"Denver, CO",CO
11292,1129202,30325,"Denver, CO",CO
11292,1129202,30325,"Denver, CO",CO
12339,1233904,32337,"Indianapolis, IN",IN
14683,1468303,33214,"San Antonio, TX",TX
11292,1129202,30325,"Denver, CO",CO
11292,1129202,30325,"Denver, CO",CO
13342,1334205,33342,"Milwaukee, WI",WI
14908,1490803,32575,"Santa Ana, CA",CA
11292,1129202,30325,"Denver, CO",CO
11292,1129202,30325,"Denver, CO",CO
13487,1348702,31650,"Minneapolis, MN",MN
12278,1227803,30928,"Wichita, KS",KS
11292,1129202,30325,"Denver, CO",CO
13930,1393004,30977,"Chicago, IL",IL
13502,1350202,33502,"Montrose/Delta, CO",CO
10800,1080003,32575,"Burbank, CA",CA
14730,1473003,33044,"Louisville, KY",KY
14869,1486903,34614,"Salt Lake City, UT",UT
11292,1129202,30325,"Denver, CO",CO
11003,1100303,31003,"Cedar Rapids/Iowa City, IA",IA
12339,1233904,32337,"Indianapolis, IN",IN
11292,1129202,30325,"Denver, CO",CO
11292,1129202,30325,"Denver, CO",CO
10397,1039705,30397,"Atlanta, GA",GA
10620,1062002,30620,"Billings, MT",MT
11042,1104203,30647,"Cleveland, OH",OH
11413,1141304,30285,"Durango, CO",CO
11648,1164802,31648,"Kalispell, MT",MT
12278,1227803,30928,"Wichita, KS",KS
13198,1319801,33198,"Kansas City, MO",MO
13244,1324402,33244,"Memphis, TN",TN
13433,1343302,33304,"Minot, ND",ND
13871,1387102,33316,"Omaha, NE",NE
14689,1468902,34689,"Santa Barbara, CA",CA
11292,1129202,30325,"Denver, CO",CO
11292,1129202,30325,"Denver, CO",CO
11292,1129202,30325,"Denver, CO",CO
11292,1129202,30325,"Denver, CO",CO
11292,1129202,30325,"Denver, CO",CO
11292,1129202,30325,"Denver, CO",CO
11292,1129202,30325,"Denver, CO",CO
10821,1082104,30852,"Baltimore, MD",MD
11003,1100303,31003,"Cedar Rapids/Iowa City, IA",IA
11057,1105703,31057,"Charlotte, NC",NC
11193,1119302,33105,"Cincinnati, OH",KY
11618,1161802,31703,"Newark, NJ",NJ
11884,1188402,31884,"Spokane, WA",WA
13264,1326403,33264,"Medford, OR",OR
13891,1389101,32575,"Ontario, CA",CA
14831,1483104,32457,"San Jose, CA",CA
14893,1489302,33192,"Sacramento, CA",CA
15376,1537602,30436,"Tucson, AZ",AZ
11292,1129202,30325,"Denver, CO",CO
11292,1129202,30325,"Denver, CO",CO
11292,1129202,30325,"Denver, CO",CO
11292,1129202,30325,"Denver, CO",CO
11292,1129202,30325,"Denver, CO",CO
11292,1129202,30325,"Denver, CO",CO
11292,1129202,30325,"Denver, CO",CO
11292,1129202,30325,"Denver, CO",CO
11292,1129202,30325,"Denver, CO",CO
11292,1129202,30325,"Denver, CO",CO
12954,1295403,32575,"Long Beach, CA",CA
13487,1348702,31650,"Minneapolis, MN",MN
15016,1501603,31123,"St. Louis, MO",MO
11292,1129202,30325,"Denver, CO",CO
11292,1129202,30325,"Denver, CO",CO
11292,1129202,30325,"Denver, CO",CO
11292,1129202,30325,"Denver, CO",CO
11292,1129202,30325,"Denver, CO",CO
11292,1129202,30325,"Denver, CO",CO
14107,1410702,30466,"Phoenix, AZ",AZ
11292,1129202,30325,"Denver, CO",CO
11292,1129202,30325,"Denver, CO",CO
11003,1100303,31003,"Cedar Rapids/Iowa City, IA",IA
11292,1129202,30325,"Denver, CO",CO
11233,1123302,31233,"Cheyenne, WY",WY
13244,1324402,33244,"Memphis, TN",TN
11292,1129202,30325,"Denver, CO",CO
13930,1393004,30977,"Chicago, IL",IL
13502,1350202,33502,"Montrose/Delta, CO",CO
11292,1129202,30325,"Denver, CO",CO
11292,1129202,30325,"Denver, CO",CO
12892,1289205,32575,"Los Angeles, CA",CA
11057,1105703,31057,"Charlotte, NC",NC
13264,1326403,33264,"Medford, OR",OR
13964,1396403,33964,"North Bend/Coos Bay, OR",OR
11292,1129202,30325,"Denver, CO",CO
11292,1129202,30325,"Denver, CO",CO
11292,1129202,30325,"Denver, CO",CO
11292,1129202,30325,"Denver, CO",CO
11292,1129202,30325,"Denver, CO",CO
11292,1129202,30325,"Denver, CO",CO
11292,1129202,30325,"Denver, CO",CO
11292,1129202,30325,"Denver, CO",CO
11292,1129202,30325,"Denver, CO",CO
11292,1129202,30325,"Denver, CO",CO
11292,1129202,30325,"Denver, CO",CO
11433,1143302,31295,"Detroit, MI",MI
11986,1198603,31986,"Grand Rapids, MI",MI
12339,1233904,32337,"Indianapolis, IN",IN
13198,1319801,33198,"Kansas City, MO",MO
13342,1334205,33342,"Milwaukee, WI",WI
13495,1349503,33495,"New Orleans, LA",LA
11292,1129202,30325,"Denver, CO",CO
11292,1129202,30325,"Denver, CO",CO
11292,1129202,30325,"Denver, CO",CO
11292,1129202,30325,"Denver, CO",CO
11292,1129202,30325,"Denver, CO",CO
11292,1129202,30325,"Denver, CO",CO
11697,1169704,32467,"Fort Lauderdale, FL",FL
12451,1245102,31136,"Jacksonville, FL",FL
13198,1319801,33198,"Kansas City, MO",MO
13796,1379604,32457,"Oakland, CA",CA
13851,1385103,33851,"Oklahoma City, OK",OK
11292,1129202,30325,"Denver, CO",CO
11292,1129202,30325,"Denver, CO",CO
11292,1129202,30325,"Denver, CO",CO
11292,1129202,30325,"Denver, CO",CO
10397,1039705,30397,"Atlanta, GA",GA
11298,1129804,30194,"Dallas/Fort Worth, TX",TX
13871,1387102,33316,"Omaha, NE",NE
14730,1473003,33044,"Louisville, KY",KY
11921,1192102,31921,"Grand Junction, CO",CO
13244,1324402,33244,"Memphis, TN",TN
13244,1324402,33244,"Memphis, TN",TN
11109,1110902,30189,"Colorado Springs, CO",CO
11292,1129202,30325,"Denver, CO",CO
11775,1177502,31775,"Sioux Falls, SD",SD
12889,1288903,32211,"Las Vegas, NV",NV
11921,1192102,31921,"Grand Junction, CO",CO
15412,1541203,35412,"Knoxville, TN",TN
11292,1129202,30325,"Denver, CO",CO
11292,1129202,30325,"Denver, CO",CO
11292,1129202,30325,"Denver, CO",CO
11292,1129202,30325,"Denver, CO",CO
11921,1192102,31921,"Grand Junction, CO",CO
14524,1452401,34524,"Richmond, VA",VA
11292,1129202,30325,"Denver, CO",CO
11292,1129202,30325,"Denver, CO",CO
11292,1129202,30325,"Denver, CO",CO
11292,1129202,30325,"Denver, CO",CO
10620,1062002,30620,"Billings, MT",MT
10713,1071302,30713,"Boise, ID",ID
10800,1080003,32575,"Burbank, CA",CA
11423,1142304,31423,"Des Moines, IA",IA
11603,1160302,31603,"Eugene, OR",OR
11603,1160302,31603,"Eugene, OR",OR
13342,1334205,33342,"Milwaukee, WI",WI
13851,1385103,33851,"Oklahoma City, OK",OK
14122,1412202,30198,"Pittsburgh, PA",PA
14869,1486903,34614,"Salt Lake City, UT",UT
11292,1129202,30325,"Denver, CO",CO
11292,1129202,30325,"Denver, CO",CO
11292,1129202,30325,"Denver, CO",CO
11292,1129202,30325,"Denver, CO",CO
11292,1129202,30325,"Denver, CO",CO
11292,1129202,30325,"Denver, CO",CO
11292,1129202,30325,"Denver, CO",CO
11292,1129202,30325,"Denver, CO",CO
11292,1129202,30325,"Denver, CO",CO
11618,1161802,31703,"Newark, NJ",NJ
14193,1419304,33728,"Pensacola, FL",FL
14492,1449202,34492,"Raleigh/Durham, NC",NC
11292,1129202,30325,"Denver, CO",CO
11292,1129202,30325,"Denver, CO",CO
11292,1129202,30325,"Denver, CO",CO
12094,1209402,34699,"Hayden, CO",CO
11292,1129202,30325,"Denver, CO",CO
14730,1473003,33044,"Louisville, KY",KY
11292,1129202,30325,"Denver, CO",CO
14107,1410702,30466,"Phoenix, AZ",AZ
11292,1129202,30325,"Denver, CO",CO
11042,1104203,30647,"Cleveland, OH",OH
11292,1129202,30325,"Denver, CO",CO
15376,1537602,30436,"Tucson, AZ",AZ
11292,1129202,30325,"Denver, CO",CO
11292,1129202,30325,"Denver, CO",CO
10423,1042302,30423,"Austin, TX",TX
10529,1052904,30529,"Hartford, CT",CT
11433,1143302,31295,"Detroit, MI",MI
11697,1169704,32467,"Fort Lauderdale, FL",FL
12953,1295302,31703,"New York, NY",NY
13485,1348502,33485,"Madison, WI",WI
13487,1348702,31650,"Minneapolis, MN",MN
14747,1474703,30559,"Seattle, WA",WA
15370,1537002,34653,"Tulsa, OK",OK
11292,1129202,30325,"Denver, CO",CO
11292,1129202,30325,"Denver, CO",CO
11292,1129202,30325,"Denver, CO",CO
11884,1188402,31884,"Spokane, WA",WA
12191,1219102,31453,"Houston, TX",TX
12892,1289205,32575,"Los Angeles, CA",CA
13851,1385103,33851,"Oklahoma City, OK",OK
14107,1410702,30466,"Phoenix, AZ",AZ
14771,1477102,32457,"San Francisco, CA",CA
11292,1129202,30325,"Denver, CO",CO
11292,1129202,30325,"Denver, CO",CO
11292,1129202,30325,"Denver, CO",CO
11292,1129202,30325,"Denver, CO",CO
14771,1477102,32457,"San Francisco, CA",CA
11109,1110902,30189,"Colorado Springs, CO",CO
13796,1379604,32457,"Oakland, CA",CA
12012,1201203,32012,"Gunnison, CO",CO
11292,1129202,30325,"Denver, CO",CO
11292,1129202,30325,"Denver, CO",CO
11109,1110902,30189,"Colorado Springs, CO",CO
10466,1046602,30466,"Phoenix, AZ",AZ
12889,1288903,32211,"Las Vegas, NV",NV
12892,1289205,32575,"Los Angeles, CA",CA
11109,1110902,30189,"Colorado Springs, CO",CO
11921,1192102,31921,"Grand Junction, CO",CO
11292,1129202,30325,"Denver, CO",CO
10643,1064301,30643,"Branson, MO",MO
11003,1100303,31003,"Cedar Rapids/Iowa City, IA",IA
11648,1164802,31648,"Kalispell, MT",MT
13851,1385103,33851,"Oklahoma City, OK",OK
13851,1385103,33851,"Oklahoma City, OK",OK
11292,1129202,30325,"Denver, CO",CO
11292,1129202,30325,"Denver, CO",CO
11292,1129202,30325,"Denver, CO",CO
11292,1129202,30325,"Denver, CO",CO
12339,1233904,32337,"Indianapolis, IN",IN
14057,1405702,34057,"Portland, OR",OR
11292,1129202,30325,"Denver, CO",CO
11292,1129202,30325,"Denver, CO",CO
11292,1129202,30325,"Denver, CO",CO
11292,1129202,30325,"Denver, CO",CO
10397,1039705,30397,"Atlanta, GA",GA
10529,1052904,30529,"Hartford, CT",CT
11292,1129202,30325,"Denver, CO",CO
11292,1129202,30325,"Denver, CO",CO
11292,1129202,30325,"Denver, CO",CO
11278,1127803,30852,"Washington, DC",VA
11292,1129202,30325,"Denver, CO",CO
11292,1129202,30325,"Denver, CO",CO
10800,1080003,32575,"Burbank, CA",CA
11066,1106603,31066,"Columbus, OH",OH
15376,1537602,30436,"Tucson, AZ",AZ
11292,1129202,30325,"Denver, CO",CO
11292,1129202,30325,"Denver, CO",CO
10821,1082104,30852,"Baltimore, MD",MD
11423,1142304,31423,"Des Moines, IA",IA
11775,1177502,31775,"Sioux Falls, SD",SD
14262,1426204,34262,"Palm Springs, CA",CA
11292,1129202,30325,"Denver, CO",CO
11292,1129202,30325,"Denver, CO",CO
11292,1129202,30325,"Denver, CO",CO
11292,1129202,30325,"Denver, CO",CO
11292,1129202,30325,"Denver, CO",CO
11042,1104203,30647,"Cleveland, OH",OH
12889,1288903,32211,"Las Vegas, NV",NV
13487,1348702,31650,"Minneapolis, MN",MN
14730,1473003,33044,"Louisville, KY",KY
11292,1129202,30325,"Denver, CO",CO
11292,1129202,30325,"Denver, CO",CO
11292,1129202,30325,"Denver, CO",CO
11109,1110902,30189,"Colorado Springs, CO",CO
11292,1129202,30325,"Denver, CO",CO
11423,1142304,31423,"Des Moines, IA",IA
11292,1129202,30325,"Denver, CO",CO
13244,1324402,33244,"Memphis, TN",TN
11292,1129202,30325,"Denver, CO",CO
15370,1537002,34653,"Tulsa, OK",OK
11292,1129202,30325,"Denver, CO",CO
15177,1517702,35177,"Telluride, CO",CO
11292,1129202,30325,"Denver, CO",CO
14107,1410702,30466,"Phoenix, AZ",AZ
10950,1095002,30950,"Cortez, CO",CO
12953,1295302,31703,"New York, NY",NY
11292,1129202,30325,"Denver, CO",CO
11292,1129202,30325,"Denver, CO",CO
11603,1160302,31603,"Eugene, OR",OR
12264,1226402,30852,"Washington, DC",VA
13495,1349503,33495,"New Orleans, LA",LA
13871,1387102,33316,"Omaha, NE",NE
13891,1389101,32575,"Ontario, CA",CA
14893,1489302,33192,"Sacramento, CA",CA
11292,1129202,30325,"Denver, CO",CO
12264,1226402,30852,"Washington, DC",VA
11292,1129202,30325,"Denver, CO",CO
11292,1129202,30325,"Denver, CO",CO
11292,1129202,30325,"Denver, CO",CO
12892,1289205,32575,"Los Angeles, CA",CA
11109,1110902,30189,"Colorado Springs, CO",CO
11986,1198603,31986,"Grand Rapids, MI",MI
12478,1247803,31703,"New York, NY",NY
11292,1129202,30325,"Denver, CO",CO
14683,1468303,33214,"San Antonio, TX",TX
11292,1129202,30325,"Denver, CO",CO
11603,1160302,31603,"Eugene, OR",OR
13487,1348702,31650,"Minneapolis, MN",MN
14492,1449202,34492,"Raleigh/Durham, NC",NC
14747,1474703,30559,"Seattle, WA",WA
11292,1129202,30325,"Denver, CO",CO
11292,1129202,30325,"Denver, CO",CO
11292,1129202,30325,"Denver, CO",CO
11292,1129202,30325,"Denver, CO",CO
10693,1069302,30693,"Nashville, TN",TN
11921,1192102,31921,"Grand Junction, CO",CO
11292,1129202,30325,"Denver, CO",CO
11292,1129202,30325,"Denver, CO",CO
11193,1119302,33105,"Cincinnati, OH",KY
11292,1129202,30325,"Denver, CO",CO
14869,1486903,34614,"Salt Lake City, UT",UT
11292,1129202,30325,"Denver, CO",CO
10620,1062002,30620,"Billings, MT",MT
11423,1142304,31423,"Des Moines, IA",IA
13342,1334205,33342,"Milwaukee, WI",WI
13871,1387102,33316,"Omaha, NE",NE
13891,1389101,32575,"Ontario, CA",CA
15304,1530402,33195,"Tampa, FL",FL
11292,1129202,30325,"Denver, CO",CO
11292,1129202,30325,"Denver, CO",CO
11292,1129202,30325,"Denver, CO",CO
11292,1129202,30325,"Denver, CO",CO
11292,1129202,30325,"Denver, CO",CO
10849,1084903,30849,"Bozeman, MT",MT
11003,1100303,31003,"Cedar Rapids/Iowa City, IA",IA
11995,1199502,31995,"Greensboro/High Point, NC",NC
14747,1474703,30559,"Seattle, WA",WA
11292,1129202,30325,"Denver, CO",CO
11292,1129202,30325,"Denver, CO",CO
11292,1129202,30325,"Denver, CO",CO
11292,1129202,30325,"Denver, CO",CO
11292,1129202,30325,"Denver, CO",CO
10423,1042302,30423,"Austin, TX",TX
14679,1467903,33570,"San Diego, CA",CA
11292,1129202,30325,"Denver, CO",CO
11292,1129202,30325,"Denver, CO",CO
11292,1129202,30325,"Denver, CO",CO
11292,1129202,30325,"Denver, CO",CO
11292,1129202,30325,"Denver, CO",CO
11292,1129202,30325,"Denver, CO",CO
11292,1129202,30325,"Denver, CO",CO
11292,1129202,30325,"Denver, CO",CO
10693,1069302,30693,"Nashville, TN",TN
14747,1474703,30559,"Seattle, WA",WA
11292,1129202,30325,"Denver, CO",CO
11109,1110902,30189,"Colorado Springs, CO",CO
11292,1129202,30325,"Denver, CO",CO
14122,1412202,30198,"Pittsburgh, PA",PA
11292,1129202,30325,"Denver, CO",CO
11292,1129202,30325,"Denver, CO",CO
11292,1129202,30325,"Denver, CO",CO
13485,1348502,33485,"Madison, WI",WI
11292,1129202,30325,"Denver, CO",CO
13244,1324402,33244,"Memphis, TN",TN
12003,1200302,31895,"Great Falls, MT",MT
15919,1591902,31834,"Fayetteville, AR",AR
11292,1129202,30325,"Denver, CO",CO
14747,1474703,30559,"Seattle, WA",WA
11109,1110902,30189,"Colorado Springs, CO",CO
11292,1129202,30325,"Denver, CO",CO
13367,1336703,33367,"Moline, IL",IL
10140,1014003,30140,"Albuquerque, NM",NM
11292,1129202,30325,"Denver, CO",CO
11292,1129202,30325,"Denver, CO",CO
11292,1129202,30325,"Denver, CO",CO
11292,1129202,30325,"Denver, CO",CO
11292,1129202,30325,"Denver, CO",CO
11292,1129202,30325,"Denver, CO",CO
10693,1069302,30693,"Nashville, TN",TN
13486,1348602,33486,"Missoula, MT",MT
15412,1541203,35412,"Knoxville, TN",TN
11292,1129202,30325,"Denver, CO",CO
11292,1129202,30325,"Denver, CO",CO
11638,1163805,31638,"Fresno, CA",CA
13244,1324402,33244,"Memphis, TN",TN
11292,1129202,30325,"Denver, CO",CO
11292,1129202,30325,"Denver, CO",CO
11921,1192102,31921,"Grand Junction, CO",CO
11292,1129202,30325,"Denver, CO",CO
11292,1129202,30325,"Denver, CO",CO
14107,1410702,30466,"Phoenix, AZ",AZ
10950,1095002,30950,"Cortez, CO",CO
13487,1348702,31650,"Minneapolis, MN",MN
11292,1129202,30325,"Denver, CO",CO
11292,1129202,30325,"Denver, CO",CO
11292,1129202,30325,"Denver, CO",CO
13198,1319801,33198,"Kansas City, MO",MO
14262,1426204,34262,"Palm Springs, CA",CA
11292,1129202,30325,"Denver, CO",CO
11292,1129202,30325,"Denver, CO",CO
11292,1129202,30325,"Denver, CO",CO
10140,1014003,30140,"Albuquerque, NM",NM
11042,1104203,30647,"Cleveland, OH",OH
12339,1233904,32337,"Indianapolis, IN",IN
12889,1288903,32211,"Las Vegas, NV",NV
11292,1129202,30325,"Denver, CO",CO
11292,1129202,30325,"Denver, CO",CO
11292,1129202,30325,"Denver, CO",CO
11292,1129202,30325,"Denver, CO",CO
11259,1125903,30194,"Dallas, TX",TX
14057,1405702,34057,"Portland, OR",OR
14747,1474703,30559,"Seattle, WA",WA
11292,1129202,30325,"Denver, CO",CO
11292,1129202,30325,"Denver, CO",CO
13367,1336703,33367,"Moline, IL",IL
11540,1154003,30615,"El Paso, TX",TX
11603,1160302,31603,"Eugene, OR",OR
15919,1591902,31834,"Fayetteville, AR",AR
11292,1129202,30325,"Denver, CO",CO
11292,1129202,30325,"Denver, CO",CO
11292,1129202,30325,"Denver, CO",CO
10821,1082104,30852,"Baltimore, MD",MD
11066,1106603,31066,"Columbus, OH",OH
12266,1226603,31453,"Houston, TX",TX
14122,1412202,30198,"Pittsburgh, PA",PA
14831,1483104,32457,"San Jose, CA",CA
14831,1483104,32457,"San Jose, CA",CA
14869,1486903,34614,"Salt Lake City, UT",UT
15016,1501603,31123,"St. Louis, MO",MO
11292,1129202,30325,"Denver, CO",CO
11292,1129202,30325,"Denver, CO",CO
12889,1288903,32211,"Las Vegas, NV",NV
15370,1537002,34653,"Tulsa, OK",OK
11292,1129202,30325,"Denver, CO",CO
11109,1110902,30189,"Colorado Springs, CO",CO
11292,1129202,30325,"Denver, CO",CO
11292,1129202,30325,"Denver, CO",CO
10620,1062002,30620,"Billings, MT",MT
13891,1389101,32575,"Ontario, CA",CA
11292,1129202,30325,"Denver, CO",CO
11292,1129202,30325,"Denver, CO",CO
12278,1227803,30928,"Wichita, KS",KS
14730,1473003,33044,"Louisville, KY",KY
11292,1129202,30325,"Denver, CO",CO
11292,1129202,30325,"Denver, CO",CO
11292,1129202,30325,"Denver, CO",CO
10849,1084903,30849,"Bozeman, MT",MT
13264,1326403,33264,"Medford, OR",OR
13495,1349503,33495,"New Orleans, LA",LA
14107,1410702,30466,"Phoenix, AZ",AZ
14570,1457002,34570,"Reno, NV",NV
14683,1468303,33214,"San Antonio, TX",TX
14771,1477102,32457,"San Francisco, CA",CA
11292,1129202,30325,"Denver, CO",CO
11292,1129202,30325,"Denver, CO",CO
11292,1129202,30325,"Denver, CO",CO
11292,1129202,30325,"Denver, CO",CO
11292,1129202,30325,"Denver, CO",CO
11292,1129202,30325,"Denver, CO",CO
10140,1014003,30140,"Albuquerque, NM",NM
11042,1104203,30647,"Cleveland, OH",OH
14869,1486903,34614,"Salt Lake City, UT",UT
11292,1129202,30325,"Denver, CO",CO
13930,1393004,30977,"Chicago, IL",IL
11292,1129202,30325,"Denver, CO",CO
10194,1019403,30194,"Dallas/Fort Worth, TX",TX
11292,1129202,30325,"Denver, CO",CO
11292,1129202,30325,"Denver, CO",CO
13367,1336703,33367,"Moline, IL",IL
13495,1349503,33495,"New Orleans, LA",LA
14869,1486903,34614,"Salt Lake City, UT",UT
11292,1129202,30325,"Denver, CO",CO
13198,1319801,33198,"Kansas City, MO",MO
15919,1591902,31834,"Fayetteville, AR",AR
11292,1129202,30325,"Denver, CO",CO
11292,1129202,30325,"Denver, CO",CO
11292,1129202,30325,"Denver, CO",CO
11292,1129202,30325,"Denver, CO",CO
11292,1129202,30325,"Denver, CO",CO
11292,1129202,30325,"Denver, CO",CO
11057,1105703,31057,"Charlotte, NC",NC
11775,1177502,31775,"Sioux Falls, SD",SD
11775,1177502,31775,"Sioux Falls, SD",SD
11884,1188402,31884,"Spokane, WA",WA
13198,1319801,33198,"Kansas City, MO",MO
13851,1385103,33851,"Oklahoma City, OK",OK
14122,1412202,30198,"Pittsburgh, PA",PA
14679,1467903,33570,"San Diego, CA",CA
14683,1468303,33214,"San Antonio, TX",TX
11292,1129202,30325,"Denver, CO",CO
11042,1104203,30647,"Cleveland, OH",OH
11423,1142304,31423,"Des Moines, IA",IA
11292,1129202,30325,"Denver, CO",CO
11109,1110902,30189,"Colorado Springs, CO",CO
11292,1129202,30325,"Denver, CO",CO
12278,1227803,30928,"Wichita, KS",KS
11292,1129202,30325,"Denver, CO",CO
10140,1014003,30140,"Albuquerque, NM",NM
15016,1501603,31123,"St. Louis, MO",MO
10372,1037203,30372,"Aspen, CO",CO
11292,1129202,30325,"Denver, CO",CO
11697,1169704,32467,"Fort Lauderdale, FL",FL
13487,1348702,31650,"Minneapolis, MN",MN
13891,1389101,32575,"Ontario, CA",CA
14057,1405702,34057,"Portland, OR",OR
14747,1474703,30559,"Seattle, WA",WA
14831,1483104,32457,"San Jose, CA",CA
15304,1530402,33195,"Tampa, FL",FL
11292,1129202,30325,"Denver, CO",CO
11292,1129202,30325,"Denver, CO",CO
11292,1129202,30325,"Denver, CO",CO
11292,1129202,30325,"Denver, CO",CO
11292,1129202,30325,"Denver, CO",CO
11292,1129202,30325,"Denver, CO",CO
11292,1129202,30325,"Denver, CO",CO
10529,1052904,30529,"Hartford, CT",CT
14570,1457002,34570,"Reno, NV",NV
14730,1473003,33044,"Louisville, KY",KY
14869,1486903,34614,"Salt Lake City, UT",UT
13198,1319801,33198,"Kansas City, MO",MO
11413,1141304,30285,"Durango, CO",CO
11413,1141304,30285,"Durango, CO",CO
11193,1119302,33105,"Cincinnati, OH",KY
11292,1129202,30325,"Denver, CO",CO
11292,1129202,30325,"Denver, CO",CO
14771,1477102,32457,"San Francisco, CA",CA
11292,1129202,30325,"Denver, CO",CO
11292,1129202,30325,"Denver, CO",CO
11292,1129202,30325,"Denver, CO",CO
11292,1129202,30325,"Denver, CO",CO
10529,1052904,30529,"Hartford, CT",CT
13871,1387102,33316,"Omaha, NE",NE
14524,1452401,34524,"Richmond, VA",VA
14689,1468902,34689,"Santa Barbara, CA",CA
14771,1477102,32457,"San Francisco, CA",CA
11292,1129202,30325,"Denver, CO",CO
11292,1129202,30325,"Denver, CO",CO
11292,1129202,30325,"Denver, CO",CO
11292,1129202,30325,"Denver, CO",CO
11292,1129202,30325,"Denver, CO",CO
11292,1129202,30325,"Denver, CO",CO
11292,1129202,30325,"Denver, CO",CO
11292,1129202,30325,"Denver, CO",CO
11292,1129202,30325,"Denver, CO",CO
11066,1106603,31066,"Columbus, OH",OH
12953,1295302,31703,"New York, NY",NY
11066,1106603,31066,"Columbus, OH",OH
11292,1129202,30325,"Denver, CO",CO
10627,1062702,30627,"Bismarck/Mandan, ND",ND
11413,1141304,30285,"Durango, CO",CO
13244,1324402,33244,"Memphis, TN",TN
11413,1141304,30285,"Durango, CO",CO
11122,1112203,31122,"Casper, WY",WY
11109,1110902,30189,"Colorado Springs, CO",CO
14570,1457002,34570,"Reno, NV",NV
12094,1209402,34699,"Hayden, CO",CO
13871,1387102,33316,"Omaha, NE",NE
14457,1445702,34457,"Rapid City, SD",SD
11292,1129202,30325,"Denver, CO",CO
11292,1129202,30325,"Denver, CO",CO
11292,1129202,30325,"Denver, CO",CO
11292,1129202,30325,"Denver, CO",CO
10140,1014003,30140,"Albuquerque, NM",NM
11298,1129804,30194,"Dallas/Fort Worth, TX",TX
11638,1163805,31638,"Fresno, CA",CA
14107,1410702,30466,"Phoenix, AZ",AZ
11292,1129202,30325,"Denver, CO",CO
11292,1129202,30325,"Denver, CO",CO
11292,1129202,30325,"Denver, CO",CO
11292,1129202,30325,"Denver, CO",CO
10372,1037203,30372,"Aspen, CO",CO
11292,1129202,30325,"Denver, CO",CO
10713,1071302,30713,"Boise, ID",ID
12441,1244102,32441,"Jackson, WY",WY
11292,1129202,30325,"Denver, CO",CO
11292,1129202,30325,"Denver, CO",CO
11292,1129202,30325,"Denver, CO",CO
11292,1129202,30325,"Denver, CO",CO
11292,1129202,30325,"Denver, CO",CO
11292,1129202,30325,"Denver, CO",CO
10713,1071302,30713,"Boise, ID",ID
10994,1099402,30994,"Charleston, SC",SC
11292,1129202,30325,"Denver, CO",CO
11292,1129202,30325,"Denver, CO",CO
11292,1129202,30325,"Denver, CO",CO
11292,1129202,30325,"Denver, CO",CO
11292,1129202,30325,"Denver, CO",CO
15412,1541203,35412,"Knoxville, TN",TN
11292,1129202,30325,"Denver, CO",CO
13502,1350202,33502,"Montrose/Delta, CO",CO
12266,1226603,31453,"Houston, TX",TX
11292,1129202,30325,"Denver, CO",CO
11193,1119302,33105,"Cincinnati, OH",KY
14783,1478302,34783,"Springfield, MO",MO
11292,1129202,30325,"Denver, CO",CO
11292,1129202,30325,"Denver, CO",CO
14698,1469802,34236,"San Luis Obispo, CA",CA
10372,1037203,30372,"Aspen, CO",CO
11292,1129202,30325,"Denver, CO",CO
11292,1129202,30325,"Denver, CO",CO
10423,1042302,30423,"Austin, TX",TX
10423,1042302,30423,"Austin, TX",TX
11298,1129804,30194,"Dallas/Fort Worth, TX",TX
11697,1169704,32467,"Fort Lauderdale, FL",FL
12278,1227803,30928,"Wichita, KS",KS
12758,1275803,32758,"Kona, HI",HI
13830,1383002,33830,"Kahului, HI",HI
15304,1530402,33195,"Tampa, FL",FL
11292,1129202,30325,"Denver, CO",CO
11292,1129202,30325,"Denver, CO",CO
11292,1129202,30325,"Denver, CO",CO
11292,1129202,30325,"Denver, CO",CO
11292,1129202,30325,"Denver, CO",CO
11292,1129202,30325,"Denver, CO",CO
11292,1129202,30325,"Denver, CO",CO
12451,1245102,31136,"Jacksonville, FL",FL
11292,1129202,30325,"Denver, CO",CO
11292,1129202,30325,"Denver, CO",CO
11292,1129202,30325,"Denver, CO",CO
11292,1129202,30325,"Denver, CO",CO
13158,1315803,33158,"Midland/Odessa, TX",TX
11292,1129202,30325,"Denver, CO",CO
11292,1129202,30325,"Denver, CO",CO
11775,1177502,31775,"Sioux Falls, SD",SD
11292,1129202,30325,"Denver, CO",CO
12094,1209402,34699,"Hayden, CO",CO
12266,1226603,31453,"Houston, TX",TX
10950,1095002,30950,"Cortez, CO",CO
11292,1129202,30325,"Denver, CO",CO
13264,1326403,33264,"Medford, OR",OR
11292,1129202,30325,"Denver, CO",CO
11292,1129202,30325,"Denver, CO",CO
11292,1129202,30325,"Denver, CO",CO
10397,1039705,30397,"Atlanta, GA",GA
10713,1071302,30713,"Boise, ID",ID
11057,1105703,31057,"Charlotte, NC",NC
14771,1477102,32457,"San Francisco, CA",CA
11292,1129202,30325,"Denver, CO",CO
11292,1129202,30325,"Denver, CO",CO
11292,1129202,30325,"Denver, CO",CO
11292,1129202,30325,"Denver, CO",CO
11292,1129202,30325,"Denver, CO",CO
13851,1385103,33851,"Oklahoma City, OK",OK
14869,1486903,34614,"Salt Lake City, UT",UT
15016,1501603,31123,"St. Louis, MO",MO
11109,1110902,30189,"Colorado Springs, CO",CO
11292,1129202,30325,"Denver, CO",CO
11292,1129202,30325,"Denver, CO",CO
10140,1014003,30140,"Albuquerque, NM",NM
11292,1129202,30325,"Denver, CO",CO
11292,1129202,30325,"Denver, CO",CO
12266,1226603,31453,"Houston, TX",TX
11292,1129202,30325,"Denver, CO",CO
10599,1059904,30599,"Birmingham, AL",AL
11775,1177502,31775,"Sioux Falls, SD",SD
14262,1426204,34262,"Palm Springs, CA",CA
14814,1481402,30476,"Shreveport, LA",LA
11292,1129202,30325,"Denver, CO",CO
11292,1129202,30325,"Denver, CO",CO
11292,1129202,30325,"Denver, CO",CO
11292,1129202,30325,"Denver, CO",CO
15370,1537002,34653,"Tulsa, OK",OK
11292,1129202,30325,"Denver, CO",CO
11292,1129202,30325,"Denver, CO",CO
11292,1129202,30325,"Denver, CO",CO
14100,1410002,34100,"Philadelphia, PA",PA
14122,1412202,30198,"Pittsburgh, PA",PA
11292,1129202,30325,"Denver, CO",CO
11292,1129202,30325,"Denver, CO",CO
12889,1288903,32211,"Las Vegas, NV",NV
12339,1233904,32337,"Indianapolis, IN",IN
12889,1288903,32211,"Las Vegas, NV",NV
11292,1129202,30325,"Denver, CO",CO
11292,1129202,30325,"Denver, CO",CO
10140,1014003,30140,"Albuquerque, NM",NM
13487,1348702,31650,"Minneapolis, MN",MN
11292,1129202,30325,"Denver, CO",CO
13198,1319801,33198,"Kansas City, MO",MO
13502,1350202,33502,"Montrose/Delta, CO",CO
11292,1129202,30325,"Denver, CO",CO
10272,1027203,30272,"Alamosa, CO",CO
10140,1014003,30140,"Albuquerque, NM",NM
11292,1129202,30325,"Denver, CO",CO
13198,1319801,33198,"Kansas City, MO",MO
13486,1348602,33486,"Missoula, MT",MT
11292,1129202,30325,"Denver, CO",CO
11292,1129202,30325,"Denver, CO",CO
10693,1069302,30693,"Nashville, TN",TN
12389,1238902,32389,"Williston, ND",ND
13029,1302902,33029,"Lincoln, NE",NE
13871,1387102,33316,"Omaha, NE",NE
11109,1110902,30189,"Colorado Springs, CO",CO
10821,1082104,30852,"Baltimore, MD",MD
14107,1410702,30466,"Phoenix, AZ",AZ
14683,1468303,33214,"San Antonio, TX",TX
14893,1489302,33192,"Sacramento, CA",CA
11292,1129202,30325,"Denver, CO",CO
11292,1129202,30325,"Denver, CO",CO
11292,1129202,30325,"Denver, CO",CO
11292,1129202,30325,"Denver, CO",CO
11292,1129202,30325,"Denver, CO",CO
11433,1143302,31295,"Detroit, MI",MI
11292,1129202,30325,"Denver, CO",CO
11292,1129202,30325,"Denver, CO",CO
10423,1042302,30423,"Austin, TX",TX
13244,1324402,33244,"Memphis, TN",TN
14100,1410002,34100,"Philadelphia, PA",PA
14107,1410702,30466,"Phoenix, AZ",AZ
11298,1129804,30194,"Dallas/Fort Worth, TX",TX
11292,1129202,30325,"Denver, CO",CO
11292,1129202,30325,"Denver, CO",CO
11292,1129202,30325,"Denver, CO",CO
11433,1143302,31295,"Detroit, MI",MI
13851,1385103,33851,"Oklahoma City, OK",OK
11292,1129202,30325,"Denver, CO",CO
11292,1129202,30325,"Denver, CO",CO
13930,1393004,30977,"Chicago, IL",IL
13029,1302902,33029,"Lincoln, NE",NE
11292,1129202,30325,"Denver, CO",CO
11292,1129202,30325,"Denver, CO",CO
11292,1129202,30325,"Denver, CO",CO
11278,1127803,30852,"Washington, DC",VA
14122,1412202,30198,"Pittsburgh, PA",PA
14492,1449202,34492,"Raleigh/Durham, NC",NC
14683,1468303,33214,"San Antonio, TX",TX
11292,1129202,30325,"Denver, CO",CO
11292,1129202,30325,"Denver, CO",CO
11292,1129202,30325,"Denver, CO",CO
11433,1143302,31295,"Detroit, MI",MI
11697,1169704,32467,"Fort Lauderdale, FL",FL
11292,1129202,30325,"Denver, CO",CO
11292,1129202,30325,"Denver, CO",CO
11298,1129804,30194,"Dallas/Fort Worth, TX",TX
11637,1163703,31637,"Fargo, ND",ND
13930,1393004,30977,"Chicago, IL",IL
12892,1289205,32575,"Los Angeles, CA",CA
13303,1330303,32467,"Miami, FL",FL
11503,1150303,31503,"Eagle, CO",CO
11298,1129804,30194,"Dallas/Fort Worth, TX",TX
12278,1227803,30928,"Wichita, KS",KS
10372,1037203,30372,"Aspen, CO",CO
10397,1039705,30397,"Atlanta, GA",GA
11884,1188402,31884,"Spokane, WA",WA
12892,1289205,32575,"Los Angeles, CA",CA
14107,1410702,30466,"Phoenix, AZ",AZ
14771,1477102,32457,"San Francisco, CA",CA
11292,1129202,30325,"Denver, CO",CO
11986,1198603,31986,"Grand Rapids, MI",MI
12339,1233904,32337,"Indianapolis, IN",IN
11292,1129202,30325,"Denver, CO",CO
11292,1129202,30325,"Denver, CO",CO
11292,1129202,30325,"Denver, CO",CO
11292,1129202,30325,"Denver, CO",CO
11066,1106603,31066,"Columbus, OH",OH
14057,1405702,34057,"Portland, OR",OR
14679,1467903,33570,"San Diego, CA",CA
11292,1129202,30325,"Denver, CO",CO
11292,1129202,30325,"Denver, CO",CO
12266,1226603,31453,"Houston, TX",TX
12892,1289205,32575,"Los Angeles, CA",CA
14679,1467903,33570,"San Diego, CA",CA
11292,1129202,30325,"Denver, CO",CO
11292,1129202,30325,"Denver, CO",CO
11292,1129202,30325,"Denver, CO",CO
11292,1129202,30325,"Denver, CO",CO
11292,1129202,30325,"Denver, CO",CO
13502,1350202,33502,"Montrose/Delta, CO",CO
14107,1410702,30466,"Phoenix, AZ",AZ
13502,1350202,33502,"Montrose/Delta, CO",CO
14747,1474703,30559,"Seattle, WA",WA
11292,1129202,30325,"Denver, CO",CO
11292,1129202,30325,"Denver, CO",CO
11097,1109702,31097,"Cody, WY",WY
14107,1410702,30466,"Phoenix, AZ",AZ
11292,1129202,30325,"Denver, CO",CO
11109,1110902,30189,"Colorado Springs, CO",CO
10397,1039705,30397,"Atlanta, GA",GA
11292,1129202,30325,"Denver, CO",CO
11503,1150303,31503,"Eagle, CO",CO
11292,1129202,30325,"Denver, CO",CO
11292,1129202,30325,"Denver, CO",CO
12266,1226603,31453,"Houston, TX",TX
10713,1071302,30713,"Boise, ID",ID
10713,1071302,30713,"Boise, ID",ID
11638,1163805,31638,"Fresno, CA",CA
12156,1215603,32156,"Helena, MT",MT
11292,1129202,30325,"Denver, CO",CO
11109,1110902,30189,"Colorado Springs, CO",CO
11292,1129202,30325,"Denver, CO",CO
12173,1217302,32134,"Honolulu, HI",HI
11292,1129202,30325,"Denver, CO",CO
11292,1129202,30325,"Denver, CO",CO
11292,1129202,30325,"Denver, CO",CO
11292,1129202,30325,"Denver, CO",CO
11292,1129202,30325,"Denver, CO",CO
11292,1129202,30325,"Denver, CO",CO
10257,1025702,30257,"Albany, NY",NY
14893,1489302,33192,"Sacramento, CA",CA
11292,1129202,30325,"Denver, CO",CO
11292,1129202,30325,"Denver, CO",CO
10693,1069302,30693,"Nashville, TN",TN
11292,1129202,30325,"Denver, CO",CO
11292,1129202,30325,"Denver, CO",CO
11292,1129202,30325,"Denver, CO",CO
11292,1129202,30325,"Denver, CO",CO
13204,1320402,31454,"Orlando, FL",FL
14107,1410702,30466,"Phoenix, AZ",AZ
10397,1039705,30397,"Atlanta, GA",GA
10397,1039705,30397,"Atlanta, GA",GA
10423,1042302,30423,"Austin, TX",TX
11042,1104203,30647,"Cleveland, OH",OH
11057,1105703,31057,"Charlotte, NC",NC
11298,1129804,30194,"Dallas/Fort Worth, TX",TX
12264,1226402,30852,"Washington, DC",VA
12889,1288903,32211,"Las Vegas, NV",NV
12953,1295302,31703,"New York, NY",NY
13244,1324402,33244,"Memphis, TN",TN
13303,1330303,32467,"Miami, FL",FL
13495,1349503,33495,"New Orleans, LA",LA
13871,1387102,33316,"Omaha, NE",NE
14057,1405702,34057,"Portland, OR",OR
14100,1410002,34100,"Philadelphia, PA",PA
14100,1410002,34100,"Philadelphia, PA",PA
14122,1412202,30198,"Pittsburgh, PA",PA
14679,1467903,33570,"San Diego, CA",CA
14747,1474703,30559,"Seattle, WA",WA
14869,1486903,34614,"Salt Lake City, UT",UT
15016,1501603,31123,"St. Louis, MO",MO
15304,1530402,33195,"Tampa, FL",FL
11292,1129202,30325,"Denver, CO",CO
11292,1129202,30325,"Denver, CO",CO
11292,1129202,30325,"Denver, CO",CO
11109,1110902,30189,"Colorado Springs, CO",CO
11292,1129202,30325,"Denver, CO",CO
11292,1129202,30325,"Denver, CO",CO
11292,1129202,30325,"Denver, CO",CO
11292,1129202,30325,"Denver, CO",CO
11292,1129202,30325,"Denver, CO",CO
11292,1129202,30325,"Denver, CO",CO
11292,1129202,30325,"Denver, CO",CO
11109,1110902,30189,"Colorado Springs, CO",CO
11292,1129202,30325,"Denver, CO",CO
11292,1129202,30325,"Denver, CO",CO
11292,1129202,30325,"Denver, CO",CO
11292,1129202,30325,"Denver, CO",CO
11292,1129202,30325,"Denver, CO",CO
11292,1129202,30325,"Denver, CO",CO
11298,1129804,30194,"Dallas/Fort Worth, TX",TX
12892,1289205,32575,"Los Angeles, CA",CA
13487,1348702,31650,"Minneapolis, MN",MN
11292,1129202,30325,"Denver, CO",CO
14747,1474703,30559,"Seattle, WA",WA
11292,1129202,30325,"Denver, CO",CO
12217,1221702,30255,"Huntsville, AL",AL
11292,1129202,30325,"Denver, CO",CO
11292,1129202,30325,"Denver, CO",CO
11292,1129202,30325,"Denver, CO",CO
10620,1062002,30620,"Billings, MT",MT
10849,1084903,30849,"Bozeman, MT",MT
14689,1468902,34689,"Santa Barbara, CA",CA
11292,1129202,30325,"Denver, CO",CO
11109,1110902,30189,"Colorado Springs, CO",CO
11292,1129202,30325,"Denver, CO",CO
12278,1227803,30928,"Wichita, KS",KS
12953,1295302,31703,"New York, NY",NY
13204,1320402,31454,"Orlando, FL",FL
14107,1410702,30466,"Phoenix, AZ",AZ
11292,1129202,30325,"Denver, CO",CO
11292,1129202,30325,"Denver, CO",CO
11433,1143302,31295,"Detroit, MI",MI
11292,1129202,30325,"Denver, CO",CO
14679,1467903,33570,"San Diego, CA",CA
14869,1486903,34614,"Salt Lake City, UT",UT
11292,1129202,30325,"Denver, CO",CO
11292,1129202,30325,"Denver, CO",CO
14730,1473003,33044,"Louisville, KY",KY
11292,1129202,30325,"Denver, CO",CO
14730,1473003,33044,"Louisville, KY",KY
12478,1247803,31703,"New York, NY",NY
11292,1129202,30325,"Denver, CO",CO
14869,1486903,34614,"Salt Lake City, UT",UT
11292,1129202,30325,"Denver, CO",CO
11292,1129202,30325,"Denver, CO",CO
11193,1119302,33105,"Cincinnati, OH",KY
11292,1129202,30325,"Denver, CO",CO
11292,1129202,30325,"Denver, CO",CO
14908,1490803,32575,"Santa Ana, CA",CA
10423,1042302,30423,"Austin, TX",TX
10721,1072102,30721,"Boston, MA",MA
11259,1125903,30194,"Dallas, TX",TX
11292,1129202,30325,"Denver, CO",CO
11292,1129202,30325,"Denver, CO",CO
11292,1129202,30325,"Denver, CO",CO
10599,1059904,30599,"Birmingham, AL",AL
13342,1334205,33342,"Milwaukee, WI",WI
11292,1129202,30325,"Denver, CO",CO
11292,1129202,30325,"Denver, CO",CO
11775,1177502,31775,"Sioux Falls, SD",SD
11109,1110902,30189,"Colorado Springs, CO",CO
11292,1129202,30325,"Denver, CO",CO
11292,1129202,30325,"Denver, CO",CO
10397,1039705,30397,"Atlanta, GA",GA
11292,1129202,30325,"Denver, CO",CO
11292,1129202,30325,"Denver, CO",CO
11292,1129202,30325,"Denver, CO",CO
13198,1319801,33198,"Kansas City, MO",MO
11292,1129202,30325,"Denver, CO",CO
11292,1129202,30325,"Denver, CO",CO
12992,1299204,32600,"Little Rock, AR",AR
11292,1129202,30325,"Denver, CO",CO
11298,1129804,30194,"Dallas/Fort Worth, TX",TX
11292,1129202,30325,"Denver, CO",CO
13342,1334205,33342,"Milwaukee, WI",WI
13930,1393004,30977,"Chicago, IL",IL
11292,1129202,30325,"Denver, CO",CO
11697,1169704,32467,"Fort Lauderdale, FL",FL
11292,1129202,30325,"Denver, CO",CO
13029,1302902,33029,"Lincoln, NE",NE
11433,1143302,31295,"Detroit, MI",MI
14457,1445702,34457,"Rapid City, SD",SD
11292,1129202,30325,"Denver, CO",CO
11298,1129804,30194,"Dallas/Fort Worth, TX",TX
11298,1129804,30194,"Dallas/Fort Worth, TX",TX
11292,1129202,30325,"Denver, CO",CO
11292,1129202,30325,"Denver, CO",CO
11292,1129202,30325,"Denver, CO",CO
11292,1129202,30325,"Denver, CO",CO
10693,1069302,30693,"Nashville, TN",TN
14100,1410002,34100,"Philadelphia, PA",PA
11292,1129202,30325,"Denver, CO",CO
11292,1129202,30325,"Denver, CO",CO
11292,1129202,30325,"Denver, CO",CO
11292,1129202,30325,"Denver, CO",CO
11433,1143302,31295,"Detroit, MI",MI
12339,1233904,32337,"Indianapolis, IN",IN
11292,1129202,30325,"Denver, CO",CO
11292,1129202,30325,"Denver, CO",CO
10140,1014003,30140,"Albuquerque, NM",NM
11540,1154003,30615,"El Paso, TX",TX
10397,1039705,30397,"Atlanta, GA",GA
11292,1129202,30325,"Denver, CO",CO
13930,1393004,30977,"Chicago, IL",IL
13158,1315803,33158,"Midland/Odessa, TX",TX
11292,1129202,30325,"Denver, CO",CO
11292,1129202,30325,"Denver, CO",CO
11042,1104203,30647,"Cleveland, OH",OH
11292,1129202,30325,"Denver, CO",CO
14771,1477102,32457,"San Francisco, CA",CA
12266,1226603,31453,"Houston, TX",TX
11292,1129202,30325,"Denver, CO",CO
11292,1129202,30325,"Denver, CO",CO
11292,1129202,30325,"Denver, CO",CO
12478,1247803,31703,"New York, NY",NY
11292,1129202,30325,"Denver, CO",CO
11292,1129202,30325,"Denver, CO",CO
11292,1129202,30325,"Denver, CO",CO
11292,1129202,30325,"Denver, CO",CO
11298,1129804,30194,"Dallas/Fort Worth, TX",TX
11986,1198603,31986,"Grand Rapids, MI",MI
13204,1320402,31454,"Orlando, FL",FL
13871,1387102,33316,"Omaha, NE",NE
11292,1129202,30325,"Denver, CO",CO
11292,1129202,30325,"Denver, CO",CO
11292,1129202,30325,"Denver, CO",CO
11066,1106603,31066,"Columbus, OH",OH
13204,1320402,31454,"Orlando, FL",FL
15304,1530402,33195,"Tampa, FL",FL
11292,1129202,30325,"Denver, CO",CO
11292,1129202,30325,"Denver, CO",CO
11292,1129202,30325,"Denver, CO",CO
10627,1062702,30627,"Bismarck/Mandan, ND",ND
11292,1129202,30325,"Denver, CO",CO
12953,1295302,31703,"New York, NY",NY
14570,1457002,34570,"Reno, NV",NV
14747,1474703,30559,"Seattle, WA",WA
11292,1129202,30325,"Denver, CO",CO
14057,1405702,34057,"Portland, OR",OR
11292,1129202,30325,"Denver, CO",CO
10713,1071302,30713,"Boise, ID",ID
11292,1129202,30325,"Denver, CO",CO
11423,1142304,31423,"Des Moines, IA",IA
11292,1129202,30325,"Denver, CO",CO
11292,1129202,30325,"Denver, CO",CO
14534,1453402,34534,"Riverton/Lander, WY",WY
14679,1467903,33570,"San Diego, CA",CA
11292,1129202,30325,"Denver, CO",CO
11292,1129202,30325,"Denver, CO",CO
11292,1129202,30325,"Denver, CO",CO
11292,1129202,30325,"Denver, CO",CO
11003,1100303,31003,"Cedar Rapids/Iowa City, IA",IA
12441,1244102,32441,"Jackson, WY",WY
12892,1289205,32575,"Los Angeles, CA",CA
11292,1129202,30325,"Denver, CO",CO
11292,1129202,30325,"Denver, CO",CO
11292,1129202,30325,"Denver, CO",CO
11292,1129202,30325,"Denver, CO",CO
11292,1129202,30325,"Denver, CO",CO
11292,1129202,30325,"Denver, CO",CO
10800,1080003,32575,"Burbank, CA",CA
13851,1385103,33851,"Oklahoma City, OK",OK
14457,1445702,34457,"Rapid City, SD",SD
14869,1486903,34614,"Salt Lake City, UT",UT
11292,1129202,30325,"Denver, CO",CO
11648,1164802,31648,"Kalispell, MT",MT
14893,1489302,33192,"Sacramento, CA",CA
11292,1129202,30325,"Denver, CO",CO
11292,1129202,30325,"Denver, CO",CO
14747,1474703,30559,"Seattle, WA",WA
14869,1486903,34614,"Salt Lake City, UT",UT
13244,1324402,33244,"Memphis, TN",TN
11292,1129202,30325,"Denver, CO",CO
11292,1129202,30325,"Denver, CO",CO
11292,1129202,30325,"Denver, CO",CO
10397,1039705,30397,"Atlanta, GA",GA
11433,1143302,31295,"Detroit, MI",MI
13204,1320402,31454,"Orlando, FL",FL
14679,1467903,33570,"San Diego, CA",CA
11292,1129202,30325,"Denver, CO",CO
13342,1334205,33342,"Milwaukee, WI",WI
14679,1467903,33570,"San Diego, CA",CA
15016,1501603,31123,"St. Louis, MO",MO
11292,1129202,30325,"Denver, CO",CO
14492,1449202,34492,"Raleigh/Durham, NC",NC
13930,1393004,30977,"Chicago, IL",IL
11292,1129202,30325,"Denver, CO",CO
11423,1142304,31423,"Des Moines, IA",IA
14831,1483104,32457,"San Jose, CA",CA
11292,1129202,30325,"Denver, CO",CO
10721,1072102,30721,"Boston, MA",MA
13930,1393004,30977,"Chicago, IL",IL
11292,1129202,30325,"Denver, CO",CO
11292,1129202,30325,"Denver, CO",CO
11292,1129202,30325,"Denver, CO",CO
11292,1129202,30325,"Denver, CO",CO
11292,1129202,30325,"Denver, CO",CO
11292,1129202,30325,"Denver, CO",CO
11292,1129202,30325,"Denver, CO",CO
11618,1161802,31703,"Newark, NJ",NJ
13485,1348502,33485,"Madison, WI",WI
14100,1410002,34100,"Philadelphia, PA",PA
11292,1129202,30325,"Denver, CO",CO
11292,1129202,30325,"Denver, CO",CO
12892,1289205,32575,"Los Angeles, CA",CA
11292,1129202,30325,"Denver, CO",CO
12339,1233904,32337,"Indianapolis, IN",IN
11711,1171102,31711,"Farmington, NM",NM
12478,1247803,31703,"New York, NY",NY
11292,1129202,30325,"Denver, CO",CO
11292,1129202,30325,"Denver, CO",CO
15370,1537002,34653,"Tulsa, OK",OK
11292,1129202,30325,"Denver, CO",CO
11618,1161802,31703,"Newark, NJ",NJ
11292,1129202,30325,"Denver, CO",CO
11433,1143302,31295,"Detroit, MI",MI
12953,1295302,31703,"New York, NY",NY
10423,1042302,30423,"Austin, TX",TX
12441,1244102,32441,"Jackson, WY",WY
11292,1129202,30325,"Denver, CO",CO
11292,1129202,30325,"Denver, CO",CO
13486,1348602,33486,"Missoula, MT",MT
14489,1448902,34489,"Bend/Redmond, OR",OR
11292,1129202,30325,"Denver, CO",CO
11292,1129202,30325,"Denver, CO",CO
11292,1129202,30325,"Denver, CO",CO
11109,1110902,30189,"Colorado Springs, CO",CO
14120,1412002,34120,"Pierre, SD",SD
11413,1141304,30285,"Durango, CO",CO
11292,1129202,30325,"Denver, CO",CO
10372,1037203,30372,"Aspen, CO",CO
11292,1129202,30325,"Denver, CO",CO
11292,1129202,30325,"Denver, CO",CO
11292,1129202,30325,"Denver, CO",CO
13930,1393004,30977,"Chicago, IL",IL
11292,1129202,30325,"Denver, CO",CO
11292,1129202,30325,"Denver, CO",CO
11292,1129202,30325,"Denver, CO",CO
14877,1487704,34877,"Salina, KS",KS
11292,1129202,30325,"Denver, CO",CO
12255,1225502,32255,"Hays, KS",KS
12519,1251902,32519,"Jamestown, ND",ND
12888,1288802,32888,"Laramie, WY",WY
14783,1478302,34783,"Springfield, MO",MO
11292,1129202,30325,"Denver, CO",CO
12889,1288903,32211,"Las Vegas, NV",NV
11292,1129202,30325,"Denver, CO",CO
11292,1129202,30325,"Denver, CO",CO
11292,1129202,30325,"Denver, CO",CO
11315,1131502,31315,"Dickinson, ND",ND
11292,1129202,30325,"Denver, CO",CO
11292,1129202,30325,"Denver, CO",CO
11292,1129202,30325,"Denver, CO",CO
11292,1129202,30325,"Denver, CO",CO
10221,1022103,30221,"Alliance, NE",NE
10925,1092502,30925,"Chadron, NE",NE
13200,1320002,33200,"McCook, NE",NE
15582,1558202,35582,"Vernal, UT",UT
11292,1129202,30325,"Denver, CO",CO
11292,1129202,30325,"Denver, CO",CO
11267,1126702,31267,"Dayton, OH",OH
11292,1129202,30325,"Denver, CO",CO
11292,1129202,30325,"Denver, CO",CO
10299,1029904,30299,"Anchorage, AK",AK
11109,1110902,30189,"Colorado Springs, CO",CO
11292,1129202,30325,"Denver, CO",CO
10279,1027903,30279,"Amarillo, TX",TX
12892,1289205,32575,"Los Angeles, CA",CA
14893,1489302,33192,"Sacramento, CA",CA
14057,1405702,34057,"Portland, OR",OR
11292,1129202,30325,"Denver, CO",CO
11292,1129202,30325,"Denver, CO",CO
11884,1188402,31884,"Spokane, WA",WA
13495,1349503,33495,"New Orleans, LA",LA
14107,1410702,30466,"Phoenix, AZ",AZ
11292,1129202,30325,"Denver, CO",CO
10950,1095002,30950,"Cortez, CO",CO
10397,1039705,30397,"Atlanta, GA",GA
13502,1350202,33502,"Montrose/Delta, CO",CO
11292,1129202,30325,"Denver, CO",CO
13433,1343302,33304,"Minot, ND",ND
11292,1129202,30325,"Denver, CO",CO
14570,1457002,34570,"Reno, NV",NV
11292,1129202,30325,"Denver, CO",CO
11292,1129202,30325,"Denver, CO",CO
11292,1129202,30325,"Denver, CO",CO
11292,1129202,30325,"Denver, CO",CO
10561,1056103,30561,"Bakersfield, CA",CA
11865,1186502,31865,"Gillette, WY",WY
12992,1299204,32600,"Little Rock, AR",AR
14543,1454302,34543,"Rock Springs, WY",WY
11292,1129202,30325,"Denver, CO",CO
11109,1110902,30189,"Colorado Springs, CO",CO
11292,1129202,30325,"Denver, CO",CO
11109,1110902,30189,"Colorado Springs, CO",CO
11292,1129202,30325,"Denver, CO",CO
10849,1084903,30849,"Bozeman, MT",MT
12892,1289205,32575,"Los Angeles, CA",CA
11292,1129202,30325,"Denver, CO",CO
13891,1389101,32575,"Ontario, CA",CA
14492,1449202,34492,"Raleigh/Durham, NC",NC
15304,1530402,33195,"Tampa, FL",FL
11292,1129202,30325,"Denver, CO",CO
14908,1490803,32575,"Santa Ana, CA",CA
11292,1129202,30325,"Denver, CO",CO
12896,1289605,32896,"Lubbock, TX",TX
11292,1129202,30325,"Denver, CO",CO
11292,1129202,30325,"Denver, CO",CO
11292,1129202,30325,"Denver, CO",CO
11092,1109202,31092,"Moab, UT",UT
14869,1486903,34614,"Salt Lake City, UT",UT
12266,1226603,31453,"Houston, TX",TX
10721,1072102,30721,"Boston, MA",MA
15376,1537602,30436,"Tucson, AZ",AZ
11292,1129202,30325,"Denver, CO",CO
13930,1393004,30977,"Chicago, IL",IL
11292,1129202,30325,"Denver, CO",CO
13486,1348602,33486,"Missoula, MT",MT
11292,1129202,30325,"Denver, CO",CO
10721,1072102,30721,"Boston, MA",MA
14869,1486903,34614,"Salt Lake City, UT",UT
11292,1129202,30325,"Denver, CO",CO
11292,1129202,30325,"Denver, CO",CO
11109,1110902,30189,"Colorado Springs, CO",CO
14869,1486903,34614,"Salt Lake City, UT",UT
10372,1037203,30372,"Aspen, CO",CO
11292,1129202,30325,"Denver, CO",CO
14057,1405702,34057,"Portland, OR",OR
11292,1129202,30325,"Denver, CO",CO
15016,1501603,31123,"St. Louis, MO",MO
15370,1537002,34653,"Tulsa, OK",OK
13487,1348702,31650,"Minneapolis, MN",MN
11122,1112203,31122,"Casper, WY",WY
15016,1501603,31123,"St. Louis, MO",MO
13303,1330303,32467,"Miami, FL",FL
11292,1129202,30325,"Denver, CO",CO
11292,1129202,30325,"Denver, CO",CO
11292,1129202,30325,"Denver, CO",CO
11292,1129202,30325,"Denver, CO",CO
10620,1062002,30620,"Billings, MT",MT
11292,1129202,30325,"Denver, CO",CO
11292,1129202,30325,"Denver, CO",CO
12266,1226603,31453,"Houston, TX",TX
13204,1320402,31454,"Orlando, FL",FL
11292,1129202,30325,"Denver, CO",CO
11292,1129202,30325,"Denver, CO",CO
12889,1288903,32211,"Las Vegas, NV",NV
11292,1129202,30325,"Denver, CO",CO
12389,1238902,32389,"Williston, ND",ND
11292,1129202,30325,"Denver, CO",CO
14107,1410702,30466,"Phoenix, AZ",AZ
11292,1129202,30325,"Denver, CO",CO
11292,1129202,30325,"Denver, CO",CO
12892,1289205,32575,"Los Angeles, CA",CA
11540,1154003,30615,"El Paso, TX",TX
14252,1425202,34252,"Pasco/Kennewick/Richland, WA",WA
14794,1479403,34794,"St. George, UT",UT
14107,1410702,30466,"Phoenix, AZ",AZ
11292,1129202,30325,"Denver, CO",CO
14107,1410702,30466,"Phoenix, AZ",AZ
11413,1141304,30285,"Durango, CO",CO
11921,1192102,31921,"Grand Junction, CO",CO
11292,1129202,30325,"Denver, CO",CO
12889,1288903,32211,"Las Vegas, NV",NV
11193,1119302,33105,"Cincinnati, OH",KY
12889,1288903,32211,"Las Vegas, NV",NV
12892,1289205,32575,"Los Angeles, CA",CA
14771,1477102,32457,"San Francisco, CA",CA
11292,1129202,30325,"Denver, CO",CO
11292,1129202,30325,"Denver, CO",CO
11292,1129202,30325,"Denver, CO",CO
11292,1129202,30325,"Denver, CO",CO
14674,1467402,34674,"Santa Fe, NM",NM
11292,1129202,30325,"Denver, CO",CO
14100,1410002,34100,"Philadelphia, PA",PA
11292,1129202,30325,"Denver, CO",CO
13796,1379604,32457,"Oakland, CA",CA
14747,1474703,30559,"Seattle, WA",WA
11292,1129202,30325,"Denver, CO",CO
11292,1129202,30325,"Denver, CO",CO
11122,1112203,31122,"Casper, WY",WY
15376,1537602,30436,"Tucson, AZ",AZ
11292,1129202,30325,"Denver, CO",CO
11292,1129202,30325,"Denver, CO",CO
11292,1129202,30325,"Denver, CO",CO
11292,1129202,30325,"Denver, CO",CO
11921,1192102,31921,"Grand Junction, CO",CO
11618,1161802,31703,"Newark, NJ",NJ
12003,1200302,31895,"Great Falls, MT",MT
11292,1129202,30325,"Denver, CO",CO
12264,1226402,30852,"Washington, DC",VA
11292,1129202,30325,"Denver, CO",CO
11292,1129202,30325,"Denver, CO",CO
11292,1129202,30325,"Denver, CO",CO
11638,1163805,31638,"Fresno, CA",CA
11921,1192102,31921,"Grand Junction, CO",CO
11292,1129202,30325,"Denver, CO",CO
14771,1477102,32457,"San Francisco, CA",CA
13487,1348702,31650,"Minneapolis, MN",MN
11292,1129202,30325,"Denver, CO",CO
11618,1161802,31703,"Newark, NJ",NJ
14107,1410702,30466,"Phoenix, AZ",AZ
13342,1334205,33342,"Milwaukee, WI",WI
10721,1072102,30721,"Boston, MA",MA
14457,1445702,34457,"Rapid City, SD",SD
11292,1129202,30325,"Denver, CO",CO
11292,1129202,30325,"Denver, CO",CO
11292,1129202,30325,"Denver, CO",CO
10627,1062702,30627,"Bismarck/Mandan, ND",ND
13796,1379604,32457,"Oakland, CA",CA
11292,1129202,30325,"Denver, CO",CO
11292,1129202,30325,"Denver, CO",CO
12264,1226402,30852,"Washington, DC",VA
11292,1129202,30325,"Denver, CO",CO
13851,1385103,33851,"Oklahoma City, OK",OK
14057,1405702,34057,"Portland, OR",OR
11292,1129202,30325,"Denver, CO",CO
14747,1474703,30559,"Seattle, WA",WA
11292,1129202,30325,"Denver, CO",CO
12953,1295302,31703,"New York, NY",NY
11292,1129202,30325,"Denver, CO",CO
14288,1428803,34288,"Pueblo, CO",CO
11292,1129202,30325,"Denver, CO",CO
10272,1027203,30272,"Alamosa, CO",CO
11292,1129202,30325,"Denver, CO",CO
11292,1129202,30325,"Denver, CO",CO
11292,1129202,30325,"Denver, CO",CO
11292,1129202,30325,"Denver, CO",CO
12266,1226603,31453,"Houston, TX",TX
11292,1129202,30325,"Denver, CO",CO
14747,1474703,30559,"Seattle, WA",WA
14908,1490803,32575,"Santa Ana, CA",CA
12892,1289205,32575,"Los Angeles, CA",CA
11292,1129202,30325,"Denver, CO",CO
11292,1129202,30325,"Denver, CO",CO
11292,1129202,30325,"Denver, CO",CO
11292,1129202,30325,"Denver, CO",CO
11637,1163703,31637,"Fargo, ND",ND
14771,1477102,32457,"San Francisco, CA",CA
11278,1127803,30852,"Washington, DC",VA
12191,1219102,31453,"Houston, TX",TX
13930,1393004,30977,"Chicago, IL",IL
14683,1468303,33214,"San Antonio, TX",TX
12953,1295302,31703,"New York, NY",NY
11292,1129202,30325,"Denver, CO",CO
11292,1129202,30325,"Denver, CO",CO
10140,1014003,30140,"Albuquerque, NM",NM
10800,1080003,32575,"Burbank, CA",CA
12339,1233904,32337,"Indianapolis, IN",IN
11292,1129202,30325,"Denver, CO",CO
11292,1129202,30325,"Denver, CO",CO
13871,1387102,33316,"Omaha, NE",NE
11292,1129202,30325,"Denver, CO",CO
12191,1219102,31453,"Houston, TX",TX
10821,1082104,30852,"Baltimore, MD",MD
11292,1129202,30325,"Denver, CO",CO
11292,1129202,30325,"Denver, CO",CO
11618,1161802,31703,"Newark, NJ",NJ
14869,1486903,34614,"Salt Lake City, UT",UT
15016,1501603,31123,"St. Louis, MO",MO
11921,1192102,31921,"Grand Junction, CO",CO
11292,1129202,30325,"Denver, CO",CO
14771,1477102,32457,"San Francisco, CA",CA
11292,1129202,30325,"Denver, CO",CO
13204,1320402,31454,"Orlando, FL",FL
11292,1129202,30325,"Denver, CO",CO
11292,1129202,30325,"Denver, CO",CO
11292,1129202,30325,"Denver, CO",CO
12892,1289205,32575,"Los Angeles, CA",CA
12280,1228002,32280,"Idaho Falls, ID",ID
10821,1082104,30852,"Baltimore, MD",MD
11921,1192102,31921,"Grand Junction, CO",CO
11298,1129804,30194,"Dallas/Fort Worth, TX",TX
11298,1129804,30194,"Dallas/Fort Worth, TX",TX
11292,1129202,30325,"Denver, CO",CO
11413,1141304,30285,"Durango, CO",CO
11292,1129202,30325,"Denver, CO",CO
11292,1129202,30325,"Denver, CO",CO
11292,1129202,30325,"Denver, CO",CO
13930,1393004,30977,"Chicago, IL",IL
11292,1129202,30325,"Denver, CO",CO
11292,1129202,30325,"Denver, CO",CO
11292,1129202,30325,"Denver, CO",CO
10693,1069302,30693,"Nashville, TN",TN
14771,1477102,32457,"San Francisco, CA",CA
10397,1039705,30397,"Atlanta, GA",GA
11292,1129202,30325,"Denver, CO",CO
11292,1129202,30325,"Denver, CO",CO
14747,1474703,30559,"Seattle, WA",WA
11292,1129202,30325,"Denver, CO",CO
14771,1477102,32457,"San Francisco, CA",CA
11292,1129202,30325,"Denver, CO",CO
11292,1129202,30325,"Denver, CO",CO
14747,1474703,30559,"Seattle, WA",WA
11292,1129202,30325,"Denver, CO",CO
10423,1042302,30423,"Austin, TX",TX
14831,1483104,32457,"San Jose, CA",CA
14869,1486903,34614,"Salt Lake City, UT",UT
11292,1129202,30325,"Denver, CO",CO
11292,1129202,30325,"Denver, CO",CO
11413,1141304,30285,"Durango, CO",CO
14893,1489302,33192,"Sacramento, CA",CA
11292,1129202,30325,"Denver, CO",CO
11292,1129202,30325,"Denver, CO",CO
11292,1129202,30325,"Denver, CO",CO
11298,1129804,30194,"Dallas/Fort Worth, TX",TX
11109,1110902,30189,"Colorado Springs, CO",CO
13232,1323202,30977,"Chicago, IL",IL
11292,1129202,30325,"Denver, CO",CO
11292,1129202,30325,"Denver, CO",CO
11292,1129202,30325,"Denver, CO",CO
11292,1129202,30325,"Denver, CO",CO
13487,1348702,31650,"Minneapolis, MN",MN
14679,1467903,33570,"San Diego, CA",CA
11292,1129202,30325,"Denver, CO",CO
11109,1110902,30189,"Colorado Springs, CO",CO
11292,1129202,30325,"Denver, CO",CO
11292,1129202,30325,"Denver, CO",CO
12892,1289205,32575,"Los Angeles, CA",CA
14908,1490803,32575,"Santa Ana, CA",CA
11292,1129202,30325,"Denver, CO",CO
11292,1129202,30325,"Denver, CO",CO
14869,1486903,34614,"Salt Lake City, UT",UT
13232,1323202,30977,"Chicago, IL",IL
10397,1039705,30397,"Atlanta, GA",GA
12264,1226402,30852,"Washington, DC",VA
13487,1348702,31650,"Minneapolis, MN",MN
11292,1129202,30325,"Denver, CO",CO
11292,1129202,30325,"Denver, CO",CO
11259,1125903,30194,"Dallas, TX",TX
11292,1129202,30325,"Denver, CO",CO
11292,1129202,30325,"Denver, CO",CO
12266,1226603,31453,"Houston, TX",TX
11292,1129202,30325,"Denver, CO",CO
12892,1289205,32575,"Los Angeles, CA",CA
11292,1129202,30325,"Denver, CO",CO
10372,1037203,30372,"Aspen, CO",CO
11292,1129202,30325,"Denver, CO",CO
11292,1129202,30325,"Denver, CO",CO
11057,1105703,31057,"Charlotte, NC",NC
13198,1319801,33198,"Kansas City, MO",MO
14107,1410702,30466,"Phoenix, AZ",AZ
11292,1129202,30325,"Denver, CO",CO
11292,1129202,30325,"Denver, CO",CO
11292,1129202,30325,"Denver, CO",CO
11298,1129804,30194,"Dallas/Fort Worth, TX",TX
13930,1393004,30977,"Chicago, IL",IL
12889,1288903,32211,"Las Vegas, NV",NV
11292,1129202,30325,"Denver, CO",CO
