﻿ORIGIN_AIRPORT_ID,ORIGIN_STATE_FIPS,ORIGIN_STATE_NM,ORIGIN_WAC
12954,6,California,91
11292,8,Colorado,82
14771,6,California,91
11423,19,Iowa,61
11292,8,Colorado,82
11292,8,Colorado,82
11315,38,North Dakota,66
11503,8,Colorado,82
15016,29,Missouri,64
12544,37,North Carolina,36
10397,13,Georgia,34
11292,8,Colorado,82
11109,8,Colorado,82
12889,32,Nevada,85
10372,8,Colorado,82
10800,6,California,91
11503,8,Colorado,82
14869,49,Utah,87
11292,8,Colorado,82
14100,42,Pennsylvania,23
10397,13,Georgia,34
10397,13,Georgia,34
10397,13,Georgia,34
11109,8,Colorado,82
11109,8,Colorado,82
11122,56,Wyoming,88
11292,8,Colorado,82
11292,8,Colorado,82
11292,8,Colorado,82
11292,8,Colorado,82
11292,8,Colorado,82
11292,8,Colorado,82
11292,8,Colorado,82
11292,8,Colorado,82
11292,8,Colorado,82
11433,26,Michigan,43
13487,27,Minnesota,63
13851,40,Oklahoma,73
14771,6,California,91
14869,49,Utah,87
10529,9,Connecticut,11
11109,8,Colorado,82
13796,6,California,91
10558,31,Nebraska,65
11292,8,Colorado,82
11292,8,Colorado,82
11292,8,Colorado,82
11292,8,Colorado,82
11292,8,Colorado,82
13341,29,Missouri,64
11292,8,Colorado,82
11109,8,Colorado,82
11233,56,Wyoming,88
11233,56,Wyoming,88
11259,48,Texas,74
11292,8,Colorado,82
11292,8,Colorado,82
11292,8,Colorado,82
11292,8,Colorado,82
11292,8,Colorado,82
11292,8,Colorado,82
11292,8,Colorado,82
14831,6,California,91
11109,8,Colorado,82
10325,8,Colorado,82
10325,8,Colorado,82
10325,8,Colorado,82
10423,48,Texas,74
11066,39,Ohio,44
14792,48,Texas,74
11292,8,Colorado,82
10466,4,Arizona,81
10747,48,Texas,74
11292,8,Colorado,82
11292,8,Colorado,82
11292,8,Colorado,82
11563,49,Utah,87
11921,8,Colorado,82
14576,36,New York,22
15370,40,Oklahoma,73
11292,8,Colorado,82
11376,17,Illinois,41
11292,8,Colorado,82
14570,32,Nevada,85
11292,8,Colorado,82
11719,8,Colorado,82
10590,4,Arizona,81
10590,4,Arizona,81
10590,4,Arizona,81
10590,4,Arizona,81
13502,8,Colorado,82
14288,8,Colorado,82
11840,1,Alabama,51
14288,8,Colorado,82
11193,21,Kentucky,52
11292,8,Colorado,82
11109,8,Colorado,82
14747,53,Washington,93
10558,31,Nebraska,65
11292,8,Colorado,82
10325,8,Colorado,82
10558,31,Nebraska,65
11283,20,Kansas,62
11292,8,Colorado,82
11292,8,Colorado,82
11292,8,Colorado,82
11292,8,Colorado,82
11292,8,Colorado,82
11292,8,Colorado,82
11468,31,Nebraska,65
12899,31,Nebraska,65
12902,20,Kansas,62
12902,20,Kansas,62
11292,8,Colorado,82
14288,8,Colorado,82
11292,8,Colorado,82
10558,31,Nebraska,65
11292,8,Colorado,82
11292,8,Colorado,82
12389,38,North Dakota,66
11921,8,Colorado,82
12889,32,Nevada,85
11109,8,Colorado,82
11109,8,Colorado,82
11109,8,Colorado,82
11292,8,Colorado,82
11292,8,Colorado,82
11292,8,Colorado,82
13204,12,Florida,33
13930,17,Illinois,41
14492,37,North Carolina,36
14771,6,California,91
14869,49,Utah,87
11292,8,Colorado,82
11292,8,Colorado,82
11292,8,Colorado,82
11292,8,Colorado,82
11433,26,Michigan,43
13487,27,Minnesota,63
13487,27,Minnesota,63
11292,8,Colorado,82
11986,26,Michigan,43
11097,56,Wyoming,88
11109,8,Colorado,82
11109,8,Colorado,82
11109,8,Colorado,82
11122,56,Wyoming,88
11278,51,Virginia,38
11292,8,Colorado,82
11292,8,Colorado,82
11292,8,Colorado,82
11292,8,Colorado,82
11292,8,Colorado,82
11292,8,Colorado,82
11292,8,Colorado,82
11292,8,Colorado,82
11292,8,Colorado,82
11292,8,Colorado,82
11292,8,Colorado,82
11292,8,Colorado,82
11292,8,Colorado,82
11292,8,Colorado,82
11292,8,Colorado,82
11292,8,Colorado,82
11292,8,Colorado,82
11292,8,Colorado,82
11292,8,Colorado,82
11292,8,Colorado,82
11292,8,Colorado,82
11298,48,Texas,74
11921,8,Colorado,82
12266,48,Texas,74
12441,56,Wyoming,88
12888,56,Wyoming,88
12892,6,California,91
12992,5,Arkansas,71
13264,41,Oregon,92
13486,30,Montana,84
13930,17,Illinois,41
14057,41,Oregon,92
14252,53,Washington,93
14679,6,California,91
14683,48,Texas,74
14794,49,Utah,87
14893,6,California,91
14908,6,California,91
10140,35,New Mexico,86
10529,9,Connecticut,11
10721,25,Massachusetts,13
10849,30,Montana,84
11292,8,Colorado,82
11292,8,Colorado,82
11292,8,Colorado,82
11292,8,Colorado,82
11292,8,Colorado,82
11292,8,Colorado,82
11292,8,Colorado,82
11292,8,Colorado,82
11292,8,Colorado,82
11292,8,Colorado,82
11292,8,Colorado,82
11292,8,Colorado,82
11292,8,Colorado,82
11292,8,Colorado,82
11292,8,Colorado,82
11292,8,Colorado,82
11292,8,Colorado,82
11292,8,Colorado,82
11292,8,Colorado,82
11292,8,Colorado,82
11292,8,Colorado,82
12264,51,Virginia,38
12266,48,Texas,74
12266,48,Texas,74
13198,29,Missouri,64
13204,12,Florida,33
14262,6,California,91
14262,6,California,91
14524,51,Virginia,38
14570,32,Nevada,85
14683,48,Texas,74
14689,6,California,91
14771,6,California,91
14771,6,California,91
14908,6,California,91
15016,29,Missouri,64
15016,29,Missouri,64
15370,40,Oklahoma,73
10994,45,South Carolina,37
11042,39,Ohio,44
11292,8,Colorado,82
11292,8,Colorado,82
11292,8,Colorado,82
11292,8,Colorado,82
11292,8,Colorado,82
11292,8,Colorado,82
11292,8,Colorado,82
11292,8,Colorado,82
11292,8,Colorado,82
11292,8,Colorado,82
11433,26,Michigan,43
11986,26,Michigan,43
13495,22,Louisiana,72
14122,42,Pennsylvania,23
14570,32,Nevada,85
14635,12,Florida,33
14893,6,California,91
10397,13,Georgia,34
11109,8,Colorado,82
11292,8,Colorado,82
11292,8,Colorado,82
11292,8,Colorado,82
11292,8,Colorado,82
11292,8,Colorado,82
11292,8,Colorado,82
12278,20,Kansas,62
14730,21,Kentucky,52
15370,40,Oklahoma,73
11193,21,Kentucky,52
11292,8,Colorado,82
11292,8,Colorado,82
11292,8,Colorado,82
11292,8,Colorado,82
11292,8,Colorado,82
11292,8,Colorado,82
11292,8,Colorado,82
11292,8,Colorado,82
11292,8,Colorado,82
11292,8,Colorado,82
11292,8,Colorado,82
11292,8,Colorado,82
11433,26,Michigan,43
12264,51,Virginia,38
12266,48,Texas,74
12339,18,Indiana,42
13204,12,Florida,33
13486,30,Montana,84
13930,17,Illinois,41
14107,4,Arizona,81
15016,29,Missouri,64
15304,12,Florida,33
15412,47,Tennessee,54
11292,8,Colorado,82
11292,8,Colorado,82
11292,8,Colorado,82
11292,8,Colorado,82
11292,8,Colorado,82
11292,8,Colorado,82
11921,8,Colorado,82
12339,18,Indiana,42
13198,29,Missouri,64
13244,47,Tennessee,54
13796,6,California,91
11292,8,Colorado,82
12266,48,Texas,74
13502,8,Colorado,82
11292,8,Colorado,82
11413,8,Colorado,82
11986,26,Michigan,43
11298,48,Texas,74
13502,8,Colorado,82
11292,8,Colorado,82
14877,20,Kansas,62
11109,8,Colorado,82
11292,8,Colorado,82
12266,48,Texas,74
12266,48,Texas,74
11292,8,Colorado,82
11292,8,Colorado,82
11292,8,Colorado,82
14869,49,Utah,87
14869,49,Utah,87
11292,8,Colorado,82
12892,6,California,91
14100,42,Pennsylvania,23
11292,8,Colorado,82
11292,8,Colorado,82
14869,49,Utah,87
11292,8,Colorado,82
11423,19,Iowa,61
11109,8,Colorado,82
11292,8,Colorado,82
11292,8,Colorado,82
11292,8,Colorado,82
11292,8,Colorado,82
11292,8,Colorado,82
11638,6,California,91
11921,8,Colorado,82
11921,8,Colorado,82
11921,8,Colorado,82
12003,30,Montana,84
13930,17,Illinois,41
14679,6,California,91
15919,5,Arkansas,71
10397,13,Georgia,34
11193,21,Kentucky,52
11278,51,Virginia,38
11292,8,Colorado,82
11292,8,Colorado,82
11292,8,Colorado,82
11292,8,Colorado,82
11292,8,Colorado,82
11292,8,Colorado,82
11292,8,Colorado,82
11292,8,Colorado,82
11292,8,Colorado,82
11603,41,Oregon,92
11618,34,New Jersey,21
11884,53,Washington,93
11986,26,Michigan,43
12278,20,Kansas,62
12889,32,Nevada,85
15304,12,Florida,33
15376,4,Arizona,81
10713,16,Idaho,83
11292,8,Colorado,82
11292,8,Colorado,82
11292,8,Colorado,82
11292,8,Colorado,82
11292,8,Colorado,82
11292,8,Colorado,82
11292,8,Colorado,82
11884,53,Washington,93
14057,41,Oregon,92
14679,6,California,91
14747,53,Washington,93
14831,6,California,91
11066,39,Ohio,44
11292,8,Colorado,82
11292,8,Colorado,82
11292,8,Colorado,82
11292,8,Colorado,82
13851,40,Oklahoma,73
11292,8,Colorado,82
11292,8,Colorado,82
11292,8,Colorado,82
11292,8,Colorado,82
13485,55,Wisconsin,45
14492,37,North Carolina,36
14683,48,Texas,74
11292,8,Colorado,82
11292,8,Colorado,82
11193,21,Kentucky,52
11292,8,Colorado,82
11292,8,Colorado,82
11298,48,Texas,74
10849,30,Montana,84
11292,8,Colorado,82
11292,8,Colorado,82
11292,8,Colorado,82
13367,17,Illinois,41
14730,21,Kentucky,52
10140,35,New Mexico,86
10279,48,Texas,74
10849,30,Montana,84
11292,8,Colorado,82
11292,8,Colorado,82
11292,8,Colorado,82
11292,8,Colorado,82
11292,8,Colorado,82
11292,8,Colorado,82
11292,8,Colorado,82
11292,8,Colorado,82
11292,8,Colorado,82
11292,8,Colorado,82
11292,8,Colorado,82
11292,8,Colorado,82
11292,8,Colorado,82
11423,19,Iowa,61
12892,6,California,91
12896,48,Texas,74
13502,8,Colorado,82
13891,6,California,91
14107,4,Arizona,81
14457,46,South Dakota,67
10800,6,California,91
10821,24,Maryland,35
11057,37,North Carolina,36
11292,8,Colorado,82
11292,8,Colorado,82
11292,8,Colorado,82
11292,8,Colorado,82
13851,40,Oklahoma,73
13930,17,Illinois,41
14262,6,California,91
14492,37,North Carolina,36
10140,35,New Mexico,86
10257,36,New York,22
10397,13,Georgia,34
10529,9,Connecticut,11
11292,8,Colorado,82
11292,8,Colorado,82
11292,8,Colorado,82
11292,8,Colorado,82
11292,8,Colorado,82
11292,8,Colorado,82
11292,8,Colorado,82
11292,8,Colorado,82
11292,8,Colorado,82
11292,8,Colorado,82
11292,8,Colorado,82
11292,8,Colorado,82
11292,8,Colorado,82
11292,8,Colorado,82
12339,18,Indiana,42
12954,6,California,91
13495,22,Louisiana,72
13871,31,Nebraska,65
13891,6,California,91
13931,51,Virginia,38
10140,35,New Mexico,86
10599,1,Alabama,51
11042,39,Ohio,44
11292,8,Colorado,82
11292,8,Colorado,82
11292,8,Colorado,82
11292,8,Colorado,82
11292,8,Colorado,82
11292,8,Colorado,82
11298,48,Texas,74
11423,19,Iowa,61
13244,47,Tennessee,54
13487,27,Minnesota,63
13495,22,Louisiana,72
13871,31,Nebraska,65
14683,48,Texas,74
15919,5,Arkansas,71
11003,19,Iowa,61
11292,8,Colorado,82
11292,8,Colorado,82
12339,18,Indiana,42
13487,27,Minnesota,63
10620,30,Montana,84
11292,8,Colorado,82
11292,8,Colorado,82
11292,8,Colorado,82
11292,8,Colorado,82
13198,29,Missouri,64
14814,22,Louisiana,72
15376,4,Arizona,81
13930,17,Illinois,41
13891,6,California,91
11921,8,Colorado,82
12892,6,California,91
11292,8,Colorado,82
11298,48,Texas,74
10140,35,New Mexico,86
11292,8,Colorado,82
11292,8,Colorado,82
11298,48,Texas,74
11292,8,Colorado,82
11292,8,Colorado,82
11292,8,Colorado,82
11292,8,Colorado,82
11413,8,Colorado,82
11884,53,Washington,93
12892,6,California,91
13198,29,Missouri,64
13486,30,Montana,84
13487,27,Minnesota,63
13871,31,Nebraska,65
14783,29,Missouri,64
10397,13,Georgia,34
10849,30,Montana,84
11003,19,Iowa,61
11066,39,Ohio,44
11066,39,Ohio,44
11193,21,Kentucky,52
11292,8,Colorado,82
11292,8,Colorado,82
11292,8,Colorado,82
11292,8,Colorado,82
11292,8,Colorado,82
11292,8,Colorado,82
11292,8,Colorado,82
11292,8,Colorado,82
11292,8,Colorado,82
11292,8,Colorado,82
11292,8,Colorado,82
11292,8,Colorado,82
11292,8,Colorado,82
11292,8,Colorado,82
11433,26,Michigan,43
11648,30,Montana,84
12982,15,Hawaii,2
13485,55,Wisconsin,45
14570,32,Nevada,85
10140,35,New Mexico,86
10994,45,South Carolina,37
11292,8,Colorado,82
11292,8,Colorado,82
11292,8,Colorado,82
11292,8,Colorado,82
11292,8,Colorado,82
13342,55,Wisconsin,45
13487,27,Minnesota,63
13931,51,Virginia,38
14683,48,Texas,74
14869,49,Utah,87
15376,4,Arizona,81
11292,8,Colorado,82
11292,8,Colorado,82
11540,48,Texas,74
14869,49,Utah,87
11292,8,Colorado,82
11292,8,Colorado,82
13342,55,Wisconsin,45
14908,6,California,91
11292,8,Colorado,82
11292,8,Colorado,82
12278,20,Kansas,62
13502,8,Colorado,82
13930,17,Illinois,41
11292,8,Colorado,82
11292,8,Colorado,82
11292,8,Colorado,82
14869,49,Utah,87
11292,8,Colorado,82
11292,8,Colorado,82
12339,18,Indiana,42
10620,30,Montana,84
11292,8,Colorado,82
11292,8,Colorado,82
11292,8,Colorado,82
11292,8,Colorado,82
11292,8,Colorado,82
11292,8,Colorado,82
11292,8,Colorado,82
11292,8,Colorado,82
11292,8,Colorado,82
11292,8,Colorado,82
11292,8,Colorado,82
11413,8,Colorado,82
13198,29,Missouri,64
13244,47,Tennessee,54
14262,6,California,91
14869,49,Utah,87
10713,16,Idaho,83
11057,37,North Carolina,36
11292,8,Colorado,82
11292,8,Colorado,82
11292,8,Colorado,82
11292,8,Colorado,82
11292,8,Colorado,82
11292,8,Colorado,82
11292,8,Colorado,82
11292,8,Colorado,82
11292,8,Colorado,82
11292,8,Colorado,82
11292,8,Colorado,82
11697,12,Florida,33
11884,53,Washington,93
13198,29,Missouri,64
13851,40,Oklahoma,73
13891,6,California,91
14057,41,Oregon,92
14747,53,Washington,93
14831,6,California,91
15376,4,Arizona,81
10693,47,Tennessee,54
11292,8,Colorado,82
11292,8,Colorado,82
11292,8,Colorado,82
12191,48,Texas,74
12954,6,California,91
13851,40,Oklahoma,73
14122,42,Pennsylvania,23
15016,29,Missouri,64
15016,29,Missouri,64
11292,8,Colorado,82
14107,4,Arizona,81
13487,27,Minnesota,63
11292,8,Colorado,82
11233,56,Wyoming,88
11292,8,Colorado,82
11292,8,Colorado,82
13487,27,Minnesota,63
13502,8,Colorado,82
13930,17,Illinois,41
10397,13,Georgia,34
11042,39,Ohio,44
11109,8,Colorado,82
11292,8,Colorado,82
11292,8,Colorado,82
11292,8,Colorado,82
11423,19,Iowa,61
11648,30,Montana,84
12278,20,Kansas,62
13244,47,Tennessee,54
13433,38,North Dakota,66
13964,41,Oregon,92
14489,41,Oregon,92
14689,6,California,91
15370,40,Oklahoma,73
15376,4,Arizona,81
10423,48,Texas,74
11292,8,Colorado,82
11292,8,Colorado,82
11292,8,Colorado,82
11292,8,Colorado,82
11292,8,Colorado,82
11292,8,Colorado,82
11618,34,New Jersey,21
12339,18,Indiana,42
12339,18,Indiana,42
13264,41,Oregon,92
13342,55,Wisconsin,45
14100,42,Pennsylvania,23
11292,8,Colorado,82
11292,8,Colorado,82
11292,8,Colorado,82
11292,8,Colorado,82
11292,8,Colorado,82
12451,12,Florida,33
14771,6,California,91
14869,49,Utah,87
10397,13,Georgia,34
11292,8,Colorado,82
11292,8,Colorado,82
11292,8,Colorado,82
11292,8,Colorado,82
11109,8,Colorado,82
11292,8,Colorado,82
11292,8,Colorado,82
11921,8,Colorado,82
13244,47,Tennessee,54
11292,8,Colorado,82
11921,8,Colorado,82
12889,32,Nevada,85
11292,8,Colorado,82
15412,47,Tennessee,54
10423,48,Texas,74
10561,6,California,91
11057,37,North Carolina,36
11292,8,Colorado,82
11292,8,Colorado,82
14524,51,Virginia,38
10620,30,Montana,84
10713,16,Idaho,83
10800,6,California,91
11292,8,Colorado,82
11292,8,Colorado,82
11292,8,Colorado,82
11292,8,Colorado,82
11292,8,Colorado,82
11292,8,Colorado,82
11292,8,Colorado,82
11292,8,Colorado,82
11292,8,Colorado,82
11292,8,Colorado,82
11423,19,Iowa,61
11603,41,Oregon,92
13198,29,Missouri,64
13342,55,Wisconsin,45
14100,42,Pennsylvania,23
14122,42,Pennsylvania,23
15370,40,Oklahoma,73
10423,48,Texas,74
11042,39,Ohio,44
11292,8,Colorado,82
11292,8,Colorado,82
11292,8,Colorado,82
14193,12,Florida,33
15370,40,Oklahoma,73
11003,19,Iowa,61
11292,8,Colorado,82
11775,46,South Dakota,67
11292,8,Colorado,82
14730,21,Kentucky,52
11292,8,Colorado,82
14107,4,Arizona,81
11292,8,Colorado,82
11193,21,Kentucky,52
11292,8,Colorado,82
13851,40,Oklahoma,73
10423,48,Texas,74
11292,8,Colorado,82
11292,8,Colorado,82
11292,8,Colorado,82
11292,8,Colorado,82
11292,8,Colorado,82
11292,8,Colorado,82
11292,8,Colorado,82
11292,8,Colorado,82
11292,8,Colorado,82
11603,41,Oregon,92
13495,22,Louisiana,72
14869,49,Utah,87
11292,8,Colorado,82
11292,8,Colorado,82
11292,8,Colorado,82
11292,8,Colorado,82
11292,8,Colorado,82
11292,8,Colorado,82
12889,32,Nevada,85
13198,29,Missouri,64
14492,37,North Carolina,36
10693,47,Tennessee,54
11109,8,Colorado,82
14771,6,California,91
11292,8,Colorado,82
11292,8,Colorado,82
12012,8,Colorado,82
12094,8,Colorado,82
10466,4,Arizona,81
11109,8,Colorado,82
11109,8,Colorado,82
11921,8,Colorado,82
12889,32,Nevada,85
12892,6,California,91
10643,29,Missouri,64
11292,8,Colorado,82
11292,8,Colorado,82
11292,8,Colorado,82
11292,8,Colorado,82
11292,8,Colorado,82
11648,30,Montana,84
11921,8,Colorado,82
13264,41,Oregon,92
10821,24,Maryland,35
11292,8,Colorado,82
11292,8,Colorado,82
11433,26,Michigan,43
11603,41,Oregon,92
12339,18,Indiana,42
13485,55,Wisconsin,45
11292,8,Colorado,82
11292,8,Colorado,82
12339,18,Indiana,42
13487,27,Minnesota,63
14683,48,Texas,74
11292,8,Colorado,82
14730,21,Kentucky,52
11066,39,Ohio,44
11292,8,Colorado,82
11292,8,Colorado,82
11292,8,Colorado,82
15016,29,Missouri,64
10529,9,Connecticut,11
11292,8,Colorado,82
11292,8,Colorado,82
11292,8,Colorado,82
11292,8,Colorado,82
11423,19,Iowa,61
12264,51,Virginia,38
13495,22,Louisiana,72
13891,6,California,91
14262,6,California,91
11292,8,Colorado,82
11292,8,Colorado,82
11292,8,Colorado,82
11292,8,Colorado,82
13851,40,Oklahoma,73
14730,21,Kentucky,52
14771,6,California,91
12266,48,Texas,74
11278,51,Virginia,38
11292,8,Colorado,82
11423,19,Iowa,61
11292,8,Colorado,82
13244,47,Tennessee,54
11292,8,Colorado,82
15370,40,Oklahoma,73
11292,8,Colorado,82
15177,8,Colorado,82
10950,8,Colorado,82
14107,4,Arizona,81
11292,8,Colorado,82
13851,40,Oklahoma,73
10821,24,Maryland,35
11292,8,Colorado,82
11292,8,Colorado,82
11292,8,Colorado,82
11292,8,Colorado,82
11292,8,Colorado,82
11292,8,Colorado,82
11775,46,South Dakota,67
11292,8,Colorado,82
12892,6,California,91
13198,29,Missouri,64
14107,4,Arizona,81
11109,8,Colorado,82
12892,6,California,91
11292,8,Colorado,82
11292,8,Colorado,82
12478,36,New York,22
11292,8,Colorado,82
14683,48,Texas,74
11292,8,Colorado,82
11292,8,Colorado,82
11292,8,Colorado,82
11292,8,Colorado,82
11298,48,Texas,74
13342,55,Wisconsin,45
13487,27,Minnesota,63
14893,6,California,91
11292,8,Colorado,82
11638,6,California,91
14783,29,Missouri,64
11193,21,Kentucky,52
11292,8,Colorado,82
12953,36,New York,22
11292,8,Colorado,82
13367,17,Illinois,41
11292,8,Colorado,82
11292,8,Colorado,82
11292,8,Colorado,82
11292,8,Colorado,82
11292,8,Colorado,82
11292,8,Colorado,82
13204,12,Florida,33
14492,37,North Carolina,36
14679,6,California,91
10849,30,Montana,84
11003,19,Iowa,61
11292,8,Colorado,82
11292,8,Colorado,82
11292,8,Colorado,82
11292,8,Colorado,82
11995,37,North Carolina,36
14747,53,Washington,93
13796,6,California,91
11003,19,Iowa,61
10620,30,Montana,84
11292,8,Colorado,82
11292,8,Colorado,82
11423,19,Iowa,61
12266,48,Texas,74
13871,31,Nebraska,65
13891,6,California,91
14831,6,California,91
11259,48,Texas,74
11697,12,Florida,33
10693,47,Tennessee,54
11292,8,Colorado,82
11109,8,Colorado,82
11603,41,Oregon,92
14747,53,Washington,93
10140,35,New Mexico,86
11292,8,Colorado,82
13871,31,Nebraska,65
14122,42,Pennsylvania,23
11423,19,Iowa,61
11292,8,Colorado,82
13485,55,Wisconsin,45
11292,8,Colorado,82
11292,8,Colorado,82
11292,8,Colorado,82
15919,5,Arkansas,71
11109,8,Colorado,82
14747,53,Washington,93
11433,26,Michigan,43
11292,8,Colorado,82
11292,8,Colorado,82
12889,32,Nevada,85
12953,36,New York,22
14747,53,Washington,93
14893,6,California,91
13244,47,Tennessee,54
10693,47,Tennessee,54
11292,8,Colorado,82
11292,8,Colorado,82
11292,8,Colorado,82
13486,30,Montana,84
15412,47,Tennessee,54
11921,8,Colorado,82
11921,8,Colorado,82
13244,47,Tennessee,54
13244,47,Tennessee,54
13244,47,Tennessee,54
12003,30,Montana,84
12992,5,Arkansas,71
10950,8,Colorado,82
14107,4,Arizona,81
11292,8,Colorado,82
11433,26,Michigan,43
15370,40,Oklahoma,73
10140,35,New Mexico,86
11292,8,Colorado,82
11292,8,Colorado,82
11540,48,Texas,74
14262,6,California,91
11066,39,Ohio,44
11292,8,Colorado,82
11292,8,Colorado,82
11292,8,Colorado,82
11292,8,Colorado,82
13264,41,Oregon,92
13495,22,Louisiana,72
14122,42,Pennsylvania,23
14831,6,California,91
11292,8,Colorado,82
11292,8,Colorado,82
11292,8,Colorado,82
14057,41,Oregon,92
14747,53,Washington,93
11292,8,Colorado,82
11292,8,Colorado,82
11292,8,Colorado,82
11292,8,Colorado,82
11603,41,Oregon,92
12278,20,Kansas,62
10140,35,New Mexico,86
11292,8,Colorado,82
11292,8,Colorado,82
11292,8,Colorado,82
11292,8,Colorado,82
11292,8,Colorado,82
11292,8,Colorado,82
11292,8,Colorado,82
11292,8,Colorado,82
14869,49,Utah,87
15304,12,Florida,33
11292,8,Colorado,82
11292,8,Colorado,82
11109,8,Colorado,82
11292,8,Colorado,82
11423,19,Iowa,61
10620,30,Montana,84
11292,8,Colorado,82
11292,8,Colorado,82
13891,6,California,91
14512,17,Illinois,41
11292,8,Colorado,82
11292,8,Colorado,82
14457,46,South Dakota,67
10529,9,Connecticut,11
10849,30,Montana,84
11292,8,Colorado,82
11292,8,Colorado,82
11292,8,Colorado,82
11292,8,Colorado,82
11292,8,Colorado,82
11292,8,Colorado,82
11292,8,Colorado,82
11775,46,South Dakota,67
11884,53,Washington,93
14570,32,Nevada,85
14771,6,California,91
15304,12,Florida,33
10140,35,New Mexico,86
11292,8,Colorado,82
11292,8,Colorado,82
11292,8,Colorado,82
13198,29,Missouri,64
11109,8,Colorado,82
10194,48,Texas,74
11292,8,Colorado,82
13244,47,Tennessee,54
10397,13,Georgia,34
11292,8,Colorado,82
11292,8,Colorado,82
10372,8,Colorado,82
11267,39,Ohio,44
11292,8,Colorado,82
11292,8,Colorado,82
11298,48,Texas,74
11638,6,California,91
14107,4,Arizona,81
14683,48,Texas,74
10423,48,Texas,74
11057,37,North Carolina,36
11292,8,Colorado,82
11292,8,Colorado,82
11292,8,Colorado,82
11292,8,Colorado,82
11292,8,Colorado,82
11292,8,Colorado,82
11292,8,Colorado,82
11292,8,Colorado,82
11292,8,Colorado,82
11775,46,South Dakota,67
11292,8,Colorado,82
11292,8,Colorado,82
11423,19,Iowa,61
13930,17,Illinois,41
13487,27,Minnesota,63
11292,8,Colorado,82
10713,16,Idaho,83
11292,8,Colorado,82
11292,8,Colorado,82
14869,49,Utah,87
10397,13,Georgia,34
11292,8,Colorado,82
11292,8,Colorado,82
11292,8,Colorado,82
11292,8,Colorado,82
11292,8,Colorado,82
11292,8,Colorado,82
11292,8,Colorado,82
11986,26,Michigan,43
13198,29,Missouri,64
13891,6,California,91
14100,42,Pennsylvania,23
14122,42,Pennsylvania,23
15016,29,Missouri,64
15304,12,Florida,33
11292,8,Colorado,82
11292,8,Colorado,82
11292,8,Colorado,82
11292,8,Colorado,82
11292,8,Colorado,82
10140,35,New Mexico,86
11711,35,New Mexico,86
11292,8,Colorado,82
12094,8,Colorado,82
14783,29,Missouri,64
10372,8,Colorado,82
10423,48,Texas,74
11447,38,North Dakota,66
12992,5,Arkansas,71
13029,31,Nebraska,65
11292,8,Colorado,82
11292,8,Colorado,82
11292,8,Colorado,82
11292,8,Colorado,82
11292,8,Colorado,82
11697,12,Florida,33
13487,27,Minnesota,63
13495,22,Louisiana,72
13871,31,Nebraska,65
14057,41,Oregon,92
14524,51,Virginia,38
14683,48,Texas,74
14689,6,California,91
11042,39,Ohio,44
11292,8,Colorado,82
11292,8,Colorado,82
11292,8,Colorado,82
10627,38,North Dakota,66
11292,8,Colorado,82
10140,35,New Mexico,86
11109,8,Colorado,82
11711,35,New Mexico,86
12094,8,Colorado,82
13244,47,Tennessee,54
11292,8,Colorado,82
11292,8,Colorado,82
11292,8,Colorado,82
11292,8,Colorado,82
10140,35,New Mexico,86
10397,13,Georgia,34
10800,6,California,91
11193,21,Kentucky,52
11292,8,Colorado,82
11292,8,Colorado,82
11292,8,Colorado,82
11292,8,Colorado,82
11775,46,South Dakota,67
13198,29,Missouri,64
13264,41,Oregon,92
14698,6,California,91
14771,6,California,91
10713,16,Idaho,83
11292,8,Colorado,82
11292,8,Colorado,82
13851,40,Oklahoma,73
13851,40,Oklahoma,73
14100,42,Pennsylvania,23
14107,4,Arizona,81
14771,6,California,91
10994,45,South Carolina,37
11292,8,Colorado,82
11292,8,Colorado,82
11433,26,Michigan,43
14730,21,Kentucky,52
15376,4,Arizona,81
11066,39,Ohio,44
13158,48,Texas,74
11292,8,Colorado,82
15412,47,Tennessee,54
12266,48,Texas,74
13502,8,Colorado,82
11193,21,Kentucky,52
11292,8,Colorado,82
11292,8,Colorado,82
12278,20,Kansas,62
10800,6,California,91
11292,8,Colorado,82
12266,48,Texas,74
15370,40,Oklahoma,73
10713,16,Idaho,83
11292,8,Colorado,82
11292,8,Colorado,82
11292,8,Colorado,82
11292,8,Colorado,82
11292,8,Colorado,82
11292,8,Colorado,82
11292,8,Colorado,82
11292,8,Colorado,82
11697,12,Florida,33
12278,20,Kansas,62
12441,56,Wyoming,88
12758,15,Hawaii,2
13830,15,Hawaii,2
15370,40,Oklahoma,73
10713,16,Idaho,83
11292,8,Colorado,82
12451,12,Florida,33
13891,6,California,91
14831,6,California,91
10423,48,Texas,74
11292,8,Colorado,82
14730,21,Kentucky,52
15370,40,Oklahoma,73
11292,8,Colorado,82
11775,46,South Dakota,67
11122,56,Wyoming,88
11109,8,Colorado,82
11292,8,Colorado,82
11193,21,Kentucky,52
11292,8,Colorado,82
14262,6,California,91
10721,25,Massachusetts,13
11057,37,North Carolina,36
11292,8,Colorado,82
11292,8,Colorado,82
11292,8,Colorado,82
11292,8,Colorado,82
11298,48,Texas,74
13487,27,Minnesota,63
14893,6,California,91
11259,48,Texas,74
14893,6,California,91
11292,8,Colorado,82
11292,8,Colorado,82
11292,8,Colorado,82
12889,32,Nevada,85
14869,49,Utah,87
15016,29,Missouri,64
11413,8,Colorado,82
13244,47,Tennessee,54
13851,40,Oklahoma,73
10372,8,Colorado,82
10693,47,Tennessee,54
11292,8,Colorado,82
11292,8,Colorado,82
11292,8,Colorado,82
11292,8,Colorado,82
11423,19,Iowa,61
12389,38,North Dakota,66
13871,31,Nebraska,65
14814,22,Louisiana,72
11292,8,Colorado,82
14107,4,Arizona,81
14831,6,California,91
10423,48,Texas,74
11292,8,Colorado,82
11292,8,Colorado,82
11697,12,Florida,33
11884,53,Washington,93
11109,8,Colorado,82
11292,8,Colorado,82
11292,8,Colorado,82
12339,18,Indiana,42
12889,32,Nevada,85
11413,8,Colorado,82
11292,8,Colorado,82
13487,27,Minnesota,63
11292,8,Colorado,82
11292,8,Colorado,82
13502,8,Colorado,82
10140,35,New Mexico,86
10272,8,Colorado,82
10950,8,Colorado,82
11292,8,Colorado,82
11292,8,Colorado,82
13871,31,Nebraska,65
10693,47,Tennessee,54
11292,8,Colorado,82
11292,8,Colorado,82
11292,8,Colorado,82
11292,8,Colorado,82
12892,6,California,91
11292,8,Colorado,82
11292,8,Colorado,82
11292,8,Colorado,82
11292,8,Colorado,82
14107,4,Arizona,81
14683,48,Texas,74
10257,36,New York,22
10529,9,Connecticut,11
10721,25,Massachusetts,13
11292,8,Colorado,82
14570,32,Nevada,85
11109,8,Colorado,82
11292,8,Colorado,82
11292,8,Colorado,82
11292,8,Colorado,82
11292,8,Colorado,82
11503,8,Colorado,82
12892,6,California,91
13303,12,Florida,33
14107,4,Arizona,81
11292,8,Colorado,82
11292,8,Colorado,82
13486,30,Montana,84
10599,1,Alabama,51
11109,8,Colorado,82
11292,8,Colorado,82
13029,31,Nebraska,65
10423,48,Texas,74
11278,51,Virginia,38
11292,8,Colorado,82
11292,8,Colorado,82
11292,8,Colorado,82
11292,8,Colorado,82
14057,41,Oregon,92
14492,37,North Carolina,36
14683,48,Texas,74
11292,8,Colorado,82
11292,8,Colorado,82
11697,12,Florida,33
12266,48,Texas,74
13502,8,Colorado,82
11292,8,Colorado,82
11109,8,Colorado,82
11292,8,Colorado,82
11292,8,Colorado,82
11298,48,Texas,74
10372,8,Colorado,82
11292,8,Colorado,82
11298,48,Texas,74
11292,8,Colorado,82
11292,8,Colorado,82
11292,8,Colorado,82
11292,8,Colorado,82
11292,8,Colorado,82
12892,6,California,91
11292,8,Colorado,82
11292,8,Colorado,82
11618,34,New Jersey,21
11986,26,Michigan,43
10599,1,Alabama,51
10397,13,Georgia,34
11292,8,Colorado,82
11292,8,Colorado,82
11292,8,Colorado,82
12264,51,Virginia,38
14679,6,California,91
11292,8,Colorado,82
11292,8,Colorado,82
11292,8,Colorado,82
11298,48,Texas,74
11433,26,Michigan,43
12892,6,California,91
13487,27,Minnesota,63
14679,6,California,91
11298,48,Texas,74
13502,8,Colorado,82
14107,4,Arizona,81
11292,8,Colorado,82
14747,53,Washington,93
11097,56,Wyoming,88
11292,8,Colorado,82
11292,8,Colorado,82
14107,4,Arizona,81
10397,13,Georgia,34
11109,8,Colorado,82
11433,26,Michigan,43
11292,8,Colorado,82
11503,8,Colorado,82
10849,30,Montana,84
11109,8,Colorado,82
11292,8,Colorado,82
11292,8,Colorado,82
11292,8,Colorado,82
11292,8,Colorado,82
12156,30,Montana,84
12266,48,Texas,74
12519,38,North Dakota,66
11292,8,Colorado,82
11884,53,Washington,93
12173,15,Hawaii,2
12266,48,Texas,74
12278,20,Kansas,62
12339,18,Indiana,42
14747,53,Washington,93
11292,8,Colorado,82
11292,8,Colorado,82
14100,42,Pennsylvania,23
15304,12,Florida,33
11292,8,Colorado,82
10423,48,Texas,74
11042,39,Ohio,44
11057,37,North Carolina,36
11066,39,Ohio,44
11109,8,Colorado,82
11109,8,Colorado,82
11292,8,Colorado,82
11292,8,Colorado,82
11292,8,Colorado,82
11292,8,Colorado,82
11292,8,Colorado,82
11292,8,Colorado,82
11292,8,Colorado,82
11292,8,Colorado,82
11292,8,Colorado,82
11292,8,Colorado,82
11292,8,Colorado,82
11292,8,Colorado,82
11292,8,Colorado,82
11292,8,Colorado,82
11292,8,Colorado,82
11292,8,Colorado,82
11292,8,Colorado,82
11292,8,Colorado,82
11292,8,Colorado,82
11292,8,Colorado,82
11292,8,Colorado,82
11292,8,Colorado,82
11298,48,Texas,74
12889,32,Nevada,85
12953,36,New York,22
13204,12,Florida,33
13244,47,Tennessee,54
13303,12,Florida,33
13495,22,Louisiana,72
13871,31,Nebraska,65
14057,41,Oregon,92
14100,42,Pennsylvania,23
14100,42,Pennsylvania,23
14107,4,Arizona,81
14122,42,Pennsylvania,23
14679,6,California,91
14747,53,Washington,93
14869,49,Utah,87
15016,29,Missouri,64
15304,12,Florida,33
11292,8,Colorado,82
11292,8,Colorado,82
11292,8,Colorado,82
12892,6,California,91
11292,8,Colorado,82
14747,53,Washington,93
11292,8,Colorado,82
12217,1,Alabama,51
14100,42,Pennsylvania,23
10620,30,Montana,84
11292,8,Colorado,82
11292,8,Colorado,82
11292,8,Colorado,82
12278,20,Kansas,62
13930,17,Illinois,41
14689,6,California,91
11292,8,Colorado,82
11292,8,Colorado,82
11292,8,Colorado,82
11292,8,Colorado,82
14107,4,Arizona,81
14893,6,California,91
11292,8,Colorado,82
10397,13,Georgia,34
11292,8,Colorado,82
11292,8,Colorado,82
14679,6,California,91
14869,49,Utah,87
11292,8,Colorado,82
14730,21,Kentucky,52
11292,8,Colorado,82
11292,8,Colorado,82
12478,36,New York,22
11292,8,Colorado,82
14869,49,Utah,87
10423,48,Texas,74
11292,8,Colorado,82
10721,25,Massachusetts,13
11042,39,Ohio,44
11292,8,Colorado,82
11292,8,Colorado,82
11292,8,Colorado,82
11292,8,Colorado,82
13891,6,California,91
14100,42,Pennsylvania,23
14570,32,Nevada,85
11292,8,Colorado,82
11292,8,Colorado,82
13342,55,Wisconsin,45
14730,21,Kentucky,52
11292,8,Colorado,82
12892,6,California,91
10397,13,Georgia,34
13871,31,Nebraska,65
11292,8,Colorado,82
13342,55,Wisconsin,45
15376,4,Arizona,81
12339,18,Indiana,42
11292,8,Colorado,82
13198,29,Missouri,64
13244,47,Tennessee,54
11292,8,Colorado,82
11637,38,North Dakota,66
11292,8,Colorado,82
15376,4,Arizona,81
11292,8,Colorado,82
11292,8,Colorado,82
11298,48,Texas,74
11292,8,Colorado,82
11433,26,Michigan,43
11292,8,Colorado,82
11292,8,Colorado,82
11292,8,Colorado,82
11986,26,Michigan,43
11292,8,Colorado,82
11292,8,Colorado,82
12953,36,New York,22
13342,55,Wisconsin,45
14679,6,California,91
14908,6,California,91
11292,8,Colorado,82
11292,8,Colorado,82
11433,26,Michigan,43
11884,53,Washington,93
12264,51,Virginia,38
14057,41,Oregon,92
11292,8,Colorado,82
11292,8,Colorado,82
12339,18,Indiana,42
10140,35,New Mexico,86
11292,8,Colorado,82
11292,8,Colorado,82
11292,8,Colorado,82
11267,39,Ohio,44
11109,8,Colorado,82
11292,8,Colorado,82
11775,46,South Dakota,67
15919,5,Arkansas,71
11292,8,Colorado,82
11618,34,New Jersey,21
11292,8,Colorado,82
11109,8,Colorado,82
11540,48,Texas,74
14730,21,Kentucky,52
10397,13,Georgia,34
11292,8,Colorado,82
12478,36,New York,22
14457,46,South Dakota,67
13158,48,Texas,74
10821,24,Maryland,35
11292,8,Colorado,82
11292,8,Colorado,82
11292,8,Colorado,82
11292,8,Colorado,82
11618,34,New Jersey,21
13930,17,Illinois,41
10713,16,Idaho,83
11292,8,Colorado,82
11292,8,Colorado,82
11292,8,Colorado,82
13204,12,Florida,33
13367,17,Illinois,41
10627,38,North Dakota,66
11292,8,Colorado,82
14771,6,California,91
11292,8,Colorado,82
11292,8,Colorado,82
11292,8,Colorado,82
13029,31,Nebraska,65
11292,8,Colorado,82
14747,53,Washington,93
11292,8,Colorado,82
11423,19,Iowa,61
11292,8,Colorado,82
12892,6,California,91
15376,4,Arizona,81
11292,8,Colorado,82
11292,8,Colorado,82
10713,16,Idaho,83
14457,46,South Dakota,67
14679,6,California,91
11003,19,Iowa,61
11292,8,Colorado,82
11292,8,Colorado,82
11292,8,Colorado,82
11298,48,Texas,74
11648,30,Montana,84
12889,32,Nevada,85
15016,29,Missouri,64
14534,56,Wyoming,88
14869,49,Utah,87
11292,8,Colorado,82
11292,8,Colorado,82
11292,8,Colorado,82
11292,8,Colorado,82
13851,40,Oklahoma,73
11292,8,Colorado,82
11292,8,Colorado,82
10821,24,Maryland,35
14747,53,Washington,93
11292,8,Colorado,82
11292,8,Colorado,82
11292,8,Colorado,82
12441,56,Wyoming,88
14492,37,North Carolina,36
14747,53,Washington,93
11292,8,Colorado,82
11292,8,Colorado,82
11292,8,Colorado,82
11292,8,Colorado,82
13487,27,Minnesota,63
11292,8,Colorado,82
11292,8,Colorado,82
11292,8,Colorado,82
14783,29,Missouri,64
11292,8,Colorado,82
11292,8,Colorado,82
13930,17,Illinois,41
11292,8,Colorado,82
11292,8,Colorado,82
14831,6,California,91
11292,8,Colorado,82
11292,8,Colorado,82
11433,26,Michigan,43
13485,55,Wisconsin,45
15016,29,Missouri,64
11711,35,New Mexico,86
12953,36,New York,22
13486,30,Montana,84
14489,41,Oregon,92
11292,8,Colorado,82
11292,8,Colorado,82
11292,8,Colorado,82
11618,34,New Jersey,21
13204,12,Florida,33
11292,8,Colorado,82
12892,6,California,91
11292,8,Colorado,82
11292,8,Colorado,82
11292,8,Colorado,82
11433,26,Michigan,43
12478,36,New York,22
11292,8,Colorado,82
11042,39,Ohio,44
11292,8,Colorado,82
14122,42,Pennsylvania,23
11292,8,Colorado,82
11292,8,Colorado,82
11292,8,Colorado,82
11292,8,Colorado,82
12441,56,Wyoming,88
10561,6,California,91
11292,8,Colorado,82
11292,8,Colorado,82
13204,12,Florida,33
14057,41,Oregon,92
11618,34,New Jersey,21
12266,48,Texas,74
11292,8,Colorado,82
11292,8,Colorado,82
11413,8,Colorado,82
13930,17,Illinois,41
10299,2,Alaska,1
13796,6,California,91
14120,46,South Dakota,67
10372,8,Colorado,82
14869,49,Utah,87
14893,6,California,91
12264,51,Virginia,38
11292,8,Colorado,82
14877,20,Kansas,62
11292,8,Colorado,82
11292,8,Colorado,82
11292,8,Colorado,82
11292,8,Colorado,82
12255,20,Kansas,62
11292,8,Colorado,82
14679,6,California,91
10693,47,Tennessee,54
15370,40,Oklahoma,73
11292,8,Colorado,82
11315,38,North Dakota,66
10221,31,Nebraska,65
10925,31,Nebraska,65
10950,8,Colorado,82
11292,8,Colorado,82
11292,8,Colorado,82
11292,8,Colorado,82
11292,8,Colorado,82
13200,31,Nebraska,65
15582,49,Utah,87
11292,8,Colorado,82
12888,56,Wyoming,88
12992,5,Arkansas,71
11292,8,Colorado,82
11292,8,Colorado,82
10279,48,Texas,74
11292,8,Colorado,82
11109,8,Colorado,82
11292,8,Colorado,82
11292,8,Colorado,82
12266,48,Texas,74
10397,13,Georgia,34
11292,8,Colorado,82
11292,8,Colorado,82
11292,8,Colorado,82
14107,4,Arizona,81
11292,8,Colorado,82
11292,8,Colorado,82
11292,8,Colorado,82
13502,8,Colorado,82
11292,8,Colorado,82
13433,38,North Dakota,66
11292,8,Colorado,82
12892,6,California,91
14570,32,Nevada,85
14492,37,North Carolina,36
10397,13,Georgia,34
11292,8,Colorado,82
11292,8,Colorado,82
11292,8,Colorado,82
11292,8,Colorado,82
11865,56,Wyoming,88
13930,17,Illinois,41
14543,56,Wyoming,88
14869,49,Utah,87
10849,30,Montana,84
11292,8,Colorado,82
11292,8,Colorado,82
12889,32,Nevada,85
11292,8,Colorado,82
11292,8,Colorado,82
11292,8,Colorado,82
13495,22,Louisiana,72
11292,8,Colorado,82
14908,6,California,91
11292,8,Colorado,82
12896,48,Texas,74
13486,30,Montana,84
11092,49,Utah,87
11292,8,Colorado,82
11109,8,Colorado,82
11292,8,Colorado,82
11292,8,Colorado,82
11292,8,Colorado,82
13487,27,Minnesota,63
11292,8,Colorado,82
11122,56,Wyoming,88
11292,8,Colorado,82
10721,25,Massachusetts,13
11292,8,Colorado,82
11292,8,Colorado,82
14869,49,Utah,87
13198,29,Missouri,64
11292,8,Colorado,82
11292,8,Colorado,82
12892,6,California,91
14869,49,Utah,87
11292,8,Colorado,82
12889,32,Nevada,85
11292,8,Colorado,82
11292,8,Colorado,82
11292,8,Colorado,82
11292,8,Colorado,82
11292,8,Colorado,82
11292,8,Colorado,82
14100,42,Pennsylvania,23
14252,53,Washington,93
14794,49,Utah,87
10620,30,Montana,84
11292,8,Colorado,82
13930,17,Illinois,41
11193,21,Kentucky,52
11292,8,Colorado,82
11292,8,Colorado,82
12266,48,Texas,74
12892,6,California,91
11292,8,Colorado,82
13930,17,Illinois,41
11292,8,Colorado,82
12389,38,North Dakota,66
11292,8,Colorado,82
13303,12,Florida,33
14107,4,Arizona,81
10372,8,Colorado,82
11292,8,Colorado,82
11292,8,Colorado,82
11292,8,Colorado,82
11413,8,Colorado,82
11540,48,Texas,74
11921,8,Colorado,82
14107,4,Arizona,81
14107,4,Arizona,81
10721,25,Massachusetts,13
11292,8,Colorado,82
11292,8,Colorado,82
11292,8,Colorado,82
11292,8,Colorado,82
11292,8,Colorado,82
12889,32,Nevada,85
13204,12,Florida,33
14771,6,California,91
12889,32,Nevada,85
11292,8,Colorado,82
14674,35,New Mexico,86
11292,8,Colorado,82
11066,39,Ohio,44
11292,8,Colorado,82
11292,8,Colorado,82
15016,29,Missouri,64
10721,25,Massachusetts,13
11292,8,Colorado,82
11292,8,Colorado,82
11122,56,Wyoming,88
15304,12,Florida,33
11921,8,Colorado,82
12953,36,New York,22
11292,8,Colorado,82
11292,8,Colorado,82
11292,8,Colorado,82
12003,30,Montana,84
11292,8,Colorado,82
14057,41,Oregon,92
12266,48,Texas,74
14107,4,Arizona,81
11292,8,Colorado,82
11292,8,Colorado,82
11921,8,Colorado,82
11292,8,Colorado,82
11292,8,Colorado,82
14771,6,California,91
11292,8,Colorado,82
11292,8,Colorado,82
11292,8,Colorado,82
11292,8,Colorado,82
11292,8,Colorado,82
10627,38,North Dakota,66
12191,48,Texas,74
14679,6,California,91
11292,8,Colorado,82
11292,8,Colorado,82
13851,40,Oklahoma,73
14869,49,Utah,87
11292,8,Colorado,82
14457,46,South Dakota,67
11292,8,Colorado,82
11292,8,Colorado,82
14683,48,Texas,74
11292,8,Colorado,82
11637,38,North Dakota,66
11292,8,Colorado,82
10272,8,Colorado,82
11292,8,Colorado,82
14288,8,Colorado,82
11292,8,Colorado,82
14057,41,Oregon,92
13342,55,Wisconsin,45
10140,35,New Mexico,86
14747,53,Washington,93
11292,8,Colorado,82
14908,6,California,91
11292,8,Colorado,82
11292,8,Colorado,82
11292,8,Colorado,82
11278,51,Virginia,38
12953,36,New York,22
14771,6,California,91
13930,17,Illinois,41
11292,8,Colorado,82
11292,8,Colorado,82
11292,8,Colorado,82
11292,8,Colorado,82
11292,8,Colorado,82
11292,8,Colorado,82
11292,8,Colorado,82
12892,6,California,91
12264,51,Virginia,38
11292,8,Colorado,82
11292,8,Colorado,82
11292,8,Colorado,82
10800,6,California,91
12953,36,New York,22
11292,8,Colorado,82
13871,31,Nebraska,65
11292,8,Colorado,82
11292,8,Colorado,82
10397,13,Georgia,34
14869,49,Utah,87
11292,8,Colorado,82
11921,8,Colorado,82
11292,8,Colorado,82
14869,49,Utah,87
13204,12,Florida,33
11292,8,Colorado,82
14771,6,California,91
11292,8,Colorado,82
10693,47,Tennessee,54
12280,16,Idaho,83
14831,6,California,91
11292,8,Colorado,82
11292,8,Colorado,82
11292,8,Colorado,82
11298,48,Texas,74
11413,8,Colorado,82
11921,8,Colorado,82
12892,6,California,91
11298,48,Texas,74
13796,6,California,91
11109,8,Colorado,82
14747,53,Washington,93
11292,8,Colorado,82
13930,17,Illinois,41
14747,53,Washington,93
12191,48,Texas,74
11292,8,Colorado,82
11292,8,Colorado,82
11292,8,Colorado,82
14747,53,Washington,93
11618,34,New Jersey,21
11292,8,Colorado,82
11638,6,California,91
11292,8,Colorado,82
15016,29,Missouri,64
12339,18,Indiana,42
11292,8,Colorado,82
14679,6,California,91
11292,8,Colorado,82
11292,8,Colorado,82
11292,8,Colorado,82
10423,48,Texas,74
11413,8,Colorado,82
11292,8,Colorado,82
11292,8,Colorado,82
13232,17,Illinois,41
14771,6,California,91
14893,6,California,91
11109,8,Colorado,82
11298,48,Texas,74
11292,8,Colorado,82
14771,6,California,91
10821,24,Maryland,35
11109,8,Colorado,82
12266,48,Texas,74
11292,8,Colorado,82
11292,8,Colorado,82
13487,27,Minnesota,63
11292,8,Colorado,82
12264,51,Virginia,38
12892,6,California,91
11292,8,Colorado,82
11292,8,Colorado,82
14908,6,California,91
10397,13,Georgia,34
11292,8,Colorado,82
11292,8,Colorado,82
11292,8,Colorado,82
11292,8,Colorado,82
11292,8,Colorado,82
13487,27,Minnesota,63
13232,17,Illinois,41
11292,8,Colorado,82
14869,49,Utah,87
11259,48,Texas,74
11292,8,Colorado,82
12892,6,California,91
11292,8,Colorado,82
10372,8,Colorado,82
11292,8,Colorado,82
13198,29,Missouri,64
11057,37,North Carolina,36
11292,8,Colorado,82
11292,8,Colorado,82
11292,8,Colorado,82
14107,4,Arizona,81
12889,32,Nevada,85
13930,17,Illinois,41
11292,8,Colorado,82
11292,8,Colorado,82
11292,8,Colorado,82
11298,48,Texas,74
