﻿DEST_AIRPORT_ID,DEST,DEST_CITY_NAME,ORIGIN_AIRPORT_ID,ORIGIN,ORIGIN_CITY_NAME
11292,DEN,"Denver, CO",12954,LGB,"Long Beach, CA"
14771,SFO,"San Francisco, CA",11292,DEN,"Denver, CO"
11292,DEN,"Denver, CO",14771,SFO,"San Francisco, CA"
10325,APA,"Denver, CO",11423,DSM,"Des Moines, IA"
11315,DIK,"Dickinson, ND",11292,DEN,"Denver, CO"
12389,ISN,"Williston, ND",11292,DEN,"Denver, CO"
11292,DEN,"Denver, CO",11315,DIK,"Dickinson, ND"
15016,STL,"St. Louis, MO",11503,EGE,"Eagle, CO"
11503,EGE,"Eagle, CO",15016,STL,"St. Louis, MO"
11503,EGE,"Eagle, CO",12544,USA,"CONCORD, NC"
11292,DEN,"Denver, CO",10397,ATL,"Atlanta, GA"
11996,GSP,"Greer, SC",11292,DEN,"Denver, CO"
15570,VCV,"Victorville, CA",11109,COS,"Colorado Springs, CO"
11109,COS,"Colorado Springs, CO",12889,LAS,"Las Vegas, NV"
10800,BUR,"Burbank, CA",10372,ASE,"Aspen, CO"
11503,EGE,"Eagle, CO",10800,BUR,"Burbank, CA"
10800,BUR,"Burbank, CA",11503,EGE,"Eagle, CO"
10372,ASE,"Aspen, CO",14869,SLC,"Salt Lake City, UT"
14107,PHX,"Phoenix, AZ",11292,DEN,"Denver, CO"
11292,DEN,"Denver, CO",14100,PHL,"Philadelphia, PA"
11109,COS,"Colorado Springs, CO",10397,ATL,"Atlanta, GA"
11292,DEN,"Denver, CO",10397,ATL,"Atlanta, GA"
11292,DEN,"Denver, CO",10397,ATL,"Atlanta, GA"
10397,ATL,"Atlanta, GA",11109,COS,"Colorado Springs, CO"
11298,DFW,"Dallas/Fort Worth, TX",11109,COS,"Colorado Springs, CO"
11292,DEN,"Denver, CO",11122,CPR,"Casper, WY"
10397,ATL,"Atlanta, GA",11292,DEN,"Denver, CO"
10397,ATL,"Atlanta, GA",11292,DEN,"Denver, CO"
10397,ATL,"Atlanta, GA",11292,DEN,"Denver, CO"
11193,CVG,"Cincinnati, OH",11292,DEN,"Denver, CO"
11433,DTW,"Detroit, MI",11292,DEN,"Denver, CO"
11775,FSD,"Sioux Falls, SD",11292,DEN,"Denver, CO"
12889,LAS,"Las Vegas, NV",11292,DEN,"Denver, CO"
14679,SAN,"San Diego, CA",11292,DEN,"Denver, CO"
14869,SLC,"Salt Lake City, UT",11292,DEN,"Denver, CO"
11292,DEN,"Denver, CO",11433,DTW,"Detroit, MI"
11292,DEN,"Denver, CO",13487,MSP,"Minneapolis, MN"
11292,DEN,"Denver, CO",13851,OKC,"Oklahoma City, OK"
11292,DEN,"Denver, CO",14771,SFO,"San Francisco, CA"
11292,DEN,"Denver, CO",14869,SLC,"Salt Lake City, UT"
11292,DEN,"Denver, CO",10529,BDL,"Hartford, CT"
16091,YIP,"Detroit, MI",11109,COS,"Colorado Springs, CO"
11109,COS,"Colorado Springs, CO",13796,OAK,"Oakland, CA"
11292,DEN,"Denver, CO",10558,BFF,"Scottsbluff, NE"
11042,CLE,"Cleveland, OH",11292,DEN,"Denver, CO"
12448,JAN,"Jackson/Vicksburg, MS",11292,DEN,"Denver, CO"
12892,LAX,"Los Angeles, CA",11292,DEN,"Denver, CO"
13303,MIA,"Miami, FL",11292,DEN,"Denver, CO"
14524,RIC,"Richmond, VA",11292,DEN,"Denver, CO"
11292,DEN,"Denver, CO",13341,MKC,"Kansas City, MO"
14771,SFO,"San Francisco, CA",11292,DEN,"Denver, CO"
11292,DEN,"Denver, CO",11109,COS,"Colorado Springs, CO"
11292,DEN,"Denver, CO",11233,CYS,"Cheyenne, WY"
11292,DEN,"Denver, CO",11233,CYS,"Cheyenne, WY"
11109,COS,"Colorado Springs, CO",11259,DAL,"Dallas, TX"
10792,BUF,"Buffalo, NY",11292,DEN,"Denver, CO"
11140,CRP,"Corpus Christi, TX",11292,DEN,"Denver, CO"
11481,ECP,"Panama City, FL",11292,DEN,"Denver, CO"
11973,GPT,"Gulfport/Biloxi, MS",11292,DEN,"Denver, CO"
11996,GSP,"Greer, SC",11292,DEN,"Denver, CO"
12896,LBB,"Lubbock, TX",11292,DEN,"Denver, CO"
12992,LIT,"Little Rock, AR",11292,DEN,"Denver, CO"
11109,COS,"Colorado Springs, CO",14831,SJC,"San Jose, CA"
11292,DEN,"Denver, CO",11109,COS,"Colorado Springs, CO"
10423,AUS,"Austin, TX",10325,APA,"Denver, CO"
13930,ORD,"Chicago, IL",10325,APA,"Denver, CO"
14831,SJC,"San Jose, CA",10325,APA,"Denver, CO"
10325,APA,"Denver, CO",10423,AUS,"Austin, TX"
10325,APA,"Denver, CO",11066,CMH,"Columbus, OH"
10372,ASE,"Aspen, CO",14792,SGR,"Sugar Land, TX"
12889,LAS,"Las Vegas, NV",11292,DEN,"Denver, CO"
11292,DEN,"Denver, CO",10466,AZA,"Phoenix, AZ"
11292,DEN,"Denver, CO",10747,BRO,"Brownsville, TX"
13796,OAK,"Oakland, CA",11292,DEN,"Denver, CO"
14275,PTK,"Pontiac, MI",11292,DEN,"Denver, CO"
14869,SLC,"Salt Lake City, UT",11292,DEN,"Denver, CO"
11921,GJT,"Grand Junction, CO",11563,ENV,"Wendover, UT"
11563,ENV,"Wendover, UT",11921,GJT,"Grand Junction, CO"
11292,DEN,"Denver, CO",14576,ROC,"Rochester, NY"
11292,DEN,"Denver, CO",15370,TUL,"Tulsa, OK"
13796,OAK,"Oakland, CA",11292,DEN,"Denver, CO"
11292,DEN,"Denver, CO",11376,DPA,"Chicago, IL"
13342,MKE,"Milwaukee, WI",11292,DEN,"Denver, CO"
11292,DEN,"Denver, CO",14570,RNO,"Reno, NV"
10590,IFP,"Bullhead City, AZ",11292,DEN,"Denver, CO"
10590,IFP,"Bullhead City, AZ",11719,FNL,"Fort Collins/Loveland, CO"
11292,DEN,"Denver, CO",10590,IFP,"Bullhead City, AZ"
11719,FNL,"Fort Collins/Loveland, CO",10590,IFP,"Bullhead City, AZ"
13502,MTJ,"Montrose/Delta, CO",10590,IFP,"Bullhead City, AZ"
14288,PUB,"Pueblo, CO",10590,IFP,"Bullhead City, AZ"
10590,IFP,"Bullhead City, AZ",13502,MTJ,"Montrose/Delta, CO"
10590,IFP,"Bullhead City, AZ",14288,PUB,"Pueblo, CO"
14288,PUB,"Pueblo, CO",11840,GAD,"Gadsden, AL"
13796,OAK,"Oakland, CA",14288,PUB,"Pueblo, CO"
11292,DEN,"Denver, CO",11193,CVG,"Cincinnati, OH"
11193,CVG,"Cincinnati, OH",11292,DEN,"Denver, CO"
11292,DEN,"Denver, CO",11109,COS,"Colorado Springs, CO"
11109,COS,"Colorado Springs, CO",14747,SEA,"Seattle, WA"
11292,DEN,"Denver, CO",10558,BFF,"Scottsbluff, NE"
13851,OKC,"Oklahoma City, OK",11292,DEN,"Denver, CO"
11292,DEN,"Denver, CO",10325,APA,"Denver, CO"
11292,DEN,"Denver, CO",10558,BFF,"Scottsbluff, NE"
11292,DEN,"Denver, CO",11283,DDC,"Dodge City, KS"
10558,BFF,"Scottsbluff, NE",11292,DEN,"Denver, CO"
11283,DDC,"Dodge City, KS",11292,DEN,"Denver, CO"
11292,DEN,"Denver, CO",11292,DEN,"Denver, CO"
11468,EAR,"Kearney, NE",11292,DEN,"Denver, CO"
12899,LBF,"North Platte, NE",11292,DEN,"Denver, CO"
12902,LBL,"Liberal, KS",11292,DEN,"Denver, CO"
11292,DEN,"Denver, CO",11468,EAR,"Kearney, NE"
11292,DEN,"Denver, CO",12899,LBF,"North Platte, NE"
10325,APA,"Denver, CO",12902,LBL,"Liberal, KS"
11292,DEN,"Denver, CO",12902,LBL,"Liberal, KS"
14081,PGA,"Page, AZ",11292,DEN,"Denver, CO"
11711,FMN,"Farmington, NM",14288,PUB,"Pueblo, CO"
11292,DEN,"Denver, CO",11292,DEN,"Denver, CO"
11292,DEN,"Denver, CO",10558,BFF,"Scottsbluff, NE"
10409,ATY,"Watertown, SD",11292,DEN,"Denver, CO"
12389,ISN,"Williston, ND",11292,DEN,"Denver, CO"
11292,DEN,"Denver, CO",12389,ISN,"Williston, ND"
12889,LAS,"Las Vegas, NV",11921,GJT,"Grand Junction, CO"
11921,GJT,"Grand Junction, CO",12889,LAS,"Las Vegas, NV"
11292,DEN,"Denver, CO",11109,COS,"Colorado Springs, CO"
11298,DFW,"Dallas/Fort Worth, TX",11109,COS,"Colorado Springs, CO"
12278,ICT,"Wichita, KS",11109,COS,"Colorado Springs, CO"
10721,BOS,"Boston, MA",11292,DEN,"Denver, CO"
12892,LAX,"Los Angeles, CA",11292,DEN,"Denver, CO"
12992,LIT,"Little Rock, AR",11292,DEN,"Denver, CO"
11292,DEN,"Denver, CO",13204,MCO,"Orlando, FL"
11109,COS,"Colorado Springs, CO",13930,ORD,"Chicago, IL"
11292,DEN,"Denver, CO",14492,RDU,"Raleigh/Durham, NC"
11292,DEN,"Denver, CO",14771,SFO,"San Francisco, CA"
11109,COS,"Colorado Springs, CO",14869,SLC,"Salt Lake City, UT"
12892,LAX,"Los Angeles, CA",11292,DEN,"Denver, CO"
13487,MSP,"Minneapolis, MN",11292,DEN,"Denver, CO"
13487,MSP,"Minneapolis, MN",11292,DEN,"Denver, CO"
14869,SLC,"Salt Lake City, UT",11292,DEN,"Denver, CO"
11292,DEN,"Denver, CO",11433,DTW,"Detroit, MI"
11292,DEN,"Denver, CO",13487,MSP,"Minneapolis, MN"
11292,DEN,"Denver, CO",13487,MSP,"Minneapolis, MN"
15370,TUL,"Tulsa, OK",11292,DEN,"Denver, CO"
11292,DEN,"Denver, CO",11986,GRR,"Grand Rapids, MI"
11292,DEN,"Denver, CO",11097,COD,"Cody, WY"
12992,LIT,"Little Rock, AR",11109,COS,"Colorado Springs, CO"
13486,MSO,"Missoula, MT",11109,COS,"Colorado Springs, CO"
15376,TUS,"Tucson, AZ",11109,COS,"Colorado Springs, CO"
11292,DEN,"Denver, CO",11122,CPR,"Casper, WY"
11109,COS,"Colorado Springs, CO",11278,DCA,"Washington, DC"
10140,ABQ,"Albuquerque, NM",11292,DEN,"Denver, CO"
10397,ATL,"Atlanta, GA",11292,DEN,"Denver, CO"
10423,AUS,"Austin, TX",11292,DEN,"Denver, CO"
11003,CID,"Cedar Rapids/Iowa City, IA",11292,DEN,"Denver, CO"
11097,COD,"Cody, WY",11292,DEN,"Denver, CO"
11122,CPR,"Casper, WY",11292,DEN,"Denver, CO"
11298,DFW,"Dallas/Fort Worth, TX",11292,DEN,"Denver, CO"
11986,GRR,"Grand Rapids, MI",11292,DEN,"Denver, CO"
12266,IAH,"Houston, TX",11292,DEN,"Denver, CO"
12441,JAC,"Jackson, WY",11292,DEN,"Denver, CO"
12992,LIT,"Little Rock, AR",11292,DEN,"Denver, CO"
13264,MFR,"Medford, OR",11292,DEN,"Denver, CO"
13871,OMA,"Omaha, NE",11292,DEN,"Denver, CO"
13930,ORD,"Chicago, IL",11292,DEN,"Denver, CO"
14489,RDM,"Bend/Redmond, OR",11292,DEN,"Denver, CO"
14679,SAN,"San Diego, CA",11292,DEN,"Denver, CO"
14730,SDF,"Louisville, KY",11292,DEN,"Denver, CO"
14771,SFO,"San Francisco, CA",11292,DEN,"Denver, CO"
14771,SFO,"San Francisco, CA",11292,DEN,"Denver, CO"
14908,SNA,"Santa Ana, CA",11292,DEN,"Denver, CO"
15041,SUN,"Sun Valley/Hailey/Ketchum, ID",11292,DEN,"Denver, CO"
11109,COS,"Colorado Springs, CO",11298,DFW,"Dallas/Fort Worth, TX"
12892,LAX,"Los Angeles, CA",11921,GJT,"Grand Junction, CO"
11292,DEN,"Denver, CO",12266,IAH,"Houston, TX"
11292,DEN,"Denver, CO",12441,JAC,"Jackson, WY"
11292,DEN,"Denver, CO",12888,LAR,"Laramie, WY"
11292,DEN,"Denver, CO",12892,LAX,"Los Angeles, CA"
11292,DEN,"Denver, CO",12992,LIT,"Little Rock, AR"
11292,DEN,"Denver, CO",13264,MFR,"Medford, OR"
11109,COS,"Colorado Springs, CO",13486,MSO,"Missoula, MT"
11292,DEN,"Denver, CO",13930,ORD,"Chicago, IL"
11292,DEN,"Denver, CO",14057,PDX,"Portland, OR"
11921,GJT,"Grand Junction, CO",14252,PSC,"Pasco/Kennewick/Richland, WA"
11292,DEN,"Denver, CO",14679,SAN,"San Diego, CA"
11292,DEN,"Denver, CO",14683,SAT,"San Antonio, TX"
11109,COS,"Colorado Springs, CO",14794,SGU,"St. George, UT"
11292,DEN,"Denver, CO",14893,SMF,"Sacramento, CA"
11292,DEN,"Denver, CO",14908,SNA,"Santa Ana, CA"
11292,DEN,"Denver, CO",10140,ABQ,"Albuquerque, NM"
11292,DEN,"Denver, CO",10529,BDL,"Hartford, CT"
11292,DEN,"Denver, CO",10721,BOS,"Boston, MA"
11292,DEN,"Denver, CO",10849,BZN,"Bozeman, MT"
10140,ABQ,"Albuquerque, NM",11292,DEN,"Denver, CO"
10620,BIL,"Billings, MT",11292,DEN,"Denver, CO"
10721,BOS,"Boston, MA",11292,DEN,"Denver, CO"
10849,BZN,"Bozeman, MT",11292,DEN,"Denver, CO"
11193,CVG,"Cincinnati, OH",11292,DEN,"Denver, CO"
11433,DTW,"Detroit, MI",11292,DEN,"Denver, CO"
11697,FLL,"Fort Lauderdale, FL",11292,DEN,"Denver, CO"
12264,IAD,"Washington, DC",11292,DEN,"Denver, CO"
12266,IAH,"Houston, TX",11292,DEN,"Denver, CO"
12889,LAS,"Las Vegas, NV",11292,DEN,"Denver, CO"
13198,MCI,"Kansas City, MO",11292,DEN,"Denver, CO"
13204,MCO,"Orlando, FL",11292,DEN,"Denver, CO"
13930,ORD,"Chicago, IL",11292,DEN,"Denver, CO"
14100,PHL,"Philadelphia, PA",11292,DEN,"Denver, CO"
14262,PSP,"Palm Springs, CA",11292,DEN,"Denver, CO"
14524,RIC,"Richmond, VA",11292,DEN,"Denver, CO"
14570,RNO,"Reno, NV",11292,DEN,"Denver, CO"
14869,SLC,"Salt Lake City, UT",11292,DEN,"Denver, CO"
15016,STL,"St. Louis, MO",11292,DEN,"Denver, CO"
15016,STL,"St. Louis, MO",11292,DEN,"Denver, CO"
15370,TUL,"Tulsa, OK",11292,DEN,"Denver, CO"
11292,DEN,"Denver, CO",12264,IAD,"Washington, DC"
11292,DEN,"Denver, CO",12266,IAH,"Houston, TX"
11292,DEN,"Denver, CO",12266,IAH,"Houston, TX"
11292,DEN,"Denver, CO",13198,MCI,"Kansas City, MO"
11292,DEN,"Denver, CO",13204,MCO,"Orlando, FL"
11292,DEN,"Denver, CO",14262,PSP,"Palm Springs, CA"
11292,DEN,"Denver, CO",14262,PSP,"Palm Springs, CA"
11292,DEN,"Denver, CO",14524,RIC,"Richmond, VA"
11292,DEN,"Denver, CO",14570,RNO,"Reno, NV"
11292,DEN,"Denver, CO",14683,SAT,"San Antonio, TX"
11292,DEN,"Denver, CO",14689,SBA,"Santa Barbara, CA"
11292,DEN,"Denver, CO",14771,SFO,"San Francisco, CA"
11292,DEN,"Denver, CO",14771,SFO,"San Francisco, CA"
11292,DEN,"Denver, CO",14908,SNA,"Santa Ana, CA"
11292,DEN,"Denver, CO",15016,STL,"St. Louis, MO"
11292,DEN,"Denver, CO",15016,STL,"St. Louis, MO"
11292,DEN,"Denver, CO",15370,TUL,"Tulsa, OK"
11292,DEN,"Denver, CO",10994,CHS,"Charleston, SC"
11292,DEN,"Denver, CO",11042,CLE,"Cleveland, OH"
10140,ABQ,"Albuquerque, NM",11292,DEN,"Denver, CO"
10713,BOI,"Boise, ID",11292,DEN,"Denver, CO"
11433,DTW,"Detroit, MI",11292,DEN,"Denver, CO"
11986,GRR,"Grand Rapids, MI",11292,DEN,"Denver, CO"
13342,MKE,"Milwaukee, WI",11292,DEN,"Denver, CO"
14057,PDX,"Portland, OR",11292,DEN,"Denver, CO"
14100,PHL,"Philadelphia, PA",11292,DEN,"Denver, CO"
14570,RNO,"Reno, NV",11292,DEN,"Denver, CO"
14635,RSW,"Fort Myers, FL",11292,DEN,"Denver, CO"
15370,TUL,"Tulsa, OK",11292,DEN,"Denver, CO"
11292,DEN,"Denver, CO",11433,DTW,"Detroit, MI"
11292,DEN,"Denver, CO",11986,GRR,"Grand Rapids, MI"
11292,DEN,"Denver, CO",13495,MSY,"New Orleans, LA"
11292,DEN,"Denver, CO",14122,PIT,"Pittsburgh, PA"
11292,DEN,"Denver, CO",14570,RNO,"Reno, NV"
11292,DEN,"Denver, CO",14635,RSW,"Fort Myers, FL"
11292,DEN,"Denver, CO",14893,SMF,"Sacramento, CA"
11292,DEN,"Denver, CO",10397,ATL,"Atlanta, GA"
11292,DEN,"Denver, CO",11109,COS,"Colorado Springs, CO"
11042,CLE,"Cleveland, OH",11292,DEN,"Denver, CO"
11109,COS,"Colorado Springs, CO",11292,DEN,"Denver, CO"
11423,DSM,"Des Moines, IA",11292,DEN,"Denver, CO"
12278,ICT,"Wichita, KS",11292,DEN,"Denver, CO"
13871,OMA,"Omaha, NE",11292,DEN,"Denver, CO"
14869,SLC,"Salt Lake City, UT",11292,DEN,"Denver, CO"
11292,DEN,"Denver, CO",12278,ICT,"Wichita, KS"
11292,DEN,"Denver, CO",14730,SDF,"Louisville, KY"
11292,DEN,"Denver, CO",15370,TUL,"Tulsa, OK"
11292,DEN,"Denver, CO",11193,CVG,"Cincinnati, OH"
11066,CMH,"Columbus, OH",11292,DEN,"Denver, CO"
11433,DTW,"Detroit, MI",11292,DEN,"Denver, CO"
12266,IAH,"Houston, TX",11292,DEN,"Denver, CO"
12339,IND,"Indianapolis, IN",11292,DEN,"Denver, CO"
13204,MCO,"Orlando, FL",11292,DEN,"Denver, CO"
13204,MCO,"Orlando, FL",11292,DEN,"Denver, CO"
13486,MSO,"Missoula, MT",11292,DEN,"Denver, CO"
13930,ORD,"Chicago, IL",11292,DEN,"Denver, CO"
13930,ORD,"Chicago, IL",11292,DEN,"Denver, CO"
14107,PHX,"Phoenix, AZ",11292,DEN,"Denver, CO"
15016,STL,"St. Louis, MO",11292,DEN,"Denver, CO"
15412,TYS,"Knoxville, TN",11292,DEN,"Denver, CO"
11292,DEN,"Denver, CO",11433,DTW,"Detroit, MI"
11292,DEN,"Denver, CO",12264,IAD,"Washington, DC"
11292,DEN,"Denver, CO",12266,IAH,"Houston, TX"
11292,DEN,"Denver, CO",12339,IND,"Indianapolis, IN"
11292,DEN,"Denver, CO",13204,MCO,"Orlando, FL"
11292,DEN,"Denver, CO",13486,MSO,"Missoula, MT"
11292,DEN,"Denver, CO",13930,ORD,"Chicago, IL"
11292,DEN,"Denver, CO",14107,PHX,"Phoenix, AZ"
11292,DEN,"Denver, CO",15016,STL,"St. Louis, MO"
11292,DEN,"Denver, CO",15304,TPA,"Tampa, FL"
11292,DEN,"Denver, CO",15412,TYS,"Knoxville, TN"
11298,DFW,"Dallas/Fort Worth, TX",11292,DEN,"Denver, CO"
12339,IND,"Indianapolis, IN",11292,DEN,"Denver, CO"
13198,MCI,"Kansas City, MO",11292,DEN,"Denver, CO"
13495,MSY,"New Orleans, LA",11292,DEN,"Denver, CO"
14869,SLC,"Salt Lake City, UT",11292,DEN,"Denver, CO"
15376,TUS,"Tucson, AZ",11292,DEN,"Denver, CO"
14869,SLC,"Salt Lake City, UT",11921,GJT,"Grand Junction, CO"
11292,DEN,"Denver, CO",12339,IND,"Indianapolis, IN"
11292,DEN,"Denver, CO",13198,MCI,"Kansas City, MO"
11921,GJT,"Grand Junction, CO",13244,MEM,"Memphis, TN"
11292,DEN,"Denver, CO",13796,OAK,"Oakland, CA"
11433,DTW,"Detroit, MI",11292,DEN,"Denver, CO"
11292,DEN,"Denver, CO",12266,IAH,"Houston, TX"
12891,LAW,"Lawton/Fort Sill, OK",13502,MTJ,"Montrose/Delta, CO"
11413,DRO,"Durango, CO",11292,DEN,"Denver, CO"
11292,DEN,"Denver, CO",11413,DRO,"Durango, CO"
11292,DEN,"Denver, CO",11986,GRR,"Grand Rapids, MI"
13502,MTJ,"Montrose/Delta, CO",11298,DFW,"Dallas/Fort Worth, TX"
11298,DFW,"Dallas/Fort Worth, TX",13502,MTJ,"Montrose/Delta, CO"
14877,SLN,"Salina, KS",11292,DEN,"Denver, CO"
11292,DEN,"Denver, CO",14877,SLN,"Salina, KS"
15016,STL,"St. Louis, MO",11109,COS,"Colorado Springs, CO"
11109,COS,"Colorado Springs, CO",11292,DEN,"Denver, CO"
11292,DEN,"Denver, CO",12266,IAH,"Houston, TX"
12012,GUC,"Gunnison, CO",12266,IAH,"Houston, TX"
10559,BFI,"Seattle, WA",11292,DEN,"Denver, CO"
12889,LAS,"Las Vegas, NV",11292,DEN,"Denver, CO"
14730,SDF,"Louisville, KY",11292,DEN,"Denver, CO"
11292,DEN,"Denver, CO",14869,SLC,"Salt Lake City, UT"
11292,DEN,"Denver, CO",14869,SLC,"Salt Lake City, UT"
14057,PDX,"Portland, OR",11292,DEN,"Denver, CO"
11292,DEN,"Denver, CO",12892,LAX,"Los Angeles, CA"
11292,DEN,"Denver, CO",14100,PHL,"Philadelphia, PA"
13487,MSP,"Minneapolis, MN",11292,DEN,"Denver, CO"
13487,MSP,"Minneapolis, MN",11292,DEN,"Denver, CO"
11292,DEN,"Denver, CO",14869,SLC,"Salt Lake City, UT"
11986,GRR,"Grand Rapids, MI",11292,DEN,"Denver, CO"
11292,DEN,"Denver, CO",11423,DSM,"Des Moines, IA"
11292,DEN,"Denver, CO",11109,COS,"Colorado Springs, CO"
11109,COS,"Colorado Springs, CO",11292,DEN,"Denver, CO"
11921,GJT,"Grand Junction, CO",11292,DEN,"Denver, CO"
12003,GTF,"Great Falls, MT",11292,DEN,"Denver, CO"
14057,PDX,"Portland, OR",11292,DEN,"Denver, CO"
14683,SAT,"San Antonio, TX",11292,DEN,"Denver, CO"
11109,COS,"Colorado Springs, CO",11638,FAT,"Fresno, CA"
10372,ASE,"Aspen, CO",11921,GJT,"Grand Junction, CO"
11292,DEN,"Denver, CO",11921,GJT,"Grand Junction, CO"
11298,DFW,"Dallas/Fort Worth, TX",11921,GJT,"Grand Junction, CO"
11292,DEN,"Denver, CO",12003,GTF,"Great Falls, MT"
11921,GJT,"Grand Junction, CO",13930,ORD,"Chicago, IL"
11292,DEN,"Denver, CO",14679,SAN,"San Diego, CA"
11292,DEN,"Denver, CO",15919,XNA,"Fayetteville, AR"
11292,DEN,"Denver, CO",10397,ATL,"Atlanta, GA"
11292,DEN,"Denver, CO",11193,CVG,"Cincinnati, OH"
11292,DEN,"Denver, CO",11278,DCA,"Washington, DC"
10397,ATL,"Atlanta, GA",11292,DEN,"Denver, CO"
10721,BOS,"Boston, MA",11292,DEN,"Denver, CO"
11278,DCA,"Washington, DC",11292,DEN,"Denver, CO"
11884,GEG,"Spokane, WA",11292,DEN,"Denver, CO"
12278,ICT,"Wichita, KS",11292,DEN,"Denver, CO"
14492,RDU,"Raleigh/Durham, NC",11292,DEN,"Denver, CO"
14689,SBA,"Santa Barbara, CA",11292,DEN,"Denver, CO"
15304,TPA,"Tampa, FL",11292,DEN,"Denver, CO"
15376,TUS,"Tucson, AZ",11292,DEN,"Denver, CO"
11292,DEN,"Denver, CO",11603,EUG,"Eugene, OR"
11292,DEN,"Denver, CO",11618,EWR,"Newark, NJ"
11292,DEN,"Denver, CO",11884,GEG,"Spokane, WA"
11292,DEN,"Denver, CO",11986,GRR,"Grand Rapids, MI"
11292,DEN,"Denver, CO",12278,ICT,"Wichita, KS"
11292,DEN,"Denver, CO",12889,LAS,"Las Vegas, NV"
11292,DEN,"Denver, CO",15304,TPA,"Tampa, FL"
11292,DEN,"Denver, CO",15376,TUS,"Tucson, AZ"
11292,DEN,"Denver, CO",10713,BOI,"Boise, ID"
10140,ABQ,"Albuquerque, NM",11292,DEN,"Denver, CO"
10821,BWI,"Baltimore, MD",11292,DEN,"Denver, CO"
10994,CHS,"Charleston, SC",11292,DEN,"Denver, CO"
11066,CMH,"Columbus, OH",11292,DEN,"Denver, CO"
11884,GEG,"Spokane, WA",11292,DEN,"Denver, CO"
14730,SDF,"Louisville, KY",11292,DEN,"Denver, CO"
14869,SLC,"Salt Lake City, UT",11292,DEN,"Denver, CO"
11292,DEN,"Denver, CO",11884,GEG,"Spokane, WA"
11292,DEN,"Denver, CO",14057,PDX,"Portland, OR"
11292,DEN,"Denver, CO",14679,SAN,"San Diego, CA"
11292,DEN,"Denver, CO",14747,SEA,"Seattle, WA"
11292,DEN,"Denver, CO",14831,SJC,"San Jose, CA"
11292,DEN,"Denver, CO",11066,CMH,"Columbus, OH"
10599,BHM,"Birmingham, AL",11292,DEN,"Denver, CO"
11066,CMH,"Columbus, OH",11292,DEN,"Denver, CO"
13487,MSP,"Minneapolis, MN",11292,DEN,"Denver, CO"
15370,TUL,"Tulsa, OK",11292,DEN,"Denver, CO"
11292,DEN,"Denver, CO",13851,OKC,"Oklahoma City, OK"
13485,MSN,"Madison, WI",11292,DEN,"Denver, CO"
13487,MSP,"Minneapolis, MN",11292,DEN,"Denver, CO"
14492,RDU,"Raleigh/Durham, NC",11292,DEN,"Denver, CO"
14683,SAT,"San Antonio, TX",11292,DEN,"Denver, CO"
11292,DEN,"Denver, CO",13485,MSN,"Madison, WI"
11292,DEN,"Denver, CO",14492,RDU,"Raleigh/Durham, NC"
11292,DEN,"Denver, CO",14683,SAT,"San Antonio, TX"
10620,BIL,"Billings, MT",11292,DEN,"Denver, CO"
11540,ELP,"El Paso, TX",11292,DEN,"Denver, CO"
11292,DEN,"Denver, CO",11193,CVG,"Cincinnati, OH"
11193,CVG,"Cincinnati, OH",11292,DEN,"Denver, CO"
14869,SLC,"Salt Lake City, UT",11292,DEN,"Denver, CO"
11292,DEN,"Denver, CO",11298,DFW,"Dallas/Fort Worth, TX"
11292,DEN,"Denver, CO",10849,BZN,"Bozeman, MT"
10849,BZN,"Bozeman, MT",11292,DEN,"Denver, CO"
13487,MSP,"Minneapolis, MN",11292,DEN,"Denver, CO"
14730,SDF,"Louisville, KY",11292,DEN,"Denver, CO"
11292,DEN,"Denver, CO",13367,MLI,"Moline, IL"
11292,DEN,"Denver, CO",14730,SDF,"Louisville, KY"
11292,DEN,"Denver, CO",10140,ABQ,"Albuquerque, NM"
11292,DEN,"Denver, CO",10279,AMA,"Amarillo, TX"
11292,DEN,"Denver, CO",10849,BZN,"Bozeman, MT"
10279,AMA,"Amarillo, TX",11292,DEN,"Denver, CO"
10849,BZN,"Bozeman, MT",11292,DEN,"Denver, CO"
11193,CVG,"Cincinnati, OH",11292,DEN,"Denver, CO"
11267,DAY,"Dayton, OH",11292,DEN,"Denver, CO"
11986,GRR,"Grand Rapids, MI",11292,DEN,"Denver, CO"
12896,LBB,"Lubbock, TX",11292,DEN,"Denver, CO"
13502,MTJ,"Montrose/Delta, CO",11292,DEN,"Denver, CO"
13891,ONT,"Ontario, CA",11292,DEN,"Denver, CO"
14107,PHX,"Phoenix, AZ",11292,DEN,"Denver, CO"
14262,PSP,"Palm Springs, CA",11292,DEN,"Denver, CO"
14489,RDM,"Bend/Redmond, OR",11292,DEN,"Denver, CO"
14683,SAT,"San Antonio, TX",11292,DEN,"Denver, CO"
15370,TUL,"Tulsa, OK",11292,DEN,"Denver, CO"
11292,DEN,"Denver, CO",11423,DSM,"Des Moines, IA"
11921,GJT,"Grand Junction, CO",12892,LAX,"Los Angeles, CA"
11292,DEN,"Denver, CO",12896,LBB,"Lubbock, TX"
11292,DEN,"Denver, CO",13502,MTJ,"Montrose/Delta, CO"
11292,DEN,"Denver, CO",13891,ONT,"Ontario, CA"
11292,DEN,"Denver, CO",14107,PHX,"Phoenix, AZ"
11292,DEN,"Denver, CO",14457,RAP,"Rapid City, SD"
11292,DEN,"Denver, CO",10800,BUR,"Burbank, CA"
11292,DEN,"Denver, CO",10821,BWI,"Baltimore, MD"
11292,DEN,"Denver, CO",11057,CLT,"Charlotte, NC"
10397,ATL,"Atlanta, GA",11292,DEN,"Denver, CO"
11618,EWR,"Newark, NJ",11292,DEN,"Denver, CO"
13198,MCI,"Kansas City, MO",11292,DEN,"Denver, CO"
14262,PSP,"Palm Springs, CA",11292,DEN,"Denver, CO"
11292,DEN,"Denver, CO",13851,OKC,"Oklahoma City, OK"
11292,DEN,"Denver, CO",13930,ORD,"Chicago, IL"
11292,DEN,"Denver, CO",14262,PSP,"Palm Springs, CA"
11292,DEN,"Denver, CO",14492,RDU,"Raleigh/Durham, NC"
11292,DEN,"Denver, CO",10140,ABQ,"Albuquerque, NM"
11292,DEN,"Denver, CO",10257,ALB,"Albany, NY"
11292,DEN,"Denver, CO",10397,ATL,"Atlanta, GA"
11292,DEN,"Denver, CO",10529,BDL,"Hartford, CT"
10994,CHS,"Charleston, SC",11292,DEN,"Denver, CO"
12339,IND,"Indianapolis, IN",11292,DEN,"Denver, CO"
12954,LGB,"Long Beach, CA",11292,DEN,"Denver, CO"
13198,MCI,"Kansas City, MO",11292,DEN,"Denver, CO"
13495,MSY,"New Orleans, LA",11292,DEN,"Denver, CO"
13495,MSY,"New Orleans, LA",11292,DEN,"Denver, CO"
13871,OMA,"Omaha, NE",11292,DEN,"Denver, CO"
13891,ONT,"Ontario, CA",11292,DEN,"Denver, CO"
13931,ORF,"Norfolk, VA",11292,DEN,"Denver, CO"
14683,SAT,"San Antonio, TX",11292,DEN,"Denver, CO"
14747,SEA,"Seattle, WA",11292,DEN,"Denver, CO"
14831,SJC,"San Jose, CA",11292,DEN,"Denver, CO"
14893,SMF,"Sacramento, CA",11292,DEN,"Denver, CO"
15376,TUS,"Tucson, AZ",11292,DEN,"Denver, CO"
11292,DEN,"Denver, CO",12339,IND,"Indianapolis, IN"
11292,DEN,"Denver, CO",12954,LGB,"Long Beach, CA"
11292,DEN,"Denver, CO",13495,MSY,"New Orleans, LA"
11292,DEN,"Denver, CO",13871,OMA,"Omaha, NE"
11292,DEN,"Denver, CO",13891,ONT,"Ontario, CA"
11292,DEN,"Denver, CO",13931,ORF,"Norfolk, VA"
11292,DEN,"Denver, CO",10140,ABQ,"Albuquerque, NM"
11292,DEN,"Denver, CO",10599,BHM,"Birmingham, AL"
11292,DEN,"Denver, CO",11042,CLE,"Cleveland, OH"
10140,ABQ,"Albuquerque, NM",11292,DEN,"Denver, CO"
10693,BNA,"Nashville, TN",11292,DEN,"Denver, CO"
11540,ELP,"El Paso, TX",11292,DEN,"Denver, CO"
13244,MEM,"Memphis, TN",11292,DEN,"Denver, CO"
13851,OKC,"Oklahoma City, OK",11292,DEN,"Denver, CO"
15919,XNA,"Fayetteville, AR",11292,DEN,"Denver, CO"
11292,DEN,"Denver, CO",11298,DFW,"Dallas/Fort Worth, TX"
11292,DEN,"Denver, CO",11423,DSM,"Des Moines, IA"
11292,DEN,"Denver, CO",13244,MEM,"Memphis, TN"
11292,DEN,"Denver, CO",13487,MSP,"Minneapolis, MN"
11292,DEN,"Denver, CO",13495,MSY,"New Orleans, LA"
11292,DEN,"Denver, CO",13871,OMA,"Omaha, NE"
11292,DEN,"Denver, CO",14683,SAT,"San Antonio, TX"
11292,DEN,"Denver, CO",15919,XNA,"Fayetteville, AR"
11292,DEN,"Denver, CO",11003,CID,"Cedar Rapids/Iowa City, IA"
11003,CID,"Cedar Rapids/Iowa City, IA",11292,DEN,"Denver, CO"
12339,IND,"Indianapolis, IN",11292,DEN,"Denver, CO"
11292,DEN,"Denver, CO",12339,IND,"Indianapolis, IN"
11292,DEN,"Denver, CO",13487,MSP,"Minneapolis, MN"
11292,DEN,"Denver, CO",10620,BIL,"Billings, MT"
10620,BIL,"Billings, MT",11292,DEN,"Denver, CO"
14783,SGF,"Springfield, MO",11292,DEN,"Denver, CO"
14814,SHV,"Shreveport, LA",11292,DEN,"Denver, CO"
15376,TUS,"Tucson, AZ",11292,DEN,"Denver, CO"
11292,DEN,"Denver, CO",13198,MCI,"Kansas City, MO"
11292,DEN,"Denver, CO",14814,SHV,"Shreveport, LA"
11292,DEN,"Denver, CO",15376,TUS,"Tucson, AZ"
11109,COS,"Colorado Springs, CO",13930,ORD,"Chicago, IL"
11292,DEN,"Denver, CO",13891,ONT,"Ontario, CA"
12892,LAX,"Los Angeles, CA",11921,GJT,"Grand Junction, CO"
11921,GJT,"Grand Junction, CO",12892,LAX,"Los Angeles, CA"
11298,DFW,"Dallas/Fort Worth, TX",11292,DEN,"Denver, CO"
11292,DEN,"Denver, CO",11298,DFW,"Dallas/Fort Worth, TX"
11292,DEN,"Denver, CO",10140,ABQ,"Albuquerque, NM"
10140,ABQ,"Albuquerque, NM",11292,DEN,"Denver, CO"
11298,DFW,"Dallas/Fort Worth, TX",11292,DEN,"Denver, CO"
11292,DEN,"Denver, CO",11298,DFW,"Dallas/Fort Worth, TX"
11884,GEG,"Spokane, WA",11292,DEN,"Denver, CO"
13486,MSO,"Missoula, MT",11292,DEN,"Denver, CO"
13487,MSP,"Minneapolis, MN",11292,DEN,"Denver, CO"
14783,SGF,"Springfield, MO",11292,DEN,"Denver, CO"
12892,LAX,"Los Angeles, CA",11413,DRO,"Durango, CO"
11292,DEN,"Denver, CO",11884,GEG,"Spokane, WA"
11413,DRO,"Durango, CO",12892,LAX,"Los Angeles, CA"
11292,DEN,"Denver, CO",13198,MCI,"Kansas City, MO"
11292,DEN,"Denver, CO",13486,MSO,"Missoula, MT"
11292,DEN,"Denver, CO",13487,MSP,"Minneapolis, MN"
11292,DEN,"Denver, CO",13871,OMA,"Omaha, NE"
11292,DEN,"Denver, CO",14783,SGF,"Springfield, MO"
11292,DEN,"Denver, CO",10397,ATL,"Atlanta, GA"
11292,DEN,"Denver, CO",10849,BZN,"Bozeman, MT"
11292,DEN,"Denver, CO",11003,CID,"Cedar Rapids/Iowa City, IA"
11292,DEN,"Denver, CO",11066,CMH,"Columbus, OH"
11292,DEN,"Denver, CO",11066,CMH,"Columbus, OH"
11292,DEN,"Denver, CO",11193,CVG,"Cincinnati, OH"
10713,BOI,"Boise, ID",11292,DEN,"Denver, CO"
10849,BZN,"Bozeman, MT",11292,DEN,"Denver, CO"
11057,CLT,"Charlotte, NC",11292,DEN,"Denver, CO"
11066,CMH,"Columbus, OH",11292,DEN,"Denver, CO"
11066,CMH,"Columbus, OH",11292,DEN,"Denver, CO"
11603,EUG,"Eugene, OR",11292,DEN,"Denver, CO"
11648,FCA,"Kalispell, MT",11292,DEN,"Denver, CO"
12982,LIH,"Lihue, HI",11292,DEN,"Denver, CO"
13485,MSN,"Madison, WI",11292,DEN,"Denver, CO"
13495,MSY,"New Orleans, LA",11292,DEN,"Denver, CO"
14100,PHL,"Philadelphia, PA",11292,DEN,"Denver, CO"
14100,PHL,"Philadelphia, PA",11292,DEN,"Denver, CO"
14570,RNO,"Reno, NV",11292,DEN,"Denver, CO"
14771,SFO,"San Francisco, CA",11292,DEN,"Denver, CO"
11292,DEN,"Denver, CO",11433,DTW,"Detroit, MI"
11292,DEN,"Denver, CO",11648,FCA,"Kalispell, MT"
11292,DEN,"Denver, CO",12982,LIH,"Lihue, HI"
11292,DEN,"Denver, CO",13485,MSN,"Madison, WI"
11292,DEN,"Denver, CO",14570,RNO,"Reno, NV"
11292,DEN,"Denver, CO",10140,ABQ,"Albuquerque, NM"
11292,DEN,"Denver, CO",10994,CHS,"Charleston, SC"
10423,AUS,"Austin, TX",11292,DEN,"Denver, CO"
13931,ORF,"Norfolk, VA",11292,DEN,"Denver, CO"
14679,SAN,"San Diego, CA",11292,DEN,"Denver, CO"
14683,SAT,"San Antonio, TX",11292,DEN,"Denver, CO"
14831,SJC,"San Jose, CA",11292,DEN,"Denver, CO"
11292,DEN,"Denver, CO",13342,MKE,"Milwaukee, WI"
11292,DEN,"Denver, CO",13487,MSP,"Minneapolis, MN"
11292,DEN,"Denver, CO",13931,ORF,"Norfolk, VA"
11292,DEN,"Denver, CO",14683,SAT,"San Antonio, TX"
11292,DEN,"Denver, CO",14869,SLC,"Salt Lake City, UT"
11292,DEN,"Denver, CO",15376,TUS,"Tucson, AZ"
12339,IND,"Indianapolis, IN",11292,DEN,"Denver, CO"
14683,SAT,"San Antonio, TX",11292,DEN,"Denver, CO"
11292,DEN,"Denver, CO",11540,ELP,"El Paso, TX"
11292,DEN,"Denver, CO",14869,SLC,"Salt Lake City, UT"
13342,MKE,"Milwaukee, WI",11292,DEN,"Denver, CO"
14908,SNA,"Santa Ana, CA",11292,DEN,"Denver, CO"
11292,DEN,"Denver, CO",13342,MKE,"Milwaukee, WI"
11292,DEN,"Denver, CO",14908,SNA,"Santa Ana, CA"
13487,MSP,"Minneapolis, MN",11292,DEN,"Denver, CO"
12278,ICT,"Wichita, KS",11292,DEN,"Denver, CO"
11292,DEN,"Denver, CO",12278,ICT,"Wichita, KS"
13930,ORD,"Chicago, IL",13502,MTJ,"Montrose/Delta, CO"
13502,MTJ,"Montrose/Delta, CO",13930,ORD,"Chicago, IL"
10800,BUR,"Burbank, CA",11292,DEN,"Denver, CO"
14730,SDF,"Louisville, KY",11292,DEN,"Denver, CO"
14869,SLC,"Salt Lake City, UT",11292,DEN,"Denver, CO"
11292,DEN,"Denver, CO",14869,SLC,"Salt Lake City, UT"
11003,CID,"Cedar Rapids/Iowa City, IA",11292,DEN,"Denver, CO"
12339,IND,"Indianapolis, IN",11292,DEN,"Denver, CO"
11292,DEN,"Denver, CO",12339,IND,"Indianapolis, IN"
11292,DEN,"Denver, CO",10620,BIL,"Billings, MT"
10397,ATL,"Atlanta, GA",11292,DEN,"Denver, CO"
10620,BIL,"Billings, MT",11292,DEN,"Denver, CO"
11042,CLE,"Cleveland, OH",11292,DEN,"Denver, CO"
11413,DRO,"Durango, CO",11292,DEN,"Denver, CO"
11648,FCA,"Kalispell, MT",11292,DEN,"Denver, CO"
12278,ICT,"Wichita, KS",11292,DEN,"Denver, CO"
13198,MCI,"Kansas City, MO",11292,DEN,"Denver, CO"
13244,MEM,"Memphis, TN",11292,DEN,"Denver, CO"
13433,MOT,"Minot, ND",11292,DEN,"Denver, CO"
13871,OMA,"Omaha, NE",11292,DEN,"Denver, CO"
14689,SBA,"Santa Barbara, CA",11292,DEN,"Denver, CO"
11292,DEN,"Denver, CO",11413,DRO,"Durango, CO"
11292,DEN,"Denver, CO",13198,MCI,"Kansas City, MO"
11292,DEN,"Denver, CO",13244,MEM,"Memphis, TN"
11292,DEN,"Denver, CO",14262,PSP,"Palm Springs, CA"
11292,DEN,"Denver, CO",14869,SLC,"Salt Lake City, UT"
11292,DEN,"Denver, CO",10713,BOI,"Boise, ID"
11292,DEN,"Denver, CO",11057,CLT,"Charlotte, NC"
10821,BWI,"Baltimore, MD",11292,DEN,"Denver, CO"
11003,CID,"Cedar Rapids/Iowa City, IA",11292,DEN,"Denver, CO"
11057,CLT,"Charlotte, NC",11292,DEN,"Denver, CO"
11193,CVG,"Cincinnati, OH",11292,DEN,"Denver, CO"
11618,EWR,"Newark, NJ",11292,DEN,"Denver, CO"
11884,GEG,"Spokane, WA",11292,DEN,"Denver, CO"
13264,MFR,"Medford, OR",11292,DEN,"Denver, CO"
13891,ONT,"Ontario, CA",11292,DEN,"Denver, CO"
14831,SJC,"San Jose, CA",11292,DEN,"Denver, CO"
14893,SMF,"Sacramento, CA",11292,DEN,"Denver, CO"
15376,TUS,"Tucson, AZ",11292,DEN,"Denver, CO"
11292,DEN,"Denver, CO",11697,FLL,"Fort Lauderdale, FL"
11292,DEN,"Denver, CO",11884,GEG,"Spokane, WA"
11292,DEN,"Denver, CO",13198,MCI,"Kansas City, MO"
11292,DEN,"Denver, CO",13851,OKC,"Oklahoma City, OK"
11292,DEN,"Denver, CO",13891,ONT,"Ontario, CA"
11292,DEN,"Denver, CO",14057,PDX,"Portland, OR"
11292,DEN,"Denver, CO",14747,SEA,"Seattle, WA"
11292,DEN,"Denver, CO",14831,SJC,"San Jose, CA"
11292,DEN,"Denver, CO",15376,TUS,"Tucson, AZ"
11292,DEN,"Denver, CO",10693,BNA,"Nashville, TN"
12954,LGB,"Long Beach, CA",11292,DEN,"Denver, CO"
13487,MSP,"Minneapolis, MN",11292,DEN,"Denver, CO"
15016,STL,"St. Louis, MO",11292,DEN,"Denver, CO"
11292,DEN,"Denver, CO",12191,HOU,"Houston, TX"
11292,DEN,"Denver, CO",12954,LGB,"Long Beach, CA"
11292,DEN,"Denver, CO",13851,OKC,"Oklahoma City, OK"
11292,DEN,"Denver, CO",14122,PIT,"Pittsburgh, PA"
11292,DEN,"Denver, CO",15016,STL,"St. Louis, MO"
11292,DEN,"Denver, CO",15016,STL,"St. Louis, MO"
14107,PHX,"Phoenix, AZ",11292,DEN,"Denver, CO"
11292,DEN,"Denver, CO",14107,PHX,"Phoenix, AZ"
11292,DEN,"Denver, CO",13487,MSP,"Minneapolis, MN"
11003,CID,"Cedar Rapids/Iowa City, IA",11292,DEN,"Denver, CO"
11292,DEN,"Denver, CO",11233,CYS,"Cheyenne, WY"
11233,CYS,"Cheyenne, WY",11292,DEN,"Denver, CO"
13244,MEM,"Memphis, TN",11292,DEN,"Denver, CO"
11292,DEN,"Denver, CO",13487,MSP,"Minneapolis, MN"
13930,ORD,"Chicago, IL",13502,MTJ,"Montrose/Delta, CO"
13502,MTJ,"Montrose/Delta, CO",13930,ORD,"Chicago, IL"
11292,DEN,"Denver, CO",10397,ATL,"Atlanta, GA"
11292,DEN,"Denver, CO",11042,CLE,"Cleveland, OH"
12892,LAX,"Los Angeles, CA",11109,COS,"Colorado Springs, CO"
11057,CLT,"Charlotte, NC",11292,DEN,"Denver, CO"
13264,MFR,"Medford, OR",11292,DEN,"Denver, CO"
13964,OTH,"North Bend/Coos Bay, OR",11292,DEN,"Denver, CO"
11292,DEN,"Denver, CO",11423,DSM,"Des Moines, IA"
11292,DEN,"Denver, CO",11648,FCA,"Kalispell, MT"
11292,DEN,"Denver, CO",12278,ICT,"Wichita, KS"
11292,DEN,"Denver, CO",13244,MEM,"Memphis, TN"
11292,DEN,"Denver, CO",13433,MOT,"Minot, ND"
11292,DEN,"Denver, CO",13964,OTH,"North Bend/Coos Bay, OR"
11292,DEN,"Denver, CO",14489,RDM,"Bend/Redmond, OR"
11292,DEN,"Denver, CO",14689,SBA,"Santa Barbara, CA"
11292,DEN,"Denver, CO",15370,TUL,"Tulsa, OK"
11292,DEN,"Denver, CO",15376,TUS,"Tucson, AZ"
11292,DEN,"Denver, CO",10423,AUS,"Austin, TX"
11433,DTW,"Detroit, MI",11292,DEN,"Denver, CO"
11986,GRR,"Grand Rapids, MI",11292,DEN,"Denver, CO"
12339,IND,"Indianapolis, IN",11292,DEN,"Denver, CO"
13198,MCI,"Kansas City, MO",11292,DEN,"Denver, CO"
13342,MKE,"Milwaukee, WI",11292,DEN,"Denver, CO"
13495,MSY,"New Orleans, LA",11292,DEN,"Denver, CO"
11292,DEN,"Denver, CO",11618,EWR,"Newark, NJ"
11292,DEN,"Denver, CO",12339,IND,"Indianapolis, IN"
11292,DEN,"Denver, CO",12339,IND,"Indianapolis, IN"
11292,DEN,"Denver, CO",13264,MFR,"Medford, OR"
11292,DEN,"Denver, CO",13342,MKE,"Milwaukee, WI"
11292,DEN,"Denver, CO",14100,PHL,"Philadelphia, PA"
11697,FLL,"Fort Lauderdale, FL",11292,DEN,"Denver, CO"
12451,JAX,"Jacksonville, FL",11292,DEN,"Denver, CO"
13198,MCI,"Kansas City, MO",11292,DEN,"Denver, CO"
13796,OAK,"Oakland, CA",11292,DEN,"Denver, CO"
13851,OKC,"Oklahoma City, OK",11292,DEN,"Denver, CO"
11292,DEN,"Denver, CO",12451,JAX,"Jacksonville, FL"
11292,DEN,"Denver, CO",14771,SFO,"San Francisco, CA"
11292,DEN,"Denver, CO",14869,SLC,"Salt Lake City, UT"
11292,DEN,"Denver, CO",10397,ATL,"Atlanta, GA"
10397,ATL,"Atlanta, GA",11292,DEN,"Denver, CO"
11298,DFW,"Dallas/Fort Worth, TX",11292,DEN,"Denver, CO"
13871,OMA,"Omaha, NE",11292,DEN,"Denver, CO"
14730,SDF,"Louisville, KY",11292,DEN,"Denver, CO"
11921,GJT,"Grand Junction, CO",11109,COS,"Colorado Springs, CO"
13244,MEM,"Memphis, TN",11292,DEN,"Denver, CO"
13244,MEM,"Memphis, TN",11292,DEN,"Denver, CO"
11109,COS,"Colorado Springs, CO",11921,GJT,"Grand Junction, CO"
11292,DEN,"Denver, CO",13244,MEM,"Memphis, TN"
11775,FSD,"Sioux Falls, SD",11292,DEN,"Denver, CO"
12889,LAS,"Las Vegas, NV",11921,GJT,"Grand Junction, CO"
11921,GJT,"Grand Junction, CO",12889,LAS,"Las Vegas, NV"
15412,TYS,"Knoxville, TN",11292,DEN,"Denver, CO"
11292,DEN,"Denver, CO",15412,TYS,"Knoxville, TN"
11292,DEN,"Denver, CO",10423,AUS,"Austin, TX"
11292,DEN,"Denver, CO",10561,BFL,"Bakersfield, CA"
11292,DEN,"Denver, CO",11057,CLT,"Charlotte, NC"
11921,GJT,"Grand Junction, CO",11292,DEN,"Denver, CO"
14524,RIC,"Richmond, VA",11292,DEN,"Denver, CO"
11292,DEN,"Denver, CO",14524,RIC,"Richmond, VA"
11292,DEN,"Denver, CO",10620,BIL,"Billings, MT"
11292,DEN,"Denver, CO",10713,BOI,"Boise, ID"
11292,DEN,"Denver, CO",10800,BUR,"Burbank, CA"
10620,BIL,"Billings, MT",11292,DEN,"Denver, CO"
10713,BOI,"Boise, ID",11292,DEN,"Denver, CO"
10800,BUR,"Burbank, CA",11292,DEN,"Denver, CO"
11423,DSM,"Des Moines, IA",11292,DEN,"Denver, CO"
11603,EUG,"Eugene, OR",11292,DEN,"Denver, CO"
11603,EUG,"Eugene, OR",11292,DEN,"Denver, CO"
13342,MKE,"Milwaukee, WI",11292,DEN,"Denver, CO"
13851,OKC,"Oklahoma City, OK",11292,DEN,"Denver, CO"
14122,PIT,"Pittsburgh, PA",11292,DEN,"Denver, CO"
14869,SLC,"Salt Lake City, UT",11292,DEN,"Denver, CO"
11292,DEN,"Denver, CO",11423,DSM,"Des Moines, IA"
11292,DEN,"Denver, CO",11603,EUG,"Eugene, OR"
11292,DEN,"Denver, CO",13198,MCI,"Kansas City, MO"
11292,DEN,"Denver, CO",13342,MKE,"Milwaukee, WI"
11292,DEN,"Denver, CO",14100,PHL,"Philadelphia, PA"
11292,DEN,"Denver, CO",14122,PIT,"Pittsburgh, PA"
11292,DEN,"Denver, CO",15370,TUL,"Tulsa, OK"
11292,DEN,"Denver, CO",10423,AUS,"Austin, TX"
11292,DEN,"Denver, CO",11042,CLE,"Cleveland, OH"
11618,EWR,"Newark, NJ",11292,DEN,"Denver, CO"
14193,PNS,"Pensacola, FL",11292,DEN,"Denver, CO"
14492,RDU,"Raleigh/Durham, NC",11292,DEN,"Denver, CO"
11292,DEN,"Denver, CO",14193,PNS,"Pensacola, FL"
11292,DEN,"Denver, CO",15370,TUL,"Tulsa, OK"
11292,DEN,"Denver, CO",11003,CID,"Cedar Rapids/Iowa City, IA"
12094,HDN,"Hayden, CO",11292,DEN,"Denver, CO"
11292,DEN,"Denver, CO",11775,FSD,"Sioux Falls, SD"
14730,SDF,"Louisville, KY",11292,DEN,"Denver, CO"
11292,DEN,"Denver, CO",14730,SDF,"Louisville, KY"
14107,PHX,"Phoenix, AZ",11292,DEN,"Denver, CO"
11292,DEN,"Denver, CO",14107,PHX,"Phoenix, AZ"
11042,CLE,"Cleveland, OH",11292,DEN,"Denver, CO"
11292,DEN,"Denver, CO",11193,CVG,"Cincinnati, OH"
15376,TUS,"Tucson, AZ",11292,DEN,"Denver, CO"
11292,DEN,"Denver, CO",13851,OKC,"Oklahoma City, OK"
11292,DEN,"Denver, CO",10423,AUS,"Austin, TX"
10423,AUS,"Austin, TX",11292,DEN,"Denver, CO"
10529,BDL,"Hartford, CT",11292,DEN,"Denver, CO"
11433,DTW,"Detroit, MI",11292,DEN,"Denver, CO"
11697,FLL,"Fort Lauderdale, FL",11292,DEN,"Denver, CO"
12953,LGA,"New York, NY",11292,DEN,"Denver, CO"
13485,MSN,"Madison, WI",11292,DEN,"Denver, CO"
13487,MSP,"Minneapolis, MN",11292,DEN,"Denver, CO"
14747,SEA,"Seattle, WA",11292,DEN,"Denver, CO"
15370,TUL,"Tulsa, OK",11292,DEN,"Denver, CO"
11292,DEN,"Denver, CO",11603,EUG,"Eugene, OR"
11292,DEN,"Denver, CO",13495,MSY,"New Orleans, LA"
11292,DEN,"Denver, CO",14869,SLC,"Salt Lake City, UT"
11884,GEG,"Spokane, WA",11292,DEN,"Denver, CO"
12191,HOU,"Houston, TX",11292,DEN,"Denver, CO"
12892,LAX,"Los Angeles, CA",11292,DEN,"Denver, CO"
13851,OKC,"Oklahoma City, OK",11292,DEN,"Denver, CO"
14107,PHX,"Phoenix, AZ",11292,DEN,"Denver, CO"
14771,SFO,"San Francisco, CA",11292,DEN,"Denver, CO"
11292,DEN,"Denver, CO",12889,LAS,"Las Vegas, NV"
11292,DEN,"Denver, CO",13198,MCI,"Kansas City, MO"
11292,DEN,"Denver, CO",14492,RDU,"Raleigh/Durham, NC"
11292,DEN,"Denver, CO",10693,BNA,"Nashville, TN"
14771,SFO,"San Francisco, CA",11109,COS,"Colorado Springs, CO"
11109,COS,"Colorado Springs, CO",14771,SFO,"San Francisco, CA"
13796,OAK,"Oakland, CA",11292,DEN,"Denver, CO"
12012,GUC,"Gunnison, CO",11292,DEN,"Denver, CO"
11292,DEN,"Denver, CO",12012,GUC,"Gunnison, CO"
11292,DEN,"Denver, CO",12094,HDN,"Hayden, CO"
11109,COS,"Colorado Springs, CO",10466,AZA,"Phoenix, AZ"
10466,AZA,"Phoenix, AZ",11109,COS,"Colorado Springs, CO"
12889,LAS,"Las Vegas, NV",11109,COS,"Colorado Springs, CO"
12892,LAX,"Los Angeles, CA",11921,GJT,"Grand Junction, CO"
11109,COS,"Colorado Springs, CO",12889,LAS,"Las Vegas, NV"
11921,GJT,"Grand Junction, CO",12892,LAX,"Los Angeles, CA"
11292,DEN,"Denver, CO",10643,BKG,"Branson, MO"
10643,BKG,"Branson, MO",11292,DEN,"Denver, CO"
11003,CID,"Cedar Rapids/Iowa City, IA",11292,DEN,"Denver, CO"
11648,FCA,"Kalispell, MT",11292,DEN,"Denver, CO"
13851,OKC,"Oklahoma City, OK",11292,DEN,"Denver, CO"
13851,OKC,"Oklahoma City, OK",11292,DEN,"Denver, CO"
11292,DEN,"Denver, CO",11648,FCA,"Kalispell, MT"
11292,DEN,"Denver, CO",11921,GJT,"Grand Junction, CO"
11292,DEN,"Denver, CO",13264,MFR,"Medford, OR"
11292,DEN,"Denver, CO",10821,BWI,"Baltimore, MD"
12339,IND,"Indianapolis, IN",11292,DEN,"Denver, CO"
14057,PDX,"Portland, OR",11292,DEN,"Denver, CO"
11292,DEN,"Denver, CO",11433,DTW,"Detroit, MI"
11292,DEN,"Denver, CO",11603,EUG,"Eugene, OR"
11292,DEN,"Denver, CO",12339,IND,"Indianapolis, IN"
11292,DEN,"Denver, CO",13485,MSN,"Madison, WI"
10397,ATL,"Atlanta, GA",11292,DEN,"Denver, CO"
10529,BDL,"Hartford, CT",11292,DEN,"Denver, CO"
11292,DEN,"Denver, CO",12339,IND,"Indianapolis, IN"
11292,DEN,"Denver, CO",13487,MSP,"Minneapolis, MN"
11292,DEN,"Denver, CO",14683,SAT,"San Antonio, TX"
11278,DCA,"Washington, DC",11292,DEN,"Denver, CO"
11292,DEN,"Denver, CO",14730,SDF,"Louisville, KY"
11292,DEN,"Denver, CO",11066,CMH,"Columbus, OH"
10800,BUR,"Burbank, CA",11292,DEN,"Denver, CO"
11066,CMH,"Columbus, OH",11292,DEN,"Denver, CO"
15376,TUS,"Tucson, AZ",11292,DEN,"Denver, CO"
11292,DEN,"Denver, CO",15016,STL,"St. Louis, MO"
11292,DEN,"Denver, CO",10529,BDL,"Hartford, CT"
10821,BWI,"Baltimore, MD",11292,DEN,"Denver, CO"
11423,DSM,"Des Moines, IA",11292,DEN,"Denver, CO"
11775,FSD,"Sioux Falls, SD",11292,DEN,"Denver, CO"
14262,PSP,"Palm Springs, CA",11292,DEN,"Denver, CO"
11292,DEN,"Denver, CO",11423,DSM,"Des Moines, IA"
11292,DEN,"Denver, CO",12264,IAD,"Washington, DC"
11292,DEN,"Denver, CO",13495,MSY,"New Orleans, LA"
11292,DEN,"Denver, CO",13891,ONT,"Ontario, CA"
11292,DEN,"Denver, CO",14262,PSP,"Palm Springs, CA"
11042,CLE,"Cleveland, OH",11292,DEN,"Denver, CO"
12889,LAS,"Las Vegas, NV",11292,DEN,"Denver, CO"
13487,MSP,"Minneapolis, MN",11292,DEN,"Denver, CO"
14730,SDF,"Louisville, KY",11292,DEN,"Denver, CO"
11292,DEN,"Denver, CO",13851,OKC,"Oklahoma City, OK"
11292,DEN,"Denver, CO",14730,SDF,"Louisville, KY"
11292,DEN,"Denver, CO",14771,SFO,"San Francisco, CA"
11109,COS,"Colorado Springs, CO",12266,IAH,"Houston, TX"
11292,DEN,"Denver, CO",11278,DCA,"Washington, DC"
11423,DSM,"Des Moines, IA",11292,DEN,"Denver, CO"
11292,DEN,"Denver, CO",11423,DSM,"Des Moines, IA"
13244,MEM,"Memphis, TN",11292,DEN,"Denver, CO"
11292,DEN,"Denver, CO",13244,MEM,"Memphis, TN"
15370,TUL,"Tulsa, OK",11292,DEN,"Denver, CO"
11292,DEN,"Denver, CO",15370,TUL,"Tulsa, OK"
15177,TEX,"Telluride, CO",11292,DEN,"Denver, CO"
11292,DEN,"Denver, CO",15177,TEX,"Telluride, CO"
14107,PHX,"Phoenix, AZ",10950,CEZ,"Cortez, CO"
10950,CEZ,"Cortez, CO",14107,PHX,"Phoenix, AZ"
12953,LGA,"New York, NY",11292,DEN,"Denver, CO"
11292,DEN,"Denver, CO",13851,OKC,"Oklahoma City, OK"
11292,DEN,"Denver, CO",10821,BWI,"Baltimore, MD"
11603,EUG,"Eugene, OR",11292,DEN,"Denver, CO"
12264,IAD,"Washington, DC",11292,DEN,"Denver, CO"
13495,MSY,"New Orleans, LA",11292,DEN,"Denver, CO"
13871,OMA,"Omaha, NE",11292,DEN,"Denver, CO"
13891,ONT,"Ontario, CA",11292,DEN,"Denver, CO"
14893,SMF,"Sacramento, CA",11292,DEN,"Denver, CO"
11292,DEN,"Denver, CO",11775,FSD,"Sioux Falls, SD"
12264,IAD,"Washington, DC",11292,DEN,"Denver, CO"
11292,DEN,"Denver, CO",12892,LAX,"Los Angeles, CA"
11292,DEN,"Denver, CO",13198,MCI,"Kansas City, MO"
11292,DEN,"Denver, CO",14107,PHX,"Phoenix, AZ"
12892,LAX,"Los Angeles, CA",11109,COS,"Colorado Springs, CO"
11109,COS,"Colorado Springs, CO",12892,LAX,"Los Angeles, CA"
11986,GRR,"Grand Rapids, MI",11292,DEN,"Denver, CO"
12478,JFK,"New York, NY",11292,DEN,"Denver, CO"
11292,DEN,"Denver, CO",12478,JFK,"New York, NY"
14683,SAT,"San Antonio, TX",11292,DEN,"Denver, CO"
11292,DEN,"Denver, CO",14683,SAT,"San Antonio, TX"
11603,EUG,"Eugene, OR",11292,DEN,"Denver, CO"
13487,MSP,"Minneapolis, MN",11292,DEN,"Denver, CO"
14492,RDU,"Raleigh/Durham, NC",11292,DEN,"Denver, CO"
14747,SEA,"Seattle, WA",11292,DEN,"Denver, CO"
11292,DEN,"Denver, CO",11298,DFW,"Dallas/Fort Worth, TX"
11292,DEN,"Denver, CO",13342,MKE,"Milwaukee, WI"
11292,DEN,"Denver, CO",13487,MSP,"Minneapolis, MN"
11292,DEN,"Denver, CO",14893,SMF,"Sacramento, CA"
10693,BNA,"Nashville, TN",11292,DEN,"Denver, CO"
11921,GJT,"Grand Junction, CO",11638,FAT,"Fresno, CA"
11292,DEN,"Denver, CO",14783,SGF,"Springfield, MO"
11292,DEN,"Denver, CO",11193,CVG,"Cincinnati, OH"
11193,CVG,"Cincinnati, OH",11292,DEN,"Denver, CO"
11292,DEN,"Denver, CO",12953,LGA,"New York, NY"
14869,SLC,"Salt Lake City, UT",11292,DEN,"Denver, CO"
11292,DEN,"Denver, CO",13367,MLI,"Moline, IL"
10620,BIL,"Billings, MT",11292,DEN,"Denver, CO"
11423,DSM,"Des Moines, IA",11292,DEN,"Denver, CO"
13342,MKE,"Milwaukee, WI",11292,DEN,"Denver, CO"
13871,OMA,"Omaha, NE",11292,DEN,"Denver, CO"
13891,ONT,"Ontario, CA",11292,DEN,"Denver, CO"
15304,TPA,"Tampa, FL",11292,DEN,"Denver, CO"
11292,DEN,"Denver, CO",13204,MCO,"Orlando, FL"
11292,DEN,"Denver, CO",14492,RDU,"Raleigh/Durham, NC"
11292,DEN,"Denver, CO",14679,SAN,"San Diego, CA"
11292,DEN,"Denver, CO",10849,BZN,"Bozeman, MT"
11292,DEN,"Denver, CO",11003,CID,"Cedar Rapids/Iowa City, IA"
10849,BZN,"Bozeman, MT",11292,DEN,"Denver, CO"
11003,CID,"Cedar Rapids/Iowa City, IA",11292,DEN,"Denver, CO"
11995,GSO,"Greensboro/High Point, NC",11292,DEN,"Denver, CO"
14747,SEA,"Seattle, WA",11292,DEN,"Denver, CO"
11292,DEN,"Denver, CO",11995,GSO,"Greensboro/High Point, NC"
11292,DEN,"Denver, CO",14747,SEA,"Seattle, WA"
11292,DEN,"Denver, CO",13796,OAK,"Oakland, CA"
11292,DEN,"Denver, CO",11003,CID,"Cedar Rapids/Iowa City, IA"
11292,DEN,"Denver, CO",10620,BIL,"Billings, MT"
10423,AUS,"Austin, TX",11292,DEN,"Denver, CO"
14679,SAN,"San Diego, CA",11292,DEN,"Denver, CO"
11292,DEN,"Denver, CO",11423,DSM,"Des Moines, IA"
11292,DEN,"Denver, CO",12266,IAH,"Houston, TX"
11292,DEN,"Denver, CO",13871,OMA,"Omaha, NE"
11292,DEN,"Denver, CO",13891,ONT,"Ontario, CA"
11292,DEN,"Denver, CO",14831,SJC,"San Jose, CA"
11292,DEN,"Denver, CO",11259,DAL,"Dallas, TX"
11292,DEN,"Denver, CO",11697,FLL,"Fort Lauderdale, FL"
11292,DEN,"Denver, CO",10693,BNA,"Nashville, TN"
10693,BNA,"Nashville, TN",11292,DEN,"Denver, CO"
14747,SEA,"Seattle, WA",11109,COS,"Colorado Springs, CO"
11292,DEN,"Denver, CO",11603,EUG,"Eugene, OR"
11109,COS,"Colorado Springs, CO",14747,SEA,"Seattle, WA"
11292,DEN,"Denver, CO",10140,ABQ,"Albuquerque, NM"
14122,PIT,"Pittsburgh, PA",11292,DEN,"Denver, CO"
11292,DEN,"Denver, CO",13871,OMA,"Omaha, NE"
11292,DEN,"Denver, CO",14122,PIT,"Pittsburgh, PA"
11292,DEN,"Denver, CO",11423,DSM,"Des Moines, IA"
13485,MSN,"Madison, WI",11292,DEN,"Denver, CO"
11292,DEN,"Denver, CO",13485,MSN,"Madison, WI"
13244,MEM,"Memphis, TN",11292,DEN,"Denver, CO"
12003,GTF,"Great Falls, MT",11292,DEN,"Denver, CO"
15919,XNA,"Fayetteville, AR",11292,DEN,"Denver, CO"
11292,DEN,"Denver, CO",15919,XNA,"Fayetteville, AR"
14747,SEA,"Seattle, WA",11109,COS,"Colorado Springs, CO"
11109,COS,"Colorado Springs, CO",14747,SEA,"Seattle, WA"
11292,DEN,"Denver, CO",11433,DTW,"Detroit, MI"
13367,MLI,"Moline, IL",11292,DEN,"Denver, CO"
10140,ABQ,"Albuquerque, NM",11292,DEN,"Denver, CO"
11292,DEN,"Denver, CO",12889,LAS,"Las Vegas, NV"
11292,DEN,"Denver, CO",12953,LGA,"New York, NY"
11292,DEN,"Denver, CO",14747,SEA,"Seattle, WA"
11292,DEN,"Denver, CO",14893,SMF,"Sacramento, CA"
11292,DEN,"Denver, CO",13244,MEM,"Memphis, TN"
11292,DEN,"Denver, CO",10693,BNA,"Nashville, TN"
10693,BNA,"Nashville, TN",11292,DEN,"Denver, CO"
13486,MSO,"Missoula, MT",11292,DEN,"Denver, CO"
15412,TYS,"Knoxville, TN",11292,DEN,"Denver, CO"
11292,DEN,"Denver, CO",13486,MSO,"Missoula, MT"
11292,DEN,"Denver, CO",15412,TYS,"Knoxville, TN"
11638,FAT,"Fresno, CA",11921,GJT,"Grand Junction, CO"
13244,MEM,"Memphis, TN",11921,GJT,"Grand Junction, CO"
11292,DEN,"Denver, CO",13244,MEM,"Memphis, TN"
11292,DEN,"Denver, CO",13244,MEM,"Memphis, TN"
11921,GJT,"Grand Junction, CO",13244,MEM,"Memphis, TN"
11292,DEN,"Denver, CO",12003,GTF,"Great Falls, MT"
11292,DEN,"Denver, CO",12992,LIT,"Little Rock, AR"
14107,PHX,"Phoenix, AZ",10950,CEZ,"Cortez, CO"
10950,CEZ,"Cortez, CO",14107,PHX,"Phoenix, AZ"
13487,MSP,"Minneapolis, MN",11292,DEN,"Denver, CO"
11292,DEN,"Denver, CO",11433,DTW,"Detroit, MI"
11292,DEN,"Denver, CO",15370,TUL,"Tulsa, OK"
11292,DEN,"Denver, CO",10140,ABQ,"Albuquerque, NM"
13198,MCI,"Kansas City, MO",11292,DEN,"Denver, CO"
14262,PSP,"Palm Springs, CA",11292,DEN,"Denver, CO"
11292,DEN,"Denver, CO",11540,ELP,"El Paso, TX"
11292,DEN,"Denver, CO",14262,PSP,"Palm Springs, CA"
11292,DEN,"Denver, CO",11066,CMH,"Columbus, OH"
10140,ABQ,"Albuquerque, NM",11292,DEN,"Denver, CO"
11042,CLE,"Cleveland, OH",11292,DEN,"Denver, CO"
12339,IND,"Indianapolis, IN",11292,DEN,"Denver, CO"
12889,LAS,"Las Vegas, NV",11292,DEN,"Denver, CO"
11292,DEN,"Denver, CO",13264,MFR,"Medford, OR"
11292,DEN,"Denver, CO",13495,MSY,"New Orleans, LA"
11292,DEN,"Denver, CO",14122,PIT,"Pittsburgh, PA"
11292,DEN,"Denver, CO",14831,SJC,"San Jose, CA"
11259,DAL,"Dallas, TX",11292,DEN,"Denver, CO"
14057,PDX,"Portland, OR",11292,DEN,"Denver, CO"
14747,SEA,"Seattle, WA",11292,DEN,"Denver, CO"
11292,DEN,"Denver, CO",14057,PDX,"Portland, OR"
11292,DEN,"Denver, CO",14747,SEA,"Seattle, WA"
13367,MLI,"Moline, IL",11292,DEN,"Denver, CO"
11540,ELP,"El Paso, TX",11292,DEN,"Denver, CO"
11603,EUG,"Eugene, OR",11292,DEN,"Denver, CO"
15919,XNA,"Fayetteville, AR",11292,DEN,"Denver, CO"
11292,DEN,"Denver, CO",11603,EUG,"Eugene, OR"
11292,DEN,"Denver, CO",12278,ICT,"Wichita, KS"
11292,DEN,"Denver, CO",10140,ABQ,"Albuquerque, NM"
10821,BWI,"Baltimore, MD",11292,DEN,"Denver, CO"
11066,CMH,"Columbus, OH",11292,DEN,"Denver, CO"
12266,IAH,"Houston, TX",11292,DEN,"Denver, CO"
14122,PIT,"Pittsburgh, PA",11292,DEN,"Denver, CO"
14831,SJC,"San Jose, CA",11292,DEN,"Denver, CO"
14831,SJC,"San Jose, CA",11292,DEN,"Denver, CO"
14869,SLC,"Salt Lake City, UT",11292,DEN,"Denver, CO"
15016,STL,"St. Louis, MO",11292,DEN,"Denver, CO"
11292,DEN,"Denver, CO",14869,SLC,"Salt Lake City, UT"
11292,DEN,"Denver, CO",15304,TPA,"Tampa, FL"
12889,LAS,"Las Vegas, NV",11292,DEN,"Denver, CO"
15370,TUL,"Tulsa, OK",11292,DEN,"Denver, CO"
11292,DEN,"Denver, CO",11109,COS,"Colorado Springs, CO"
11109,COS,"Colorado Springs, CO",11292,DEN,"Denver, CO"
11292,DEN,"Denver, CO",11423,DSM,"Des Moines, IA"
11292,DEN,"Denver, CO",10620,BIL,"Billings, MT"
10620,BIL,"Billings, MT",11292,DEN,"Denver, CO"
13891,ONT,"Ontario, CA",11292,DEN,"Denver, CO"
11292,DEN,"Denver, CO",13891,ONT,"Ontario, CA"
11292,DEN,"Denver, CO",14512,RFD,"Rockford, IL"
12278,ICT,"Wichita, KS",11292,DEN,"Denver, CO"
14730,SDF,"Louisville, KY",11292,DEN,"Denver, CO"
11292,DEN,"Denver, CO",14457,RAP,"Rapid City, SD"
11292,DEN,"Denver, CO",10529,BDL,"Hartford, CT"
11292,DEN,"Denver, CO",10849,BZN,"Bozeman, MT"
10849,BZN,"Bozeman, MT",11292,DEN,"Denver, CO"
13264,MFR,"Medford, OR",11292,DEN,"Denver, CO"
13495,MSY,"New Orleans, LA",11292,DEN,"Denver, CO"
14107,PHX,"Phoenix, AZ",11292,DEN,"Denver, CO"
14570,RNO,"Reno, NV",11292,DEN,"Denver, CO"
14683,SAT,"San Antonio, TX",11292,DEN,"Denver, CO"
14771,SFO,"San Francisco, CA",11292,DEN,"Denver, CO"
11292,DEN,"Denver, CO",11775,FSD,"Sioux Falls, SD"
11292,DEN,"Denver, CO",11884,GEG,"Spokane, WA"
11292,DEN,"Denver, CO",14570,RNO,"Reno, NV"
11292,DEN,"Denver, CO",14771,SFO,"San Francisco, CA"
11292,DEN,"Denver, CO",15304,TPA,"Tampa, FL"
11292,DEN,"Denver, CO",10140,ABQ,"Albuquerque, NM"
10140,ABQ,"Albuquerque, NM",11292,DEN,"Denver, CO"
11042,CLE,"Cleveland, OH",11292,DEN,"Denver, CO"
14869,SLC,"Salt Lake City, UT",11292,DEN,"Denver, CO"
11292,DEN,"Denver, CO",13198,MCI,"Kansas City, MO"
13930,ORD,"Chicago, IL",11109,COS,"Colorado Springs, CO"
11292,DEN,"Denver, CO",10194,AFW,"Dallas/Fort Worth, TX"
10194,AFW,"Dallas/Fort Worth, TX",11292,DEN,"Denver, CO"
11292,DEN,"Denver, CO",13244,MEM,"Memphis, TN"
11292,DEN,"Denver, CO",10397,ATL,"Atlanta, GA"
13367,MLI,"Moline, IL",11292,DEN,"Denver, CO"
13495,MSY,"New Orleans, LA",11292,DEN,"Denver, CO"
14869,SLC,"Salt Lake City, UT",10372,ASE,"Aspen, CO"
11292,DEN,"Denver, CO",11267,DAY,"Dayton, OH"
13198,MCI,"Kansas City, MO",11292,DEN,"Denver, CO"
15919,XNA,"Fayetteville, AR",11292,DEN,"Denver, CO"
11292,DEN,"Denver, CO",11298,DFW,"Dallas/Fort Worth, TX"
11292,DEN,"Denver, CO",11638,FAT,"Fresno, CA"
11292,DEN,"Denver, CO",14107,PHX,"Phoenix, AZ"
11292,DEN,"Denver, CO",14683,SAT,"San Antonio, TX"
11292,DEN,"Denver, CO",10423,AUS,"Austin, TX"
11292,DEN,"Denver, CO",11057,CLT,"Charlotte, NC"
11057,CLT,"Charlotte, NC",11292,DEN,"Denver, CO"
11775,FSD,"Sioux Falls, SD",11292,DEN,"Denver, CO"
11775,FSD,"Sioux Falls, SD",11292,DEN,"Denver, CO"
11884,GEG,"Spokane, WA",11292,DEN,"Denver, CO"
13198,MCI,"Kansas City, MO",11292,DEN,"Denver, CO"
13851,OKC,"Oklahoma City, OK",11292,DEN,"Denver, CO"
14122,PIT,"Pittsburgh, PA",11292,DEN,"Denver, CO"
14679,SAN,"San Diego, CA",11292,DEN,"Denver, CO"
14683,SAT,"San Antonio, TX",11292,DEN,"Denver, CO"
11292,DEN,"Denver, CO",11775,FSD,"Sioux Falls, SD"
11042,CLE,"Cleveland, OH",11292,DEN,"Denver, CO"
11423,DSM,"Des Moines, IA",11292,DEN,"Denver, CO"
11292,DEN,"Denver, CO",11423,DSM,"Des Moines, IA"
11109,COS,"Colorado Springs, CO",13930,ORD,"Chicago, IL"
11292,DEN,"Denver, CO",13487,MSP,"Minneapolis, MN"
12278,ICT,"Wichita, KS",11292,DEN,"Denver, CO"
11292,DEN,"Denver, CO",10713,BOI,"Boise, ID"
10140,ABQ,"Albuquerque, NM",11292,DEN,"Denver, CO"
15016,STL,"St. Louis, MO",11292,DEN,"Denver, CO"
10372,ASE,"Aspen, CO",14869,SLC,"Salt Lake City, UT"
11292,DEN,"Denver, CO",10397,ATL,"Atlanta, GA"
11697,FLL,"Fort Lauderdale, FL",11292,DEN,"Denver, CO"
13487,MSP,"Minneapolis, MN",11292,DEN,"Denver, CO"
13891,ONT,"Ontario, CA",11292,DEN,"Denver, CO"
14057,PDX,"Portland, OR",11292,DEN,"Denver, CO"
14747,SEA,"Seattle, WA",11292,DEN,"Denver, CO"
14831,SJC,"San Jose, CA",11292,DEN,"Denver, CO"
15304,TPA,"Tampa, FL",11292,DEN,"Denver, CO"
11292,DEN,"Denver, CO",11986,GRR,"Grand Rapids, MI"
11292,DEN,"Denver, CO",13198,MCI,"Kansas City, MO"
11292,DEN,"Denver, CO",13891,ONT,"Ontario, CA"
11292,DEN,"Denver, CO",14100,PHL,"Philadelphia, PA"
11292,DEN,"Denver, CO",14122,PIT,"Pittsburgh, PA"
11292,DEN,"Denver, CO",15016,STL,"St. Louis, MO"
11292,DEN,"Denver, CO",15304,TPA,"Tampa, FL"
10529,BDL,"Hartford, CT",11292,DEN,"Denver, CO"
14570,RNO,"Reno, NV",11292,DEN,"Denver, CO"
14730,SDF,"Louisville, KY",11292,DEN,"Denver, CO"
14869,SLC,"Salt Lake City, UT",11292,DEN,"Denver, CO"
13198,MCI,"Kansas City, MO",11292,DEN,"Denver, CO"
11413,DRO,"Durango, CO",10140,ABQ,"Albuquerque, NM"
11413,DRO,"Durango, CO",11711,FMN,"Farmington, NM"
11193,CVG,"Cincinnati, OH",11292,DEN,"Denver, CO"
11292,DEN,"Denver, CO",12094,HDN,"Hayden, CO"
11292,DEN,"Denver, CO",14783,SGF,"Springfield, MO"
14771,SFO,"San Francisco, CA",10372,ASE,"Aspen, CO"
11292,DEN,"Denver, CO",10423,AUS,"Austin, TX"
11292,DEN,"Denver, CO",11447,DVL,"Devils Lake, ND"
11292,DEN,"Denver, CO",12992,LIT,"Little Rock, AR"
11292,DEN,"Denver, CO",13029,LNK,"Lincoln, NE"
10529,BDL,"Hartford, CT",11292,DEN,"Denver, CO"
13871,OMA,"Omaha, NE",11292,DEN,"Denver, CO"
14524,RIC,"Richmond, VA",11292,DEN,"Denver, CO"
14689,SBA,"Santa Barbara, CA",11292,DEN,"Denver, CO"
14771,SFO,"San Francisco, CA",11292,DEN,"Denver, CO"
11292,DEN,"Denver, CO",11697,FLL,"Fort Lauderdale, FL"
11292,DEN,"Denver, CO",13487,MSP,"Minneapolis, MN"
11292,DEN,"Denver, CO",13495,MSY,"New Orleans, LA"
11292,DEN,"Denver, CO",13871,OMA,"Omaha, NE"
11292,DEN,"Denver, CO",14057,PDX,"Portland, OR"
11292,DEN,"Denver, CO",14524,RIC,"Richmond, VA"
11292,DEN,"Denver, CO",14683,SAT,"San Antonio, TX"
11292,DEN,"Denver, CO",14689,SBA,"Santa Barbara, CA"
11292,DEN,"Denver, CO",11042,CLE,"Cleveland, OH"
11066,CMH,"Columbus, OH",11292,DEN,"Denver, CO"
12953,LGA,"New York, NY",11292,DEN,"Denver, CO"
11066,CMH,"Columbus, OH",11292,DEN,"Denver, CO"
11292,DEN,"Denver, CO",10627,BIS,"Bismarck/Mandan, ND"
10627,BIS,"Bismarck/Mandan, ND",11292,DEN,"Denver, CO"
11413,DRO,"Durango, CO",10140,ABQ,"Albuquerque, NM"
13244,MEM,"Memphis, TN",11109,COS,"Colorado Springs, CO"
11413,DRO,"Durango, CO",11711,FMN,"Farmington, NM"
11122,CPR,"Casper, WY",12094,HDN,"Hayden, CO"
11109,COS,"Colorado Springs, CO",13244,MEM,"Memphis, TN"
14570,RNO,"Reno, NV",11292,DEN,"Denver, CO"
12094,HDN,"Hayden, CO",11292,DEN,"Denver, CO"
13871,OMA,"Omaha, NE",11292,DEN,"Denver, CO"
14457,RAP,"Rapid City, SD",11292,DEN,"Denver, CO"
11292,DEN,"Denver, CO",10140,ABQ,"Albuquerque, NM"
11292,DEN,"Denver, CO",10397,ATL,"Atlanta, GA"
11292,DEN,"Denver, CO",10800,BUR,"Burbank, CA"
11292,DEN,"Denver, CO",11193,CVG,"Cincinnati, OH"
10140,ABQ,"Albuquerque, NM",11292,DEN,"Denver, CO"
11298,DFW,"Dallas/Fort Worth, TX",11292,DEN,"Denver, CO"
11638,FAT,"Fresno, CA",11292,DEN,"Denver, CO"
14107,PHX,"Phoenix, AZ",11292,DEN,"Denver, CO"
11292,DEN,"Denver, CO",11775,FSD,"Sioux Falls, SD"
11292,DEN,"Denver, CO",13198,MCI,"Kansas City, MO"
11292,DEN,"Denver, CO",13264,MFR,"Medford, OR"
11292,DEN,"Denver, CO",14698,SBP,"San Luis Obispo, CA"
10372,ASE,"Aspen, CO",14771,SFO,"San Francisco, CA"
11292,DEN,"Denver, CO",10713,BOI,"Boise, ID"
10713,BOI,"Boise, ID",11292,DEN,"Denver, CO"
12441,JAC,"Jackson, WY",11292,DEN,"Denver, CO"
11292,DEN,"Denver, CO",13851,OKC,"Oklahoma City, OK"
11292,DEN,"Denver, CO",13851,OKC,"Oklahoma City, OK"
11292,DEN,"Denver, CO",14100,PHL,"Philadelphia, PA"
11292,DEN,"Denver, CO",14107,PHX,"Phoenix, AZ"
11292,DEN,"Denver, CO",14771,SFO,"San Francisco, CA"
11292,DEN,"Denver, CO",10994,CHS,"Charleston, SC"
10713,BOI,"Boise, ID",11292,DEN,"Denver, CO"
10994,CHS,"Charleston, SC",11292,DEN,"Denver, CO"
11292,DEN,"Denver, CO",11433,DTW,"Detroit, MI"
11292,DEN,"Denver, CO",14730,SDF,"Louisville, KY"
11292,DEN,"Denver, CO",15376,TUS,"Tucson, AZ"
11292,DEN,"Denver, CO",11066,CMH,"Columbus, OH"
11292,DEN,"Denver, CO",13158,MAF,"Midland/Odessa, TX"
15412,TYS,"Knoxville, TN",11292,DEN,"Denver, CO"
11292,DEN,"Denver, CO",15412,TYS,"Knoxville, TN"
13502,MTJ,"Montrose/Delta, CO",12266,IAH,"Houston, TX"
12266,IAH,"Houston, TX",13502,MTJ,"Montrose/Delta, CO"
11292,DEN,"Denver, CO",11193,CVG,"Cincinnati, OH"
11193,CVG,"Cincinnati, OH",11292,DEN,"Denver, CO"
14783,SGF,"Springfield, MO",11292,DEN,"Denver, CO"
11292,DEN,"Denver, CO",12278,ICT,"Wichita, KS"
11292,DEN,"Denver, CO",10800,BUR,"Burbank, CA"
14698,SBP,"San Luis Obispo, CA",11292,DEN,"Denver, CO"
10372,ASE,"Aspen, CO",12266,IAH,"Houston, TX"
11292,DEN,"Denver, CO",15370,TUL,"Tulsa, OK"
11292,DEN,"Denver, CO",10713,BOI,"Boise, ID"
10423,AUS,"Austin, TX",11292,DEN,"Denver, CO"
10423,AUS,"Austin, TX",11292,DEN,"Denver, CO"
11298,DFW,"Dallas/Fort Worth, TX",11292,DEN,"Denver, CO"
11697,FLL,"Fort Lauderdale, FL",11292,DEN,"Denver, CO"
12278,ICT,"Wichita, KS",11292,DEN,"Denver, CO"
12758,KOA,"Kona, HI",11292,DEN,"Denver, CO"
13830,OGG,"Kahului, HI",11292,DEN,"Denver, CO"
15304,TPA,"Tampa, FL",11292,DEN,"Denver, CO"
11292,DEN,"Denver, CO",11697,FLL,"Fort Lauderdale, FL"
11292,DEN,"Denver, CO",12278,ICT,"Wichita, KS"
11292,DEN,"Denver, CO",12441,JAC,"Jackson, WY"
11292,DEN,"Denver, CO",12758,KOA,"Kona, HI"
11292,DEN,"Denver, CO",13830,OGG,"Kahului, HI"
11292,DEN,"Denver, CO",15370,TUL,"Tulsa, OK"
11292,DEN,"Denver, CO",10713,BOI,"Boise, ID"
12451,JAX,"Jacksonville, FL",11292,DEN,"Denver, CO"
11292,DEN,"Denver, CO",12451,JAX,"Jacksonville, FL"
11292,DEN,"Denver, CO",13891,ONT,"Ontario, CA"
11292,DEN,"Denver, CO",14831,SJC,"San Jose, CA"
11292,DEN,"Denver, CO",10423,AUS,"Austin, TX"
13158,MAF,"Midland/Odessa, TX",11292,DEN,"Denver, CO"
11292,DEN,"Denver, CO",14730,SDF,"Louisville, KY"
11292,DEN,"Denver, CO",15370,TUL,"Tulsa, OK"
11775,FSD,"Sioux Falls, SD",11292,DEN,"Denver, CO"
11292,DEN,"Denver, CO",11775,FSD,"Sioux Falls, SD"
12094,HDN,"Hayden, CO",11122,CPR,"Casper, WY"
12266,IAH,"Houston, TX",11109,COS,"Colorado Springs, CO"
10950,CEZ,"Cortez, CO",11292,DEN,"Denver, CO"
11292,DEN,"Denver, CO",11193,CVG,"Cincinnati, OH"
13264,MFR,"Medford, OR",11292,DEN,"Denver, CO"
11292,DEN,"Denver, CO",14262,PSP,"Palm Springs, CA"
11292,DEN,"Denver, CO",10721,BOS,"Boston, MA"
11292,DEN,"Denver, CO",11057,CLT,"Charlotte, NC"
10397,ATL,"Atlanta, GA",11292,DEN,"Denver, CO"
10713,BOI,"Boise, ID",11292,DEN,"Denver, CO"
11057,CLT,"Charlotte, NC",11292,DEN,"Denver, CO"
14771,SFO,"San Francisco, CA",11292,DEN,"Denver, CO"
11292,DEN,"Denver, CO",11298,DFW,"Dallas/Fort Worth, TX"
11292,DEN,"Denver, CO",13487,MSP,"Minneapolis, MN"
11292,DEN,"Denver, CO",14893,SMF,"Sacramento, CA"
11292,DEN,"Denver, CO",11259,DAL,"Dallas, TX"
11292,DEN,"Denver, CO",14893,SMF,"Sacramento, CA"
13851,OKC,"Oklahoma City, OK",11292,DEN,"Denver, CO"
14869,SLC,"Salt Lake City, UT",11292,DEN,"Denver, CO"
15016,STL,"St. Louis, MO",11292,DEN,"Denver, CO"
11109,COS,"Colorado Springs, CO",12889,LAS,"Las Vegas, NV"
11292,DEN,"Denver, CO",14869,SLC,"Salt Lake City, UT"
11292,DEN,"Denver, CO",15016,STL,"St. Louis, MO"
10140,ABQ,"Albuquerque, NM",11413,DRO,"Durango, CO"
11292,DEN,"Denver, CO",13244,MEM,"Memphis, TN"
11292,DEN,"Denver, CO",13851,OKC,"Oklahoma City, OK"
12266,IAH,"Houston, TX",10372,ASE,"Aspen, CO"
11292,DEN,"Denver, CO",10693,BNA,"Nashville, TN"
10599,BHM,"Birmingham, AL",11292,DEN,"Denver, CO"
11775,FSD,"Sioux Falls, SD",11292,DEN,"Denver, CO"
14262,PSP,"Palm Springs, CA",11292,DEN,"Denver, CO"
14814,SHV,"Shreveport, LA",11292,DEN,"Denver, CO"
11292,DEN,"Denver, CO",11423,DSM,"Des Moines, IA"
11292,DEN,"Denver, CO",12389,ISN,"Williston, ND"
11292,DEN,"Denver, CO",13871,OMA,"Omaha, NE"
11292,DEN,"Denver, CO",14814,SHV,"Shreveport, LA"
15370,TUL,"Tulsa, OK",11292,DEN,"Denver, CO"
11292,DEN,"Denver, CO",14107,PHX,"Phoenix, AZ"
11292,DEN,"Denver, CO",14831,SJC,"San Jose, CA"
11292,DEN,"Denver, CO",10423,AUS,"Austin, TX"
14100,PHL,"Philadelphia, PA",11292,DEN,"Denver, CO"
14122,PIT,"Pittsburgh, PA",11292,DEN,"Denver, CO"
11292,DEN,"Denver, CO",11697,FLL,"Fort Lauderdale, FL"
11292,DEN,"Denver, CO",11884,GEG,"Spokane, WA"
12889,LAS,"Las Vegas, NV",11109,COS,"Colorado Springs, CO"
12339,IND,"Indianapolis, IN",11292,DEN,"Denver, CO"
12889,LAS,"Las Vegas, NV",11292,DEN,"Denver, CO"
11292,DEN,"Denver, CO",12339,IND,"Indianapolis, IN"
11292,DEN,"Denver, CO",12889,LAS,"Las Vegas, NV"
10140,ABQ,"Albuquerque, NM",11413,DRO,"Durango, CO"
13487,MSP,"Minneapolis, MN",11292,DEN,"Denver, CO"
11292,DEN,"Denver, CO",13487,MSP,"Minneapolis, MN"
13198,MCI,"Kansas City, MO",11292,DEN,"Denver, CO"
13502,MTJ,"Montrose/Delta, CO",11292,DEN,"Denver, CO"
11292,DEN,"Denver, CO",13502,MTJ,"Montrose/Delta, CO"
10272,ALS,"Alamosa, CO",10140,ABQ,"Albuquerque, NM"
10140,ABQ,"Albuquerque, NM",10272,ALS,"Alamosa, CO"
11292,DEN,"Denver, CO",10950,CEZ,"Cortez, CO"
13198,MCI,"Kansas City, MO",11292,DEN,"Denver, CO"
13486,MSO,"Missoula, MT",11292,DEN,"Denver, CO"
11292,DEN,"Denver, CO",13871,OMA,"Omaha, NE"
11292,DEN,"Denver, CO",10693,BNA,"Nashville, TN"
10693,BNA,"Nashville, TN",11292,DEN,"Denver, CO"
12389,ISN,"Williston, ND",11292,DEN,"Denver, CO"
13029,LNK,"Lincoln, NE",11292,DEN,"Denver, CO"
13871,OMA,"Omaha, NE",11292,DEN,"Denver, CO"
11109,COS,"Colorado Springs, CO",12892,LAX,"Los Angeles, CA"
10821,BWI,"Baltimore, MD",11292,DEN,"Denver, CO"
14107,PHX,"Phoenix, AZ",11292,DEN,"Denver, CO"
14683,SAT,"San Antonio, TX",11292,DEN,"Denver, CO"
14893,SMF,"Sacramento, CA",11292,DEN,"Denver, CO"
11292,DEN,"Denver, CO",14107,PHX,"Phoenix, AZ"
11292,DEN,"Denver, CO",14683,SAT,"San Antonio, TX"
11292,DEN,"Denver, CO",10257,ALB,"Albany, NY"
11292,DEN,"Denver, CO",10529,BDL,"Hartford, CT"
11292,DEN,"Denver, CO",10721,BOS,"Boston, MA"
11433,DTW,"Detroit, MI",11292,DEN,"Denver, CO"
11292,DEN,"Denver, CO",14570,RNO,"Reno, NV"
11292,DEN,"Denver, CO",11109,COS,"Colorado Springs, CO"
10423,AUS,"Austin, TX",11292,DEN,"Denver, CO"
13244,MEM,"Memphis, TN",11292,DEN,"Denver, CO"
14100,PHL,"Philadelphia, PA",11292,DEN,"Denver, CO"
14107,PHX,"Phoenix, AZ",11292,DEN,"Denver, CO"
11298,DFW,"Dallas/Fort Worth, TX",11503,EGE,"Eagle, CO"
11292,DEN,"Denver, CO",12892,LAX,"Los Angeles, CA"
11292,DEN,"Denver, CO",13303,MIA,"Miami, FL"
11292,DEN,"Denver, CO",14107,PHX,"Phoenix, AZ"
11433,DTW,"Detroit, MI",11292,DEN,"Denver, CO"
13851,OKC,"Oklahoma City, OK",11292,DEN,"Denver, CO"
11292,DEN,"Denver, CO",13486,MSO,"Missoula, MT"
11292,DEN,"Denver, CO",10599,BHM,"Birmingham, AL"
13930,ORD,"Chicago, IL",11109,COS,"Colorado Springs, CO"
13029,LNK,"Lincoln, NE",11292,DEN,"Denver, CO"
11292,DEN,"Denver, CO",13029,LNK,"Lincoln, NE"
11292,DEN,"Denver, CO",10423,AUS,"Austin, TX"
11292,DEN,"Denver, CO",11278,DCA,"Washington, DC"
11278,DCA,"Washington, DC",11292,DEN,"Denver, CO"
14122,PIT,"Pittsburgh, PA",11292,DEN,"Denver, CO"
14492,RDU,"Raleigh/Durham, NC",11292,DEN,"Denver, CO"
14683,SAT,"San Antonio, TX",11292,DEN,"Denver, CO"
11292,DEN,"Denver, CO",14057,PDX,"Portland, OR"
11292,DEN,"Denver, CO",14492,RDU,"Raleigh/Durham, NC"
11292,DEN,"Denver, CO",14683,SAT,"San Antonio, TX"
11433,DTW,"Detroit, MI",11292,DEN,"Denver, CO"
11697,FLL,"Fort Lauderdale, FL",11292,DEN,"Denver, CO"
11292,DEN,"Denver, CO",11697,FLL,"Fort Lauderdale, FL"
11292,DEN,"Denver, CO",12266,IAH,"Houston, TX"
11298,DFW,"Dallas/Fort Worth, TX",13502,MTJ,"Montrose/Delta, CO"
11637,FAR,"Fargo, ND",11292,DEN,"Denver, CO"
13930,ORD,"Chicago, IL",11109,COS,"Colorado Springs, CO"
12892,LAX,"Los Angeles, CA",11292,DEN,"Denver, CO"
13303,MIA,"Miami, FL",11292,DEN,"Denver, CO"
11503,EGE,"Eagle, CO",11298,DFW,"Dallas/Fort Worth, TX"
11298,DFW,"Dallas/Fort Worth, TX",10372,ASE,"Aspen, CO"
12278,ICT,"Wichita, KS",11292,DEN,"Denver, CO"
10372,ASE,"Aspen, CO",11298,DFW,"Dallas/Fort Worth, TX"
10397,ATL,"Atlanta, GA",11292,DEN,"Denver, CO"
11884,GEG,"Spokane, WA",11292,DEN,"Denver, CO"
12892,LAX,"Los Angeles, CA",11292,DEN,"Denver, CO"
14107,PHX,"Phoenix, AZ",11292,DEN,"Denver, CO"
14771,SFO,"San Francisco, CA",11292,DEN,"Denver, CO"
11292,DEN,"Denver, CO",12892,LAX,"Los Angeles, CA"
11986,GRR,"Grand Rapids, MI",11292,DEN,"Denver, CO"
12339,IND,"Indianapolis, IN",11292,DEN,"Denver, CO"
11292,DEN,"Denver, CO",11618,EWR,"Newark, NJ"
11292,DEN,"Denver, CO",11986,GRR,"Grand Rapids, MI"
11292,DEN,"Denver, CO",10599,BHM,"Birmingham, AL"
11292,DEN,"Denver, CO",10397,ATL,"Atlanta, GA"
11066,CMH,"Columbus, OH",11292,DEN,"Denver, CO"
14057,PDX,"Portland, OR",11292,DEN,"Denver, CO"
14679,SAN,"San Diego, CA",11292,DEN,"Denver, CO"
11292,DEN,"Denver, CO",12264,IAD,"Washington, DC"
11292,DEN,"Denver, CO",14679,SAN,"San Diego, CA"
12266,IAH,"Houston, TX",11292,DEN,"Denver, CO"
12892,LAX,"Los Angeles, CA",11292,DEN,"Denver, CO"
14679,SAN,"San Diego, CA",11292,DEN,"Denver, CO"
11292,DEN,"Denver, CO",11298,DFW,"Dallas/Fort Worth, TX"
11292,DEN,"Denver, CO",11433,DTW,"Detroit, MI"
11292,DEN,"Denver, CO",12892,LAX,"Los Angeles, CA"
11292,DEN,"Denver, CO",13487,MSP,"Minneapolis, MN"
11292,DEN,"Denver, CO",14679,SAN,"San Diego, CA"
13502,MTJ,"Montrose/Delta, CO",11298,DFW,"Dallas/Fort Worth, TX"
14107,PHX,"Phoenix, AZ",13502,MTJ,"Montrose/Delta, CO"
13502,MTJ,"Montrose/Delta, CO",14107,PHX,"Phoenix, AZ"
14747,SEA,"Seattle, WA",11292,DEN,"Denver, CO"
11292,DEN,"Denver, CO",14747,SEA,"Seattle, WA"
11292,DEN,"Denver, CO",11097,COD,"Cody, WY"
11097,COD,"Cody, WY",11292,DEN,"Denver, CO"
14107,PHX,"Phoenix, AZ",11292,DEN,"Denver, CO"
11292,DEN,"Denver, CO",14107,PHX,"Phoenix, AZ"
11109,COS,"Colorado Springs, CO",10397,ATL,"Atlanta, GA"
10397,ATL,"Atlanta, GA",11109,COS,"Colorado Springs, CO"
11292,DEN,"Denver, CO",11433,DTW,"Detroit, MI"
11503,EGE,"Eagle, CO",11292,DEN,"Denver, CO"
11292,DEN,"Denver, CO",11503,EGE,"Eagle, CO"
11292,DEN,"Denver, CO",10849,BZN,"Bozeman, MT"
12266,IAH,"Houston, TX",11109,COS,"Colorado Springs, CO"
10713,BOI,"Boise, ID",11292,DEN,"Denver, CO"
10713,BOI,"Boise, ID",11292,DEN,"Denver, CO"
11638,FAT,"Fresno, CA",11292,DEN,"Denver, CO"
12156,HLN,"Helena, MT",11292,DEN,"Denver, CO"
11292,DEN,"Denver, CO",12156,HLN,"Helena, MT"
11109,COS,"Colorado Springs, CO",12266,IAH,"Houston, TX"
11292,DEN,"Denver, CO",12519,JMS,"Jamestown, ND"
12173,HNL,"Honolulu, HI",11292,DEN,"Denver, CO"
11292,DEN,"Denver, CO",11884,GEG,"Spokane, WA"
11292,DEN,"Denver, CO",12173,HNL,"Honolulu, HI"
11292,DEN,"Denver, CO",12266,IAH,"Houston, TX"
11292,DEN,"Denver, CO",12278,ICT,"Wichita, KS"
11292,DEN,"Denver, CO",12339,IND,"Indianapolis, IN"
11292,DEN,"Denver, CO",14747,SEA,"Seattle, WA"
10257,ALB,"Albany, NY",11292,DEN,"Denver, CO"
14893,SMF,"Sacramento, CA",11292,DEN,"Denver, CO"
11292,DEN,"Denver, CO",14100,PHL,"Philadelphia, PA"
11292,DEN,"Denver, CO",15304,TPA,"Tampa, FL"
10693,BNA,"Nashville, TN",11292,DEN,"Denver, CO"
11292,DEN,"Denver, CO",10423,AUS,"Austin, TX"
11292,DEN,"Denver, CO",11042,CLE,"Cleveland, OH"
11292,DEN,"Denver, CO",11057,CLT,"Charlotte, NC"
11292,DEN,"Denver, CO",11066,CMH,"Columbus, OH"
13204,MCO,"Orlando, FL",11109,COS,"Colorado Springs, CO"
14107,PHX,"Phoenix, AZ",11109,COS,"Colorado Springs, CO"
10397,ATL,"Atlanta, GA",11292,DEN,"Denver, CO"
10397,ATL,"Atlanta, GA",11292,DEN,"Denver, CO"
10423,AUS,"Austin, TX",11292,DEN,"Denver, CO"
11042,CLE,"Cleveland, OH",11292,DEN,"Denver, CO"
11057,CLT,"Charlotte, NC",11292,DEN,"Denver, CO"
11298,DFW,"Dallas/Fort Worth, TX",11292,DEN,"Denver, CO"
12264,IAD,"Washington, DC",11292,DEN,"Denver, CO"
12889,LAS,"Las Vegas, NV",11292,DEN,"Denver, CO"
12953,LGA,"New York, NY",11292,DEN,"Denver, CO"
13244,MEM,"Memphis, TN",11292,DEN,"Denver, CO"
13303,MIA,"Miami, FL",11292,DEN,"Denver, CO"
13495,MSY,"New Orleans, LA",11292,DEN,"Denver, CO"
13871,OMA,"Omaha, NE",11292,DEN,"Denver, CO"
14057,PDX,"Portland, OR",11292,DEN,"Denver, CO"
14100,PHL,"Philadelphia, PA",11292,DEN,"Denver, CO"
14100,PHL,"Philadelphia, PA",11292,DEN,"Denver, CO"
14122,PIT,"Pittsburgh, PA",11292,DEN,"Denver, CO"
14679,SAN,"San Diego, CA",11292,DEN,"Denver, CO"
14747,SEA,"Seattle, WA",11292,DEN,"Denver, CO"
14869,SLC,"Salt Lake City, UT",11292,DEN,"Denver, CO"
15016,STL,"St. Louis, MO",11292,DEN,"Denver, CO"
15304,TPA,"Tampa, FL",11292,DEN,"Denver, CO"
11292,DEN,"Denver, CO",11298,DFW,"Dallas/Fort Worth, TX"
11292,DEN,"Denver, CO",12889,LAS,"Las Vegas, NV"
11292,DEN,"Denver, CO",12953,LGA,"New York, NY"
11109,COS,"Colorado Springs, CO",13204,MCO,"Orlando, FL"
11292,DEN,"Denver, CO",13244,MEM,"Memphis, TN"
11292,DEN,"Denver, CO",13303,MIA,"Miami, FL"
11292,DEN,"Denver, CO",13495,MSY,"New Orleans, LA"
11292,DEN,"Denver, CO",13871,OMA,"Omaha, NE"
11292,DEN,"Denver, CO",14057,PDX,"Portland, OR"
11292,DEN,"Denver, CO",14100,PHL,"Philadelphia, PA"
11292,DEN,"Denver, CO",14100,PHL,"Philadelphia, PA"
11109,COS,"Colorado Springs, CO",14107,PHX,"Phoenix, AZ"
11292,DEN,"Denver, CO",14122,PIT,"Pittsburgh, PA"
11292,DEN,"Denver, CO",14679,SAN,"San Diego, CA"
11292,DEN,"Denver, CO",14747,SEA,"Seattle, WA"
11292,DEN,"Denver, CO",14869,SLC,"Salt Lake City, UT"
11292,DEN,"Denver, CO",15016,STL,"St. Louis, MO"
11292,DEN,"Denver, CO",15304,TPA,"Tampa, FL"
11298,DFW,"Dallas/Fort Worth, TX",11292,DEN,"Denver, CO"
12892,LAX,"Los Angeles, CA",11292,DEN,"Denver, CO"
13487,MSP,"Minneapolis, MN",11292,DEN,"Denver, CO"
11292,DEN,"Denver, CO",12892,LAX,"Los Angeles, CA"
14747,SEA,"Seattle, WA",11292,DEN,"Denver, CO"
11292,DEN,"Denver, CO",14747,SEA,"Seattle, WA"
12217,HSV,"Huntsville, AL",11292,DEN,"Denver, CO"
11292,DEN,"Denver, CO",12217,HSV,"Huntsville, AL"
11292,DEN,"Denver, CO",14100,PHL,"Philadelphia, PA"
11292,DEN,"Denver, CO",10620,BIL,"Billings, MT"
10620,BIL,"Billings, MT",11292,DEN,"Denver, CO"
10849,BZN,"Bozeman, MT",11292,DEN,"Denver, CO"
14689,SBA,"Santa Barbara, CA",11292,DEN,"Denver, CO"
11292,DEN,"Denver, CO",12278,ICT,"Wichita, KS"
11109,COS,"Colorado Springs, CO",13930,ORD,"Chicago, IL"
11292,DEN,"Denver, CO",14689,SBA,"Santa Barbara, CA"
12278,ICT,"Wichita, KS",11292,DEN,"Denver, CO"
12953,LGA,"New York, NY",11292,DEN,"Denver, CO"
13204,MCO,"Orlando, FL",11292,DEN,"Denver, CO"
14107,PHX,"Phoenix, AZ",11292,DEN,"Denver, CO"
11292,DEN,"Denver, CO",14107,PHX,"Phoenix, AZ"
11292,DEN,"Denver, CO",14893,SMF,"Sacramento, CA"
11433,DTW,"Detroit, MI",11292,DEN,"Denver, CO"
11292,DEN,"Denver, CO",10397,ATL,"Atlanta, GA"
14679,SAN,"San Diego, CA",11292,DEN,"Denver, CO"
14869,SLC,"Salt Lake City, UT",11292,DEN,"Denver, CO"
11292,DEN,"Denver, CO",14679,SAN,"San Diego, CA"
11292,DEN,"Denver, CO",14869,SLC,"Salt Lake City, UT"
14730,SDF,"Louisville, KY",11292,DEN,"Denver, CO"
11292,DEN,"Denver, CO",14730,SDF,"Louisville, KY"
14730,SDF,"Louisville, KY",11292,DEN,"Denver, CO"
12478,JFK,"New York, NY",11292,DEN,"Denver, CO"
11292,DEN,"Denver, CO",12478,JFK,"New York, NY"
14869,SLC,"Salt Lake City, UT",11292,DEN,"Denver, CO"
11292,DEN,"Denver, CO",14869,SLC,"Salt Lake City, UT"
11292,DEN,"Denver, CO",10423,AUS,"Austin, TX"
11193,CVG,"Cincinnati, OH",11292,DEN,"Denver, CO"
11292,DEN,"Denver, CO",10721,BOS,"Boston, MA"
11292,DEN,"Denver, CO",11042,CLE,"Cleveland, OH"
14908,SNA,"Santa Ana, CA",11292,DEN,"Denver, CO"
10423,AUS,"Austin, TX",11292,DEN,"Denver, CO"
10721,BOS,"Boston, MA",11292,DEN,"Denver, CO"
11259,DAL,"Dallas, TX",11292,DEN,"Denver, CO"
11292,DEN,"Denver, CO",13891,ONT,"Ontario, CA"
11292,DEN,"Denver, CO",14100,PHL,"Philadelphia, PA"
11292,DEN,"Denver, CO",14570,RNO,"Reno, NV"
10599,BHM,"Birmingham, AL",11292,DEN,"Denver, CO"
13342,MKE,"Milwaukee, WI",11292,DEN,"Denver, CO"
11292,DEN,"Denver, CO",13342,MKE,"Milwaukee, WI"
11292,DEN,"Denver, CO",14730,SDF,"Louisville, KY"
11775,FSD,"Sioux Falls, SD",11292,DEN,"Denver, CO"
11109,COS,"Colorado Springs, CO",12892,LAX,"Los Angeles, CA"
11292,DEN,"Denver, CO",10397,ATL,"Atlanta, GA"
11292,DEN,"Denver, CO",13871,OMA,"Omaha, NE"
10397,ATL,"Atlanta, GA",11292,DEN,"Denver, CO"
11292,DEN,"Denver, CO",13342,MKE,"Milwaukee, WI"
11292,DEN,"Denver, CO",15376,TUS,"Tucson, AZ"
11292,DEN,"Denver, CO",12339,IND,"Indianapolis, IN"
13198,MCI,"Kansas City, MO",11292,DEN,"Denver, CO"
11292,DEN,"Denver, CO",13198,MCI,"Kansas City, MO"
11292,DEN,"Denver, CO",13244,MEM,"Memphis, TN"
12992,LIT,"Little Rock, AR",11292,DEN,"Denver, CO"
11292,DEN,"Denver, CO",11637,FAR,"Fargo, ND"
11298,DFW,"Dallas/Fort Worth, TX",11292,DEN,"Denver, CO"
11292,DEN,"Denver, CO",15376,TUS,"Tucson, AZ"
13342,MKE,"Milwaukee, WI",11292,DEN,"Denver, CO"
13930,ORD,"Chicago, IL",11292,DEN,"Denver, CO"
11292,DEN,"Denver, CO",11298,DFW,"Dallas/Fort Worth, TX"
11697,FLL,"Fort Lauderdale, FL",11292,DEN,"Denver, CO"
11292,DEN,"Denver, CO",11433,DTW,"Detroit, MI"
13029,LNK,"Lincoln, NE",11292,DEN,"Denver, CO"
11433,DTW,"Detroit, MI",11292,DEN,"Denver, CO"
14457,RAP,"Rapid City, SD",11292,DEN,"Denver, CO"
11292,DEN,"Denver, CO",11986,GRR,"Grand Rapids, MI"
11298,DFW,"Dallas/Fort Worth, TX",11292,DEN,"Denver, CO"
11298,DFW,"Dallas/Fort Worth, TX",11292,DEN,"Denver, CO"
11292,DEN,"Denver, CO",12953,LGA,"New York, NY"
11292,DEN,"Denver, CO",13342,MKE,"Milwaukee, WI"
11292,DEN,"Denver, CO",14679,SAN,"San Diego, CA"
11292,DEN,"Denver, CO",14908,SNA,"Santa Ana, CA"
10693,BNA,"Nashville, TN",11292,DEN,"Denver, CO"
14100,PHL,"Philadelphia, PA",11292,DEN,"Denver, CO"
11292,DEN,"Denver, CO",11433,DTW,"Detroit, MI"
11292,DEN,"Denver, CO",11884,GEG,"Spokane, WA"
11292,DEN,"Denver, CO",12264,IAD,"Washington, DC"
11292,DEN,"Denver, CO",14057,PDX,"Portland, OR"
11433,DTW,"Detroit, MI",11292,DEN,"Denver, CO"
12339,IND,"Indianapolis, IN",11292,DEN,"Denver, CO"
11292,DEN,"Denver, CO",12339,IND,"Indianapolis, IN"
11292,DEN,"Denver, CO",10140,ABQ,"Albuquerque, NM"
10140,ABQ,"Albuquerque, NM",11292,DEN,"Denver, CO"
11540,ELP,"El Paso, TX",11292,DEN,"Denver, CO"
10397,ATL,"Atlanta, GA",11292,DEN,"Denver, CO"
11292,DEN,"Denver, CO",11267,DAY,"Dayton, OH"
13930,ORD,"Chicago, IL",11109,COS,"Colorado Springs, CO"
13158,MAF,"Midland/Odessa, TX",11292,DEN,"Denver, CO"
11292,DEN,"Denver, CO",11775,FSD,"Sioux Falls, SD"
11292,DEN,"Denver, CO",15919,XNA,"Fayetteville, AR"
11042,CLE,"Cleveland, OH",11292,DEN,"Denver, CO"
11292,DEN,"Denver, CO",11618,EWR,"Newark, NJ"
14771,SFO,"San Francisco, CA",11292,DEN,"Denver, CO"
12266,IAH,"Houston, TX",11109,COS,"Colorado Springs, CO"
11292,DEN,"Denver, CO",11540,ELP,"El Paso, TX"
11292,DEN,"Denver, CO",14730,SDF,"Louisville, KY"
11292,DEN,"Denver, CO",10397,ATL,"Atlanta, GA"
12478,JFK,"New York, NY",11292,DEN,"Denver, CO"
11292,DEN,"Denver, CO",12478,JFK,"New York, NY"
11292,DEN,"Denver, CO",14457,RAP,"Rapid City, SD"
11292,DEN,"Denver, CO",13158,MAF,"Midland/Odessa, TX"
11292,DEN,"Denver, CO",10821,BWI,"Baltimore, MD"
11298,DFW,"Dallas/Fort Worth, TX",11292,DEN,"Denver, CO"
11986,GRR,"Grand Rapids, MI",11292,DEN,"Denver, CO"
13204,MCO,"Orlando, FL",11292,DEN,"Denver, CO"
13871,OMA,"Omaha, NE",11292,DEN,"Denver, CO"
11292,DEN,"Denver, CO",11618,EWR,"Newark, NJ"
11292,DEN,"Denver, CO",13930,ORD,"Chicago, IL"
11292,DEN,"Denver, CO",10713,BOI,"Boise, ID"
11066,CMH,"Columbus, OH",11292,DEN,"Denver, CO"
13204,MCO,"Orlando, FL",11292,DEN,"Denver, CO"
15304,TPA,"Tampa, FL",11292,DEN,"Denver, CO"
11292,DEN,"Denver, CO",13204,MCO,"Orlando, FL"
11292,DEN,"Denver, CO",13367,MLI,"Moline, IL"
11292,DEN,"Denver, CO",10627,BIS,"Bismarck/Mandan, ND"
10627,BIS,"Bismarck/Mandan, ND",11292,DEN,"Denver, CO"
11292,DEN,"Denver, CO",14771,SFO,"San Francisco, CA"
12953,LGA,"New York, NY",11292,DEN,"Denver, CO"
14570,RNO,"Reno, NV",11292,DEN,"Denver, CO"
14747,SEA,"Seattle, WA",11292,DEN,"Denver, CO"
11292,DEN,"Denver, CO",13029,LNK,"Lincoln, NE"
14057,PDX,"Portland, OR",11292,DEN,"Denver, CO"
11292,DEN,"Denver, CO",14747,SEA,"Seattle, WA"
10713,BOI,"Boise, ID",11292,DEN,"Denver, CO"
11292,DEN,"Denver, CO",11423,DSM,"Des Moines, IA"
11423,DSM,"Des Moines, IA",11292,DEN,"Denver, CO"
11292,DEN,"Denver, CO",12892,LAX,"Los Angeles, CA"
11292,DEN,"Denver, CO",15376,TUS,"Tucson, AZ"
14534,RIW,"Riverton/Lander, WY",11292,DEN,"Denver, CO"
14679,SAN,"San Diego, CA",11292,DEN,"Denver, CO"
11292,DEN,"Denver, CO",10713,BOI,"Boise, ID"
11292,DEN,"Denver, CO",14457,RAP,"Rapid City, SD"
11292,DEN,"Denver, CO",14679,SAN,"San Diego, CA"
11292,DEN,"Denver, CO",11003,CID,"Cedar Rapids/Iowa City, IA"
11003,CID,"Cedar Rapids/Iowa City, IA",11292,DEN,"Denver, CO"
12441,JAC,"Jackson, WY",11292,DEN,"Denver, CO"
12892,LAX,"Los Angeles, CA",11292,DEN,"Denver, CO"
11292,DEN,"Denver, CO",11298,DFW,"Dallas/Fort Worth, TX"
11292,DEN,"Denver, CO",11648,FCA,"Kalispell, MT"
11292,DEN,"Denver, CO",12889,LAS,"Las Vegas, NV"
11292,DEN,"Denver, CO",15016,STL,"St. Louis, MO"
11292,DEN,"Denver, CO",14534,RIW,"Riverton/Lander, WY"
11292,DEN,"Denver, CO",14869,SLC,"Salt Lake City, UT"
10800,BUR,"Burbank, CA",11292,DEN,"Denver, CO"
13851,OKC,"Oklahoma City, OK",11292,DEN,"Denver, CO"
14457,RAP,"Rapid City, SD",11292,DEN,"Denver, CO"
14869,SLC,"Salt Lake City, UT",11292,DEN,"Denver, CO"
11292,DEN,"Denver, CO",13851,OKC,"Oklahoma City, OK"
11648,FCA,"Kalispell, MT",11292,DEN,"Denver, CO"
14893,SMF,"Sacramento, CA",11292,DEN,"Denver, CO"
11292,DEN,"Denver, CO",10821,BWI,"Baltimore, MD"
11292,DEN,"Denver, CO",14747,SEA,"Seattle, WA"
14747,SEA,"Seattle, WA",11292,DEN,"Denver, CO"
14869,SLC,"Salt Lake City, UT",11292,DEN,"Denver, CO"
13244,MEM,"Memphis, TN",11292,DEN,"Denver, CO"
11292,DEN,"Denver, CO",12441,JAC,"Jackson, WY"
11292,DEN,"Denver, CO",14492,RDU,"Raleigh/Durham, NC"
11292,DEN,"Denver, CO",14747,SEA,"Seattle, WA"
10397,ATL,"Atlanta, GA",11292,DEN,"Denver, CO"
11433,DTW,"Detroit, MI",11292,DEN,"Denver, CO"
13204,MCO,"Orlando, FL",11292,DEN,"Denver, CO"
14679,SAN,"San Diego, CA",11292,DEN,"Denver, CO"
11292,DEN,"Denver, CO",13487,MSP,"Minneapolis, MN"
13342,MKE,"Milwaukee, WI",11292,DEN,"Denver, CO"
14679,SAN,"San Diego, CA",11292,DEN,"Denver, CO"
15016,STL,"St. Louis, MO",11292,DEN,"Denver, CO"
11292,DEN,"Denver, CO",14783,SGF,"Springfield, MO"
14492,RDU,"Raleigh/Durham, NC",11292,DEN,"Denver, CO"
13930,ORD,"Chicago, IL",11292,DEN,"Denver, CO"
11292,DEN,"Denver, CO",13930,ORD,"Chicago, IL"
11423,DSM,"Des Moines, IA",11292,DEN,"Denver, CO"
14831,SJC,"San Jose, CA",11292,DEN,"Denver, CO"
11292,DEN,"Denver, CO",14831,SJC,"San Jose, CA"
10721,BOS,"Boston, MA",11292,DEN,"Denver, CO"
13930,ORD,"Chicago, IL",11292,DEN,"Denver, CO"
11292,DEN,"Denver, CO",11433,DTW,"Detroit, MI"
11292,DEN,"Denver, CO",13485,MSN,"Madison, WI"
11292,DEN,"Denver, CO",15016,STL,"St. Louis, MO"
11292,DEN,"Denver, CO",11711,FMN,"Farmington, NM"
11292,DEN,"Denver, CO",12953,LGA,"New York, NY"
11292,DEN,"Denver, CO",13486,MSO,"Missoula, MT"
11292,DEN,"Denver, CO",14489,RDM,"Bend/Redmond, OR"
11618,EWR,"Newark, NJ",11292,DEN,"Denver, CO"
13485,MSN,"Madison, WI",11292,DEN,"Denver, CO"
14100,PHL,"Philadelphia, PA",11292,DEN,"Denver, CO"
11292,DEN,"Denver, CO",11618,EWR,"Newark, NJ"
11292,DEN,"Denver, CO",13204,MCO,"Orlando, FL"
12892,LAX,"Los Angeles, CA",11292,DEN,"Denver, CO"
11292,DEN,"Denver, CO",12892,LAX,"Los Angeles, CA"
12339,IND,"Indianapolis, IN",11292,DEN,"Denver, CO"
11711,FMN,"Farmington, NM",11292,DEN,"Denver, CO"
12478,JFK,"New York, NY",11292,DEN,"Denver, CO"
11292,DEN,"Denver, CO",11433,DTW,"Detroit, MI"
11292,DEN,"Denver, CO",12478,JFK,"New York, NY"
15370,TUL,"Tulsa, OK",11292,DEN,"Denver, CO"
11292,DEN,"Denver, CO",11042,CLE,"Cleveland, OH"
11618,EWR,"Newark, NJ",11292,DEN,"Denver, CO"
11292,DEN,"Denver, CO",14122,PIT,"Pittsburgh, PA"
11433,DTW,"Detroit, MI",11292,DEN,"Denver, CO"
12953,LGA,"New York, NY",11292,DEN,"Denver, CO"
10423,AUS,"Austin, TX",11292,DEN,"Denver, CO"
12441,JAC,"Jackson, WY",11292,DEN,"Denver, CO"
11292,DEN,"Denver, CO",12441,JAC,"Jackson, WY"
11292,DEN,"Denver, CO",10561,BFL,"Bakersfield, CA"
13486,MSO,"Missoula, MT",11292,DEN,"Denver, CO"
14489,RDM,"Bend/Redmond, OR",11292,DEN,"Denver, CO"
11292,DEN,"Denver, CO",13204,MCO,"Orlando, FL"
11292,DEN,"Denver, CO",14057,PDX,"Portland, OR"
11292,DEN,"Denver, CO",11618,EWR,"Newark, NJ"
11109,COS,"Colorado Springs, CO",12266,IAH,"Houston, TX"
14120,PIR,"Pierre, SD",11292,DEN,"Denver, CO"
11413,DRO,"Durango, CO",11292,DEN,"Denver, CO"
11292,DEN,"Denver, CO",11413,DRO,"Durango, CO"
10372,ASE,"Aspen, CO",13930,ORD,"Chicago, IL"
11292,DEN,"Denver, CO",10299,ANC,"Anchorage, AK"
11292,DEN,"Denver, CO",13796,OAK,"Oakland, CA"
11292,DEN,"Denver, CO",14120,PIR,"Pierre, SD"
13930,ORD,"Chicago, IL",10372,ASE,"Aspen, CO"
11292,DEN,"Denver, CO",14869,SLC,"Salt Lake City, UT"
11292,DEN,"Denver, CO",14893,SMF,"Sacramento, CA"
11292,DEN,"Denver, CO",12264,IAD,"Washington, DC"
14877,SLN,"Salina, KS",11292,DEN,"Denver, CO"
11292,DEN,"Denver, CO",14877,SLN,"Salina, KS"
12255,HYS,"Hays, KS",11292,DEN,"Denver, CO"
12519,JMS,"Jamestown, ND",11292,DEN,"Denver, CO"
12888,LAR,"Laramie, WY",11292,DEN,"Denver, CO"
14783,SGF,"Springfield, MO",11292,DEN,"Denver, CO"
11292,DEN,"Denver, CO",12255,HYS,"Hays, KS"
12889,LAS,"Las Vegas, NV",11292,DEN,"Denver, CO"
11292,DEN,"Denver, CO",14679,SAN,"San Diego, CA"
11292,DEN,"Denver, CO",10693,BNA,"Nashville, TN"
11292,DEN,"Denver, CO",15370,TUL,"Tulsa, OK"
11315,DIK,"Dickinson, ND",11292,DEN,"Denver, CO"
11292,DEN,"Denver, CO",11315,DIK,"Dickinson, ND"
11292,DEN,"Denver, CO",10221,AIA,"Alliance, NE"
11292,DEN,"Denver, CO",10925,CDR,"Chadron, NE"
11292,DEN,"Denver, CO",10950,CEZ,"Cortez, CO"
10221,AIA,"Alliance, NE",11292,DEN,"Denver, CO"
10925,CDR,"Chadron, NE",11292,DEN,"Denver, CO"
13200,MCK,"McCook, NE",11292,DEN,"Denver, CO"
15582,VEL,"Vernal, UT",11292,DEN,"Denver, CO"
11292,DEN,"Denver, CO",13200,MCK,"McCook, NE"
11292,DEN,"Denver, CO",15582,VEL,"Vernal, UT"
11267,DAY,"Dayton, OH",11292,DEN,"Denver, CO"
11292,DEN,"Denver, CO",12888,LAR,"Laramie, WY"
11292,DEN,"Denver, CO",12992,LIT,"Little Rock, AR"
10299,ANC,"Anchorage, AK",11292,DEN,"Denver, CO"
11109,COS,"Colorado Springs, CO",11292,DEN,"Denver, CO"
11292,DEN,"Denver, CO",10279,AMA,"Amarillo, TX"
10279,AMA,"Amarillo, TX",11292,DEN,"Denver, CO"
12892,LAX,"Los Angeles, CA",11109,COS,"Colorado Springs, CO"
14893,SMF,"Sacramento, CA",11292,DEN,"Denver, CO"
14057,PDX,"Portland, OR",11292,DEN,"Denver, CO"
11292,DEN,"Denver, CO",12266,IAH,"Houston, TX"
11292,DEN,"Denver, CO",10397,ATL,"Atlanta, GA"
11884,GEG,"Spokane, WA",11292,DEN,"Denver, CO"
13495,MSY,"New Orleans, LA",11292,DEN,"Denver, CO"
14107,PHX,"Phoenix, AZ",11292,DEN,"Denver, CO"
11292,DEN,"Denver, CO",14107,PHX,"Phoenix, AZ"
10950,CEZ,"Cortez, CO",11292,DEN,"Denver, CO"
10397,ATL,"Atlanta, GA",11292,DEN,"Denver, CO"
13502,MTJ,"Montrose/Delta, CO",11292,DEN,"Denver, CO"
11292,DEN,"Denver, CO",13502,MTJ,"Montrose/Delta, CO"
13433,MOT,"Minot, ND",11292,DEN,"Denver, CO"
11292,DEN,"Denver, CO",13433,MOT,"Minot, ND"
14570,RNO,"Reno, NV",11292,DEN,"Denver, CO"
11292,DEN,"Denver, CO",12892,LAX,"Los Angeles, CA"
11292,DEN,"Denver, CO",14570,RNO,"Reno, NV"
11292,DEN,"Denver, CO",14492,RDU,"Raleigh/Durham, NC"
11292,DEN,"Denver, CO",10397,ATL,"Atlanta, GA"
10561,BFL,"Bakersfield, CA",11292,DEN,"Denver, CO"
11865,GCC,"Gillette, WY",11292,DEN,"Denver, CO"
12992,LIT,"Little Rock, AR",11292,DEN,"Denver, CO"
14543,RKS,"Rock Springs, WY",11292,DEN,"Denver, CO"
11292,DEN,"Denver, CO",11865,GCC,"Gillette, WY"
11109,COS,"Colorado Springs, CO",13930,ORD,"Chicago, IL"
11292,DEN,"Denver, CO",14543,RKS,"Rock Springs, WY"
11109,COS,"Colorado Springs, CO",14869,SLC,"Salt Lake City, UT"
11292,DEN,"Denver, CO",10849,BZN,"Bozeman, MT"
10849,BZN,"Bozeman, MT",11292,DEN,"Denver, CO"
12892,LAX,"Los Angeles, CA",11292,DEN,"Denver, CO"
11292,DEN,"Denver, CO",12889,LAS,"Las Vegas, NV"
13891,ONT,"Ontario, CA",11292,DEN,"Denver, CO"
14492,RDU,"Raleigh/Durham, NC",11292,DEN,"Denver, CO"
15304,TPA,"Tampa, FL",11292,DEN,"Denver, CO"
11292,DEN,"Denver, CO",13495,MSY,"New Orleans, LA"
14908,SNA,"Santa Ana, CA",11292,DEN,"Denver, CO"
11292,DEN,"Denver, CO",14908,SNA,"Santa Ana, CA"
12896,LBB,"Lubbock, TX",11292,DEN,"Denver, CO"
11292,DEN,"Denver, CO",12896,LBB,"Lubbock, TX"
11292,DEN,"Denver, CO",13486,MSO,"Missoula, MT"
11292,DEN,"Denver, CO",11092,CNY,"Moab, UT"
11092,CNY,"Moab, UT",11292,DEN,"Denver, CO"
14869,SLC,"Salt Lake City, UT",11109,COS,"Colorado Springs, CO"
12266,IAH,"Houston, TX",11292,DEN,"Denver, CO"
10721,BOS,"Boston, MA",11292,DEN,"Denver, CO"
15376,TUS,"Tucson, AZ",11292,DEN,"Denver, CO"
11292,DEN,"Denver, CO",13487,MSP,"Minneapolis, MN"
13930,ORD,"Chicago, IL",11292,DEN,"Denver, CO"
11292,DEN,"Denver, CO",11122,CPR,"Casper, WY"
13486,MSO,"Missoula, MT",11292,DEN,"Denver, CO"
11292,DEN,"Denver, CO",10721,BOS,"Boston, MA"
10721,BOS,"Boston, MA",11292,DEN,"Denver, CO"
14869,SLC,"Salt Lake City, UT",11292,DEN,"Denver, CO"
11292,DEN,"Denver, CO",14869,SLC,"Salt Lake City, UT"
11292,DEN,"Denver, CO",13198,MCI,"Kansas City, MO"
11109,COS,"Colorado Springs, CO",11292,DEN,"Denver, CO"
14869,SLC,"Salt Lake City, UT",11292,DEN,"Denver, CO"
10372,ASE,"Aspen, CO",12892,LAX,"Los Angeles, CA"
11292,DEN,"Denver, CO",14869,SLC,"Salt Lake City, UT"
14057,PDX,"Portland, OR",11292,DEN,"Denver, CO"
11292,DEN,"Denver, CO",12889,LAS,"Las Vegas, NV"
15016,STL,"St. Louis, MO",11292,DEN,"Denver, CO"
15370,TUL,"Tulsa, OK",11292,DEN,"Denver, CO"
13487,MSP,"Minneapolis, MN",11292,DEN,"Denver, CO"
11122,CPR,"Casper, WY",11292,DEN,"Denver, CO"
15016,STL,"St. Louis, MO",11292,DEN,"Denver, CO"
13303,MIA,"Miami, FL",11292,DEN,"Denver, CO"
11292,DEN,"Denver, CO",14100,PHL,"Philadelphia, PA"
11292,DEN,"Denver, CO",14252,PSC,"Pasco/Kennewick/Richland, WA"
11292,DEN,"Denver, CO",14794,SGU,"St. George, UT"
11292,DEN,"Denver, CO",10620,BIL,"Billings, MT"
10620,BIL,"Billings, MT",11292,DEN,"Denver, CO"
11292,DEN,"Denver, CO",13930,ORD,"Chicago, IL"
11292,DEN,"Denver, CO",11193,CVG,"Cincinnati, OH"
12266,IAH,"Houston, TX",11292,DEN,"Denver, CO"
13204,MCO,"Orlando, FL",11292,DEN,"Denver, CO"
11292,DEN,"Denver, CO",12266,IAH,"Houston, TX"
11292,DEN,"Denver, CO",12892,LAX,"Los Angeles, CA"
12889,LAS,"Las Vegas, NV",11292,DEN,"Denver, CO"
11292,DEN,"Denver, CO",13930,ORD,"Chicago, IL"
12389,ISN,"Williston, ND",11292,DEN,"Denver, CO"
11292,DEN,"Denver, CO",12389,ISN,"Williston, ND"
14107,PHX,"Phoenix, AZ",11292,DEN,"Denver, CO"
11292,DEN,"Denver, CO",13303,MIA,"Miami, FL"
11292,DEN,"Denver, CO",14107,PHX,"Phoenix, AZ"
12892,LAX,"Los Angeles, CA",10372,ASE,"Aspen, CO"
11540,ELP,"El Paso, TX",11292,DEN,"Denver, CO"
14252,PSC,"Pasco/Kennewick/Richland, WA",11292,DEN,"Denver, CO"
14794,SGU,"St. George, UT",11292,DEN,"Denver, CO"
14107,PHX,"Phoenix, AZ",11413,DRO,"Durango, CO"
11292,DEN,"Denver, CO",11540,ELP,"El Paso, TX"
14107,PHX,"Phoenix, AZ",11921,GJT,"Grand Junction, CO"
11413,DRO,"Durango, CO",14107,PHX,"Phoenix, AZ"
11921,GJT,"Grand Junction, CO",14107,PHX,"Phoenix, AZ"
11292,DEN,"Denver, CO",10721,BOS,"Boston, MA"
12889,LAS,"Las Vegas, NV",11292,DEN,"Denver, CO"
11193,CVG,"Cincinnati, OH",11292,DEN,"Denver, CO"
12889,LAS,"Las Vegas, NV",11292,DEN,"Denver, CO"
12892,LAX,"Los Angeles, CA",11292,DEN,"Denver, CO"
14771,SFO,"San Francisco, CA",11292,DEN,"Denver, CO"
11292,DEN,"Denver, CO",12889,LAS,"Las Vegas, NV"
11292,DEN,"Denver, CO",13204,MCO,"Orlando, FL"
11292,DEN,"Denver, CO",14771,SFO,"San Francisco, CA"
11292,DEN,"Denver, CO",12889,LAS,"Las Vegas, NV"
14674,SAF,"Santa Fe, NM",11292,DEN,"Denver, CO"
11292,DEN,"Denver, CO",14674,SAF,"Santa Fe, NM"
14100,PHL,"Philadelphia, PA",11292,DEN,"Denver, CO"
11292,DEN,"Denver, CO",11066,CMH,"Columbus, OH"
13796,OAK,"Oakland, CA",11292,DEN,"Denver, CO"
14747,SEA,"Seattle, WA",11292,DEN,"Denver, CO"
11292,DEN,"Denver, CO",15016,STL,"St. Louis, MO"
11292,DEN,"Denver, CO",10721,BOS,"Boston, MA"
11122,CPR,"Casper, WY",11292,DEN,"Denver, CO"
15376,TUS,"Tucson, AZ",11292,DEN,"Denver, CO"
11292,DEN,"Denver, CO",11122,CPR,"Casper, WY"
11292,DEN,"Denver, CO",15304,TPA,"Tampa, FL"
11292,DEN,"Denver, CO",11921,GJT,"Grand Junction, CO"
11292,DEN,"Denver, CO",12953,LGA,"New York, NY"
11921,GJT,"Grand Junction, CO",11292,DEN,"Denver, CO"
11618,EWR,"Newark, NJ",11292,DEN,"Denver, CO"
12003,GTF,"Great Falls, MT",11292,DEN,"Denver, CO"
11292,DEN,"Denver, CO",12003,GTF,"Great Falls, MT"
12264,IAD,"Washington, DC",11292,DEN,"Denver, CO"
11292,DEN,"Denver, CO",14057,PDX,"Portland, OR"
11292,DEN,"Denver, CO",12266,IAH,"Houston, TX"
11292,DEN,"Denver, CO",14107,PHX,"Phoenix, AZ"
11638,FAT,"Fresno, CA",11292,DEN,"Denver, CO"
11921,GJT,"Grand Junction, CO",11292,DEN,"Denver, CO"
11292,DEN,"Denver, CO",11921,GJT,"Grand Junction, CO"
14771,SFO,"San Francisco, CA",11292,DEN,"Denver, CO"
13487,MSP,"Minneapolis, MN",11292,DEN,"Denver, CO"
11292,DEN,"Denver, CO",14771,SFO,"San Francisco, CA"
11618,EWR,"Newark, NJ",11292,DEN,"Denver, CO"
14107,PHX,"Phoenix, AZ",11292,DEN,"Denver, CO"
13342,MKE,"Milwaukee, WI",11292,DEN,"Denver, CO"
10721,BOS,"Boston, MA",11292,DEN,"Denver, CO"
14457,RAP,"Rapid City, SD",11292,DEN,"Denver, CO"
11292,DEN,"Denver, CO",10627,BIS,"Bismarck/Mandan, ND"
11292,DEN,"Denver, CO",12191,HOU,"Houston, TX"
11292,DEN,"Denver, CO",14679,SAN,"San Diego, CA"
10627,BIS,"Bismarck/Mandan, ND",11292,DEN,"Denver, CO"
13796,OAK,"Oakland, CA",11292,DEN,"Denver, CO"
11292,DEN,"Denver, CO",13851,OKC,"Oklahoma City, OK"
11292,DEN,"Denver, CO",14869,SLC,"Salt Lake City, UT"
12264,IAD,"Washington, DC",11292,DEN,"Denver, CO"
11292,DEN,"Denver, CO",14457,RAP,"Rapid City, SD"
13851,OKC,"Oklahoma City, OK",11292,DEN,"Denver, CO"
14057,PDX,"Portland, OR",11292,DEN,"Denver, CO"
11292,DEN,"Denver, CO",14683,SAT,"San Antonio, TX"
14747,SEA,"Seattle, WA",11292,DEN,"Denver, CO"
11292,DEN,"Denver, CO",11637,FAR,"Fargo, ND"
12953,LGA,"New York, NY",11292,DEN,"Denver, CO"
11292,DEN,"Denver, CO",10272,ALS,"Alamosa, CO"
14288,PUB,"Pueblo, CO",11292,DEN,"Denver, CO"
11292,DEN,"Denver, CO",14288,PUB,"Pueblo, CO"
10272,ALS,"Alamosa, CO",11292,DEN,"Denver, CO"
11292,DEN,"Denver, CO",14057,PDX,"Portland, OR"
11292,DEN,"Denver, CO",13342,MKE,"Milwaukee, WI"
11292,DEN,"Denver, CO",10140,ABQ,"Albuquerque, NM"
11292,DEN,"Denver, CO",14747,SEA,"Seattle, WA"
12266,IAH,"Houston, TX",11292,DEN,"Denver, CO"
11292,DEN,"Denver, CO",14908,SNA,"Santa Ana, CA"
14747,SEA,"Seattle, WA",11292,DEN,"Denver, CO"
14908,SNA,"Santa Ana, CA",11292,DEN,"Denver, CO"
12892,LAX,"Los Angeles, CA",11292,DEN,"Denver, CO"
11292,DEN,"Denver, CO",11278,DCA,"Washington, DC"
11292,DEN,"Denver, CO",12953,LGA,"New York, NY"
11292,DEN,"Denver, CO",14771,SFO,"San Francisco, CA"
11292,DEN,"Denver, CO",13930,ORD,"Chicago, IL"
11637,FAR,"Fargo, ND",11292,DEN,"Denver, CO"
14771,SFO,"San Francisco, CA",11292,DEN,"Denver, CO"
11278,DCA,"Washington, DC",11292,DEN,"Denver, CO"
12191,HOU,"Houston, TX",11292,DEN,"Denver, CO"
13930,ORD,"Chicago, IL",11292,DEN,"Denver, CO"
14683,SAT,"San Antonio, TX",11292,DEN,"Denver, CO"
12953,LGA,"New York, NY",11292,DEN,"Denver, CO"
11292,DEN,"Denver, CO",12892,LAX,"Los Angeles, CA"
11292,DEN,"Denver, CO",12264,IAD,"Washington, DC"
10140,ABQ,"Albuquerque, NM",11292,DEN,"Denver, CO"
10800,BUR,"Burbank, CA",11292,DEN,"Denver, CO"
12339,IND,"Indianapolis, IN",11292,DEN,"Denver, CO"
11292,DEN,"Denver, CO",10800,BUR,"Burbank, CA"
11292,DEN,"Denver, CO",12953,LGA,"New York, NY"
13871,OMA,"Omaha, NE",11292,DEN,"Denver, CO"
11292,DEN,"Denver, CO",13871,OMA,"Omaha, NE"
12191,HOU,"Houston, TX",11292,DEN,"Denver, CO"
10821,BWI,"Baltimore, MD",11292,DEN,"Denver, CO"
11292,DEN,"Denver, CO",10397,ATL,"Atlanta, GA"
11292,DEN,"Denver, CO",14869,SLC,"Salt Lake City, UT"
11618,EWR,"Newark, NJ",11292,DEN,"Denver, CO"
14869,SLC,"Salt Lake City, UT",11921,GJT,"Grand Junction, CO"
15016,STL,"St. Louis, MO",11292,DEN,"Denver, CO"
11921,GJT,"Grand Junction, CO",14869,SLC,"Salt Lake City, UT"
11292,DEN,"Denver, CO",13204,MCO,"Orlando, FL"
14771,SFO,"San Francisco, CA",11292,DEN,"Denver, CO"
11292,DEN,"Denver, CO",14771,SFO,"San Francisco, CA"
13204,MCO,"Orlando, FL",11292,DEN,"Denver, CO"
11292,DEN,"Denver, CO",10693,BNA,"Nashville, TN"
11292,DEN,"Denver, CO",12280,IDA,"Idaho Falls, ID"
11292,DEN,"Denver, CO",14831,SJC,"San Jose, CA"
12892,LAX,"Los Angeles, CA",11292,DEN,"Denver, CO"
12280,IDA,"Idaho Falls, ID",11292,DEN,"Denver, CO"
10821,BWI,"Baltimore, MD",11292,DEN,"Denver, CO"
11921,GJT,"Grand Junction, CO",11298,DFW,"Dallas/Fort Worth, TX"
11298,DFW,"Dallas/Fort Worth, TX",11413,DRO,"Durango, CO"
11298,DFW,"Dallas/Fort Worth, TX",11921,GJT,"Grand Junction, CO"
11292,DEN,"Denver, CO",12892,LAX,"Los Angeles, CA"
11413,DRO,"Durango, CO",11298,DFW,"Dallas/Fort Worth, TX"
11292,DEN,"Denver, CO",13796,OAK,"Oakland, CA"
11292,DEN,"Denver, CO",11109,COS,"Colorado Springs, CO"
11292,DEN,"Denver, CO",14747,SEA,"Seattle, WA"
13930,ORD,"Chicago, IL",11292,DEN,"Denver, CO"
11292,DEN,"Denver, CO",13930,ORD,"Chicago, IL"
11292,DEN,"Denver, CO",14747,SEA,"Seattle, WA"
11292,DEN,"Denver, CO",12191,HOU,"Houston, TX"
10693,BNA,"Nashville, TN",11292,DEN,"Denver, CO"
14771,SFO,"San Francisco, CA",11292,DEN,"Denver, CO"
10397,ATL,"Atlanta, GA",11292,DEN,"Denver, CO"
11292,DEN,"Denver, CO",14747,SEA,"Seattle, WA"
11292,DEN,"Denver, CO",11618,EWR,"Newark, NJ"
14747,SEA,"Seattle, WA",11292,DEN,"Denver, CO"
11292,DEN,"Denver, CO",11638,FAT,"Fresno, CA"
14771,SFO,"San Francisco, CA",11292,DEN,"Denver, CO"
11292,DEN,"Denver, CO",15016,STL,"St. Louis, MO"
11292,DEN,"Denver, CO",12339,IND,"Indianapolis, IN"
14747,SEA,"Seattle, WA",11292,DEN,"Denver, CO"
11292,DEN,"Denver, CO",14679,SAN,"San Diego, CA"
10423,AUS,"Austin, TX",11292,DEN,"Denver, CO"
14831,SJC,"San Jose, CA",11292,DEN,"Denver, CO"
14869,SLC,"Salt Lake City, UT",11292,DEN,"Denver, CO"
11292,DEN,"Denver, CO",10423,AUS,"Austin, TX"
11292,DEN,"Denver, CO",11413,DRO,"Durango, CO"
11413,DRO,"Durango, CO",11292,DEN,"Denver, CO"
14893,SMF,"Sacramento, CA",11292,DEN,"Denver, CO"
11292,DEN,"Denver, CO",13232,MDW,"Chicago, IL"
11292,DEN,"Denver, CO",14771,SFO,"San Francisco, CA"
11292,DEN,"Denver, CO",14893,SMF,"Sacramento, CA"
11298,DFW,"Dallas/Fort Worth, TX",11109,COS,"Colorado Springs, CO"
11109,COS,"Colorado Springs, CO",11298,DFW,"Dallas/Fort Worth, TX"
13232,MDW,"Chicago, IL",11292,DEN,"Denver, CO"
11292,DEN,"Denver, CO",14771,SFO,"San Francisco, CA"
11292,DEN,"Denver, CO",10821,BWI,"Baltimore, MD"
11292,DEN,"Denver, CO",11109,COS,"Colorado Springs, CO"
11292,DEN,"Denver, CO",12266,IAH,"Houston, TX"
13487,MSP,"Minneapolis, MN",11292,DEN,"Denver, CO"
14679,SAN,"San Diego, CA",11292,DEN,"Denver, CO"
11292,DEN,"Denver, CO",13487,MSP,"Minneapolis, MN"
11109,COS,"Colorado Springs, CO",11292,DEN,"Denver, CO"
11292,DEN,"Denver, CO",12264,IAD,"Washington, DC"
11292,DEN,"Denver, CO",12892,LAX,"Los Angeles, CA"
12892,LAX,"Los Angeles, CA",11292,DEN,"Denver, CO"
14908,SNA,"Santa Ana, CA",11292,DEN,"Denver, CO"
11292,DEN,"Denver, CO",14908,SNA,"Santa Ana, CA"
11292,DEN,"Denver, CO",10397,ATL,"Atlanta, GA"
14869,SLC,"Salt Lake City, UT",11292,DEN,"Denver, CO"
13232,MDW,"Chicago, IL",11292,DEN,"Denver, CO"
10397,ATL,"Atlanta, GA",11292,DEN,"Denver, CO"
12264,IAD,"Washington, DC",11292,DEN,"Denver, CO"
13487,MSP,"Minneapolis, MN",11292,DEN,"Denver, CO"
11292,DEN,"Denver, CO",13487,MSP,"Minneapolis, MN"
11292,DEN,"Denver, CO",13232,MDW,"Chicago, IL"
11259,DAL,"Dallas, TX",11292,DEN,"Denver, CO"
11292,DEN,"Denver, CO",14869,SLC,"Salt Lake City, UT"
11292,DEN,"Denver, CO",11259,DAL,"Dallas, TX"
12266,IAH,"Houston, TX",11292,DEN,"Denver, CO"
11292,DEN,"Denver, CO",12892,LAX,"Los Angeles, CA"
12892,LAX,"Los Angeles, CA",11292,DEN,"Denver, CO"
11292,DEN,"Denver, CO",10372,ASE,"Aspen, CO"
10372,ASE,"Aspen, CO",11292,DEN,"Denver, CO"
11292,DEN,"Denver, CO",13198,MCI,"Kansas City, MO"
11292,DEN,"Denver, CO",11057,CLT,"Charlotte, NC"
11057,CLT,"Charlotte, NC",11292,DEN,"Denver, CO"
13198,MCI,"Kansas City, MO",11292,DEN,"Denver, CO"
14107,PHX,"Phoenix, AZ",11292,DEN,"Denver, CO"
11292,DEN,"Denver, CO",14107,PHX,"Phoenix, AZ"
11292,DEN,"Denver, CO",12889,LAS,"Las Vegas, NV"
11292,DEN,"Denver, CO",13930,ORD,"Chicago, IL"
11298,DFW,"Dallas/Fort Worth, TX",11292,DEN,"Denver, CO"
13930,ORD,"Chicago, IL",11292,DEN,"Denver, CO"
12889,LAS,"Las Vegas, NV",11292,DEN,"Denver, CO"
11292,DEN,"Denver, CO",11298,DFW,"Dallas/Fort Worth, TX"
