DEST,ORIGIN
DEN,LGB
SFO,DEN
DEN,SFO
APA,DSM
DIK,DEN
ISN,DEN
DEN,DIK
STL,EGE
EGE,STL
EGE,USA
DEN,ATL
GSP,DEN
VCV,COS
COS,LAS
BUR,ASE
EGE,BUR
BUR,EGE
ASE,SLC
PHX,DEN
DEN,PHL
COS,ATL
DEN,ATL
DEN,ATL
ATL,COS
DFW,COS
DEN,CPR
ATL,DEN
ATL,DEN
ATL,DEN
CVG,DEN
DTW,DEN
FSD,DEN
LAS,DEN
SAN,DEN
SLC,DEN
DEN,DTW
DEN,MSP
DEN,OKC
DEN,SFO
DEN,SLC
DEN,BDL
YIP,COS
COS,OAK
DEN,BFF
CLE,DEN
JAN,DEN
LAX,DEN
MIA,DEN
RIC,DEN
DEN,MKC
SFO,DEN
DEN,COS
DEN,CYS
DEN,CYS
COS,DAL
BUF,DEN
CRP,DEN
ECP,DEN
GPT,DEN
GSP,DEN
LBB,DEN
LIT,DEN
COS,SJC
DEN,COS
AUS,APA
ORD,APA
SJC,APA
APA,AUS
APA,CMH
ASE,SGR
LAS,DEN
DEN,AZA
DEN,BRO
OAK,DEN
PTK,DEN
SLC,DEN
GJT,ENV
ENV,GJT
DEN,ROC
DEN,TUL
OAK,DEN
DEN,DPA
MKE,DEN
DEN,RNO
IFP,DEN
IFP,FNL
DEN,IFP
FNL,IFP
MTJ,IFP
PUB,IFP
IFP,MTJ
IFP,PUB
PUB,GAD
OAK,PUB
DEN,CVG
CVG,DEN
DEN,COS
COS,SEA
DEN,BFF
OKC,DEN
DEN,APA
DEN,BFF
DEN,DDC
BFF,DEN
DDC,DEN
DEN,DEN
EAR,DEN
LBF,DEN
LBL,DEN
DEN,EAR
DEN,LBF
APA,LBL
DEN,LBL
PGA,DEN
FMN,PUB
DEN,DEN
DEN,BFF
ATY,DEN
ISN,DEN
DEN,ISN
LAS,GJT
GJT,LAS
DEN,COS
DFW,COS
ICT,COS
BOS,DEN
LAX,DEN
LIT,DEN
DEN,MCO
COS,ORD
DEN,RDU
DEN,SFO
COS,SLC
LAX,DEN
MSP,DEN
MSP,DEN
SLC,DEN
DEN,DTW
DEN,MSP
DEN,MSP
TUL,DEN
DEN,GRR
DEN,COD
LIT,COS
MSO,COS
TUS,COS
DEN,CPR
COS,DCA
ABQ,DEN
ATL,DEN
AUS,DEN
CID,DEN
COD,DEN
CPR,DEN
DFW,DEN
GRR,DEN
IAH,DEN
JAC,DEN
LIT,DEN
MFR,DEN
OMA,DEN
ORD,DEN
RDM,DEN
SAN,DEN
SDF,DEN
SFO,DEN
SFO,DEN
SNA,DEN
SUN,DEN
COS,DFW
LAX,GJT
DEN,IAH
DEN,JAC
DEN,LAR
DEN,LAX
DEN,LIT
DEN,MFR
COS,MSO
DEN,ORD
DEN,PDX
GJT,PSC
DEN,SAN
DEN,SAT
COS,SGU
DEN,SMF
DEN,SNA
DEN,ABQ
DEN,BDL
DEN,BOS
DEN,BZN
ABQ,DEN
BIL,DEN
BOS,DEN
BZN,DEN
CVG,DEN
DTW,DEN
FLL,DEN
IAD,DEN
IAH,DEN
LAS,DEN
MCI,DEN
MCO,DEN
ORD,DEN
PHL,DEN
PSP,DEN
RIC,DEN
RNO,DEN
SLC,DEN
STL,DEN
STL,DEN
TUL,DEN
DEN,IAD
DEN,IAH
DEN,IAH
DEN,MCI
DEN,MCO
DEN,PSP
DEN,PSP
DEN,RIC
DEN,RNO
DEN,SAT
DEN,SBA
DEN,SFO
DEN,SFO
DEN,SNA
DEN,STL
DEN,STL
DEN,TUL
DEN,CHS
DEN,CLE
ABQ,DEN
BOI,DEN
DTW,DEN
GRR,DEN
MKE,DEN
PDX,DEN
PHL,DEN
RNO,DEN
RSW,DEN
TUL,DEN
DEN,DTW
DEN,GRR
DEN,MSY
DEN,PIT
DEN,RNO
DEN,RSW
DEN,SMF
DEN,ATL
DEN,COS
CLE,DEN
COS,DEN
DSM,DEN
ICT,DEN
OMA,DEN
SLC,DEN
DEN,ICT
DEN,SDF
DEN,TUL
DEN,CVG
CMH,DEN
DTW,DEN
IAH,DEN
IND,DEN
MCO,DEN
MCO,DEN
MSO,DEN
ORD,DEN
ORD,DEN
PHX,DEN
STL,DEN
TYS,DEN
DEN,DTW
DEN,IAD
DEN,IAH
DEN,IND
DEN,MCO
DEN,MSO
DEN,ORD
DEN,PHX
DEN,STL
DEN,TPA
DEN,TYS
DFW,DEN
IND,DEN
MCI,DEN
MSY,DEN
SLC,DEN
TUS,DEN
SLC,GJT
DEN,IND
DEN,MCI
GJT,MEM
DEN,OAK
DTW,DEN
DEN,IAH
LAW,MTJ
DRO,DEN
DEN,DRO
DEN,GRR
MTJ,DFW
DFW,MTJ
SLN,DEN
DEN,SLN
STL,COS
COS,DEN
DEN,IAH
GUC,IAH
BFI,DEN
LAS,DEN
SDF,DEN
DEN,SLC
DEN,SLC
PDX,DEN
DEN,LAX
DEN,PHL
MSP,DEN
MSP,DEN
DEN,SLC
GRR,DEN
DEN,DSM
DEN,COS
COS,DEN
GJT,DEN
GTF,DEN
PDX,DEN
SAT,DEN
COS,FAT
ASE,GJT
DEN,GJT
DFW,GJT
DEN,GTF
GJT,ORD
DEN,SAN
DEN,XNA
DEN,ATL
DEN,CVG
DEN,DCA
ATL,DEN
BOS,DEN
DCA,DEN
GEG,DEN
ICT,DEN
RDU,DEN
SBA,DEN
TPA,DEN
TUS,DEN
DEN,EUG
DEN,EWR
DEN,GEG
DEN,GRR
DEN,ICT
DEN,LAS
DEN,TPA
DEN,TUS
DEN,BOI
ABQ,DEN
BWI,DEN
CHS,DEN
CMH,DEN
GEG,DEN
SDF,DEN
SLC,DEN
DEN,GEG
DEN,PDX
DEN,SAN
DEN,SEA
DEN,SJC
DEN,CMH
BHM,DEN
CMH,DEN
MSP,DEN
TUL,DEN
DEN,OKC
MSN,DEN
MSP,DEN
RDU,DEN
SAT,DEN
DEN,MSN
DEN,RDU
DEN,SAT
BIL,DEN
ELP,DEN
DEN,CVG
CVG,DEN
SLC,DEN
DEN,DFW
DEN,BZN
BZN,DEN
MSP,DEN
SDF,DEN
DEN,MLI
DEN,SDF
DEN,ABQ
DEN,AMA
DEN,BZN
AMA,DEN
BZN,DEN
CVG,DEN
DAY,DEN
GRR,DEN
LBB,DEN
MTJ,DEN
ONT,DEN
PHX,DEN
PSP,DEN
RDM,DEN
SAT,DEN
TUL,DEN
DEN,DSM
GJT,LAX
DEN,LBB
DEN,MTJ
DEN,ONT
DEN,PHX
DEN,RAP
DEN,BUR
DEN,BWI
DEN,CLT
ATL,DEN
EWR,DEN
MCI,DEN
PSP,DEN
DEN,OKC
DEN,ORD
DEN,PSP
DEN,RDU
DEN,ABQ
DEN,ALB
DEN,ATL
DEN,BDL
CHS,DEN
IND,DEN
LGB,DEN
MCI,DEN
MSY,DEN
MSY,DEN
OMA,DEN
ONT,DEN
ORF,DEN
SAT,DEN
SEA,DEN
SJC,DEN
SMF,DEN
TUS,DEN
DEN,IND
DEN,LGB
DEN,MSY
DEN,OMA
DEN,ONT
DEN,ORF
DEN,ABQ
DEN,BHM
DEN,CLE
ABQ,DEN
BNA,DEN
ELP,DEN
MEM,DEN
OKC,DEN
XNA,DEN
DEN,DFW
DEN,DSM
DEN,MEM
DEN,MSP
DEN,MSY
DEN,OMA
DEN,SAT
DEN,XNA
DEN,CID
CID,DEN
IND,DEN
DEN,IND
DEN,MSP
DEN,BIL
BIL,DEN
SGF,DEN
SHV,DEN
TUS,DEN
DEN,MCI
DEN,SHV
DEN,TUS
COS,ORD
DEN,ONT
LAX,GJT
GJT,LAX
DFW,DEN
DEN,DFW
DEN,ABQ
ABQ,DEN
DFW,DEN
DEN,DFW
GEG,DEN
MSO,DEN
MSP,DEN
SGF,DEN
LAX,DRO
DEN,GEG
DRO,LAX
DEN,MCI
DEN,MSO
DEN,MSP
DEN,OMA
DEN,SGF
DEN,ATL
DEN,BZN
DEN,CID
DEN,CMH
DEN,CMH
DEN,CVG
BOI,DEN
BZN,DEN
CLT,DEN
CMH,DEN
CMH,DEN
EUG,DEN
FCA,DEN
LIH,DEN
MSN,DEN
MSY,DEN
PHL,DEN
PHL,DEN
RNO,DEN
SFO,DEN
DEN,DTW
DEN,FCA
DEN,LIH
DEN,MSN
DEN,RNO
DEN,ABQ
DEN,CHS
AUS,DEN
ORF,DEN
SAN,DEN
SAT,DEN
SJC,DEN
DEN,MKE
DEN,MSP
DEN,ORF
DEN,SAT
DEN,SLC
DEN,TUS
IND,DEN
SAT,DEN
DEN,ELP
DEN,SLC
MKE,DEN
SNA,DEN
DEN,MKE
DEN,SNA
MSP,DEN
ICT,DEN
DEN,ICT
ORD,MTJ
MTJ,ORD
BUR,DEN
SDF,DEN
SLC,DEN
DEN,SLC
CID,DEN
IND,DEN
DEN,IND
DEN,BIL
ATL,DEN
BIL,DEN
CLE,DEN
DRO,DEN
FCA,DEN
ICT,DEN
MCI,DEN
MEM,DEN
MOT,DEN
OMA,DEN
SBA,DEN
DEN,DRO
DEN,MCI
DEN,MEM
DEN,PSP
DEN,SLC
DEN,BOI
DEN,CLT
BWI,DEN
CID,DEN
CLT,DEN
CVG,DEN
EWR,DEN
GEG,DEN
MFR,DEN
ONT,DEN
SJC,DEN
SMF,DEN
TUS,DEN
DEN,FLL
DEN,GEG
DEN,MCI
DEN,OKC
DEN,ONT
DEN,PDX
DEN,SEA
DEN,SJC
DEN,TUS
DEN,BNA
LGB,DEN
MSP,DEN
STL,DEN
DEN,HOU
DEN,LGB
DEN,OKC
DEN,PIT
DEN,STL
DEN,STL
PHX,DEN
DEN,PHX
DEN,MSP
CID,DEN
DEN,CYS
CYS,DEN
MEM,DEN
DEN,MSP
ORD,MTJ
MTJ,ORD
DEN,ATL
DEN,CLE
LAX,COS
CLT,DEN
MFR,DEN
OTH,DEN
DEN,DSM
DEN,FCA
DEN,ICT
DEN,MEM
DEN,MOT
DEN,OTH
DEN,RDM
DEN,SBA
DEN,TUL
DEN,TUS
DEN,AUS
DTW,DEN
GRR,DEN
IND,DEN
MCI,DEN
MKE,DEN
MSY,DEN
DEN,EWR
DEN,IND
DEN,IND
DEN,MFR
DEN,MKE
DEN,PHL
FLL,DEN
JAX,DEN
MCI,DEN
OAK,DEN
OKC,DEN
DEN,JAX
DEN,SFO
DEN,SLC
DEN,ATL
ATL,DEN
DFW,DEN
OMA,DEN
SDF,DEN
GJT,COS
MEM,DEN
MEM,DEN
COS,GJT
DEN,MEM
FSD,DEN
LAS,GJT
GJT,LAS
TYS,DEN
DEN,TYS
DEN,AUS
DEN,BFL
DEN,CLT
GJT,DEN
RIC,DEN
DEN,RIC
DEN,BIL
DEN,BOI
DEN,BUR
BIL,DEN
BOI,DEN
BUR,DEN
DSM,DEN
EUG,DEN
EUG,DEN
MKE,DEN
OKC,DEN
PIT,DEN
SLC,DEN
DEN,DSM
DEN,EUG
DEN,MCI
DEN,MKE
DEN,PHL
DEN,PIT
DEN,TUL
DEN,AUS
DEN,CLE
EWR,DEN
PNS,DEN
RDU,DEN
DEN,PNS
DEN,TUL
DEN,CID
HDN,DEN
DEN,FSD
SDF,DEN
DEN,SDF
PHX,DEN
DEN,PHX
CLE,DEN
DEN,CVG
TUS,DEN
DEN,OKC
DEN,AUS
AUS,DEN
BDL,DEN
DTW,DEN
FLL,DEN
LGA,DEN
MSN,DEN
MSP,DEN
SEA,DEN
TUL,DEN
DEN,EUG
DEN,MSY
DEN,SLC
GEG,DEN
HOU,DEN
LAX,DEN
OKC,DEN
PHX,DEN
SFO,DEN
DEN,LAS
DEN,MCI
DEN,RDU
DEN,BNA
SFO,COS
COS,SFO
OAK,DEN
GUC,DEN
DEN,GUC
DEN,HDN
COS,AZA
AZA,COS
LAS,COS
LAX,GJT
COS,LAS
GJT,LAX
DEN,BKG
BKG,DEN
CID,DEN
FCA,DEN
OKC,DEN
OKC,DEN
DEN,FCA
DEN,GJT
DEN,MFR
DEN,BWI
IND,DEN
PDX,DEN
DEN,DTW
DEN,EUG
DEN,IND
DEN,MSN
ATL,DEN
BDL,DEN
DEN,IND
DEN,MSP
DEN,SAT
DCA,DEN
DEN,SDF
DEN,CMH
BUR,DEN
CMH,DEN
TUS,DEN
DEN,STL
DEN,BDL
BWI,DEN
DSM,DEN
FSD,DEN
PSP,DEN
DEN,DSM
DEN,IAD
DEN,MSY
DEN,ONT
DEN,PSP
CLE,DEN
LAS,DEN
MSP,DEN
SDF,DEN
DEN,OKC
DEN,SDF
DEN,SFO
COS,IAH
DEN,DCA
DSM,DEN
DEN,DSM
MEM,DEN
DEN,MEM
TUL,DEN
DEN,TUL
TEX,DEN
DEN,TEX
PHX,CEZ
CEZ,PHX
LGA,DEN
DEN,OKC
DEN,BWI
EUG,DEN
IAD,DEN
MSY,DEN
OMA,DEN
ONT,DEN
SMF,DEN
DEN,FSD
IAD,DEN
DEN,LAX
DEN,MCI
DEN,PHX
LAX,COS
COS,LAX
GRR,DEN
JFK,DEN
DEN,JFK
SAT,DEN
DEN,SAT
EUG,DEN
MSP,DEN
RDU,DEN
SEA,DEN
DEN,DFW
DEN,MKE
DEN,MSP
DEN,SMF
BNA,DEN
GJT,FAT
DEN,SGF
DEN,CVG
CVG,DEN
DEN,LGA
SLC,DEN
DEN,MLI
BIL,DEN
DSM,DEN
MKE,DEN
OMA,DEN
ONT,DEN
TPA,DEN
DEN,MCO
DEN,RDU
DEN,SAN
DEN,BZN
DEN,CID
BZN,DEN
CID,DEN
GSO,DEN
SEA,DEN
DEN,GSO
DEN,SEA
DEN,OAK
DEN,CID
DEN,BIL
AUS,DEN
SAN,DEN
DEN,DSM
DEN,IAH
DEN,OMA
DEN,ONT
DEN,SJC
DEN,DAL
DEN,FLL
DEN,BNA
BNA,DEN
SEA,COS
DEN,EUG
COS,SEA
DEN,ABQ
PIT,DEN
DEN,OMA
DEN,PIT
DEN,DSM
MSN,DEN
DEN,MSN
MEM,DEN
GTF,DEN
XNA,DEN
DEN,XNA
SEA,COS
COS,SEA
DEN,DTW
MLI,DEN
ABQ,DEN
DEN,LAS
DEN,LGA
DEN,SEA
DEN,SMF
DEN,MEM
DEN,BNA
BNA,DEN
MSO,DEN
TYS,DEN
DEN,MSO
DEN,TYS
FAT,GJT
MEM,GJT
DEN,MEM
DEN,MEM
GJT,MEM
DEN,GTF
DEN,LIT
PHX,CEZ
CEZ,PHX
MSP,DEN
DEN,DTW
DEN,TUL
DEN,ABQ
MCI,DEN
PSP,DEN
DEN,ELP
DEN,PSP
DEN,CMH
ABQ,DEN
CLE,DEN
IND,DEN
LAS,DEN
DEN,MFR
DEN,MSY
DEN,PIT
DEN,SJC
DAL,DEN
PDX,DEN
SEA,DEN
DEN,PDX
DEN,SEA
MLI,DEN
ELP,DEN
EUG,DEN
XNA,DEN
DEN,EUG
DEN,ICT
DEN,ABQ
BWI,DEN
CMH,DEN
IAH,DEN
PIT,DEN
SJC,DEN
SJC,DEN
SLC,DEN
STL,DEN
DEN,SLC
DEN,TPA
LAS,DEN
TUL,DEN
DEN,COS
COS,DEN
DEN,DSM
DEN,BIL
BIL,DEN
ONT,DEN
DEN,ONT
DEN,RFD
ICT,DEN
SDF,DEN
DEN,RAP
DEN,BDL
DEN,BZN
BZN,DEN
MFR,DEN
MSY,DEN
PHX,DEN
RNO,DEN
SAT,DEN
SFO,DEN
DEN,FSD
DEN,GEG
DEN,RNO
DEN,SFO
DEN,TPA
DEN,ABQ
ABQ,DEN
CLE,DEN
SLC,DEN
DEN,MCI
ORD,COS
DEN,AFW
AFW,DEN
DEN,MEM
DEN,ATL
MLI,DEN
MSY,DEN
SLC,ASE
DEN,DAY
MCI,DEN
XNA,DEN
DEN,DFW
DEN,FAT
DEN,PHX
DEN,SAT
DEN,AUS
DEN,CLT
CLT,DEN
FSD,DEN
FSD,DEN
GEG,DEN
MCI,DEN
OKC,DEN
PIT,DEN
SAN,DEN
SAT,DEN
DEN,FSD
CLE,DEN
DSM,DEN
DEN,DSM
COS,ORD
DEN,MSP
ICT,DEN
DEN,BOI
ABQ,DEN
STL,DEN
ASE,SLC
DEN,ATL
FLL,DEN
MSP,DEN
ONT,DEN
PDX,DEN
SEA,DEN
SJC,DEN
TPA,DEN
DEN,GRR
DEN,MCI
DEN,ONT
DEN,PHL
DEN,PIT
DEN,STL
DEN,TPA
BDL,DEN
RNO,DEN
SDF,DEN
SLC,DEN
MCI,DEN
DRO,ABQ
DRO,FMN
CVG,DEN
DEN,HDN
DEN,SGF
SFO,ASE
DEN,AUS
DEN,DVL
DEN,LIT
DEN,LNK
BDL,DEN
OMA,DEN
RIC,DEN
SBA,DEN
SFO,DEN
DEN,FLL
DEN,MSP
DEN,MSY
DEN,OMA
DEN,PDX
DEN,RIC
DEN,SAT
DEN,SBA
DEN,CLE
CMH,DEN
LGA,DEN
CMH,DEN
DEN,BIS
BIS,DEN
DRO,ABQ
MEM,COS
DRO,FMN
CPR,HDN
COS,MEM
RNO,DEN
HDN,DEN
OMA,DEN
RAP,DEN
DEN,ABQ
DEN,ATL
DEN,BUR
DEN,CVG
ABQ,DEN
DFW,DEN
FAT,DEN
PHX,DEN
DEN,FSD
DEN,MCI
DEN,MFR
DEN,SBP
ASE,SFO
DEN,BOI
BOI,DEN
JAC,DEN
DEN,OKC
DEN,OKC
DEN,PHL
DEN,PHX
DEN,SFO
DEN,CHS
BOI,DEN
CHS,DEN
DEN,DTW
DEN,SDF
DEN,TUS
DEN,CMH
DEN,MAF
TYS,DEN
DEN,TYS
MTJ,IAH
IAH,MTJ
DEN,CVG
CVG,DEN
SGF,DEN
DEN,ICT
DEN,BUR
SBP,DEN
ASE,IAH
DEN,TUL
DEN,BOI
AUS,DEN
AUS,DEN
DFW,DEN
FLL,DEN
ICT,DEN
KOA,DEN
OGG,DEN
TPA,DEN
DEN,FLL
DEN,ICT
DEN,JAC
DEN,KOA
DEN,OGG
DEN,TUL
DEN,BOI
JAX,DEN
DEN,JAX
DEN,ONT
DEN,SJC
DEN,AUS
MAF,DEN
DEN,SDF
DEN,TUL
FSD,DEN
DEN,FSD
HDN,CPR
IAH,COS
CEZ,DEN
DEN,CVG
MFR,DEN
DEN,PSP
DEN,BOS
DEN,CLT
ATL,DEN
BOI,DEN
CLT,DEN
SFO,DEN
DEN,DFW
DEN,MSP
DEN,SMF
DEN,DAL
DEN,SMF
OKC,DEN
SLC,DEN
STL,DEN
COS,LAS
DEN,SLC
DEN,STL
ABQ,DRO
DEN,MEM
DEN,OKC
IAH,ASE
DEN,BNA
BHM,DEN
FSD,DEN
PSP,DEN
SHV,DEN
DEN,DSM
DEN,ISN
DEN,OMA
DEN,SHV
TUL,DEN
DEN,PHX
DEN,SJC
DEN,AUS
PHL,DEN
PIT,DEN
DEN,FLL
DEN,GEG
LAS,COS
IND,DEN
LAS,DEN
DEN,IND
DEN,LAS
ABQ,DRO
MSP,DEN
DEN,MSP
MCI,DEN
MTJ,DEN
DEN,MTJ
ALS,ABQ
ABQ,ALS
DEN,CEZ
MCI,DEN
MSO,DEN
DEN,OMA
DEN,BNA
BNA,DEN
ISN,DEN
LNK,DEN
OMA,DEN
COS,LAX
BWI,DEN
PHX,DEN
SAT,DEN
SMF,DEN
DEN,PHX
DEN,SAT
DEN,ALB
DEN,BDL
DEN,BOS
DTW,DEN
DEN,RNO
DEN,COS
AUS,DEN
MEM,DEN
PHL,DEN
PHX,DEN
DFW,EGE
DEN,LAX
DEN,MIA
DEN,PHX
DTW,DEN
OKC,DEN
DEN,MSO
DEN,BHM
ORD,COS
LNK,DEN
DEN,LNK
DEN,AUS
DEN,DCA
DCA,DEN
PIT,DEN
RDU,DEN
SAT,DEN
DEN,PDX
DEN,RDU
DEN,SAT
DTW,DEN
FLL,DEN
DEN,FLL
DEN,IAH
DFW,MTJ
FAR,DEN
ORD,COS
LAX,DEN
MIA,DEN
EGE,DFW
DFW,ASE
ICT,DEN
ASE,DFW
ATL,DEN
GEG,DEN
LAX,DEN
PHX,DEN
SFO,DEN
DEN,LAX
GRR,DEN
IND,DEN
DEN,EWR
DEN,GRR
DEN,BHM
DEN,ATL
CMH,DEN
PDX,DEN
SAN,DEN
DEN,IAD
DEN,SAN
IAH,DEN
LAX,DEN
SAN,DEN
DEN,DFW
DEN,DTW
DEN,LAX
DEN,MSP
DEN,SAN
MTJ,DFW
PHX,MTJ
MTJ,PHX
SEA,DEN
DEN,SEA
DEN,COD
COD,DEN
PHX,DEN
DEN,PHX
COS,ATL
ATL,COS
DEN,DTW
EGE,DEN
DEN,EGE
DEN,BZN
IAH,COS
BOI,DEN
BOI,DEN
FAT,DEN
HLN,DEN
DEN,HLN
COS,IAH
DEN,JMS
HNL,DEN
DEN,GEG
DEN,HNL
DEN,IAH
DEN,ICT
DEN,IND
DEN,SEA
ALB,DEN
SMF,DEN
DEN,PHL
DEN,TPA
BNA,DEN
DEN,AUS
DEN,CLE
DEN,CLT
DEN,CMH
MCO,COS
PHX,COS
ATL,DEN
ATL,DEN
AUS,DEN
CLE,DEN
CLT,DEN
DFW,DEN
IAD,DEN
LAS,DEN
LGA,DEN
MEM,DEN
MIA,DEN
MSY,DEN
OMA,DEN
PDX,DEN
PHL,DEN
PHL,DEN
PIT,DEN
SAN,DEN
SEA,DEN
SLC,DEN
STL,DEN
TPA,DEN
DEN,DFW
DEN,LAS
DEN,LGA
COS,MCO
DEN,MEM
DEN,MIA
DEN,MSY
DEN,OMA
DEN,PDX
DEN,PHL
DEN,PHL
COS,PHX
DEN,PIT
DEN,SAN
DEN,SEA
DEN,SLC
DEN,STL
DEN,TPA
DFW,DEN
LAX,DEN
MSP,DEN
DEN,LAX
SEA,DEN
DEN,SEA
HSV,DEN
DEN,HSV
DEN,PHL
DEN,BIL
BIL,DEN
BZN,DEN
SBA,DEN
DEN,ICT
COS,ORD
DEN,SBA
ICT,DEN
LGA,DEN
MCO,DEN
PHX,DEN
DEN,PHX
DEN,SMF
DTW,DEN
DEN,ATL
SAN,DEN
SLC,DEN
DEN,SAN
DEN,SLC
SDF,DEN
DEN,SDF
SDF,DEN
JFK,DEN
DEN,JFK
SLC,DEN
DEN,SLC
DEN,AUS
CVG,DEN
DEN,BOS
DEN,CLE
SNA,DEN
AUS,DEN
BOS,DEN
DAL,DEN
DEN,ONT
DEN,PHL
DEN,RNO
BHM,DEN
MKE,DEN
DEN,MKE
DEN,SDF
FSD,DEN
COS,LAX
DEN,ATL
DEN,OMA
ATL,DEN
DEN,MKE
DEN,TUS
DEN,IND
MCI,DEN
DEN,MCI
DEN,MEM
LIT,DEN
DEN,FAR
DFW,DEN
DEN,TUS
MKE,DEN
ORD,DEN
DEN,DFW
FLL,DEN
DEN,DTW
LNK,DEN
DTW,DEN
RAP,DEN
DEN,GRR
DFW,DEN
DFW,DEN
DEN,LGA
DEN,MKE
DEN,SAN
DEN,SNA
BNA,DEN
PHL,DEN
DEN,DTW
DEN,GEG
DEN,IAD
DEN,PDX
DTW,DEN
IND,DEN
DEN,IND
DEN,ABQ
ABQ,DEN
ELP,DEN
ATL,DEN
DEN,DAY
ORD,COS
MAF,DEN
DEN,FSD
DEN,XNA
CLE,DEN
DEN,EWR
SFO,DEN
IAH,COS
DEN,ELP
DEN,SDF
DEN,ATL
JFK,DEN
DEN,JFK
DEN,RAP
DEN,MAF
DEN,BWI
DFW,DEN
GRR,DEN
MCO,DEN
OMA,DEN
DEN,EWR
DEN,ORD
DEN,BOI
CMH,DEN
MCO,DEN
TPA,DEN
DEN,MCO
DEN,MLI
DEN,BIS
BIS,DEN
DEN,SFO
LGA,DEN
RNO,DEN
SEA,DEN
DEN,LNK
PDX,DEN
DEN,SEA
BOI,DEN
DEN,DSM
DSM,DEN
DEN,LAX
DEN,TUS
RIW,DEN
SAN,DEN
DEN,BOI
DEN,RAP
DEN,SAN
DEN,CID
CID,DEN
JAC,DEN
LAX,DEN
DEN,DFW
DEN,FCA
DEN,LAS
DEN,STL
DEN,RIW
DEN,SLC
BUR,DEN
OKC,DEN
RAP,DEN
SLC,DEN
DEN,OKC
FCA,DEN
SMF,DEN
DEN,BWI
DEN,SEA
SEA,DEN
SLC,DEN
MEM,DEN
DEN,JAC
DEN,RDU
DEN,SEA
ATL,DEN
DTW,DEN
MCO,DEN
SAN,DEN
DEN,MSP
MKE,DEN
SAN,DEN
STL,DEN
DEN,SGF
RDU,DEN
ORD,DEN
DEN,ORD
DSM,DEN
SJC,DEN
DEN,SJC
BOS,DEN
ORD,DEN
DEN,DTW
DEN,MSN
DEN,STL
DEN,FMN
DEN,LGA
DEN,MSO
DEN,RDM
EWR,DEN
MSN,DEN
PHL,DEN
DEN,EWR
DEN,MCO
LAX,DEN
DEN,LAX
IND,DEN
FMN,DEN
JFK,DEN
DEN,DTW
DEN,JFK
TUL,DEN
DEN,CLE
EWR,DEN
DEN,PIT
DTW,DEN
LGA,DEN
AUS,DEN
JAC,DEN
DEN,JAC
DEN,BFL
MSO,DEN
RDM,DEN
DEN,MCO
DEN,PDX
DEN,EWR
COS,IAH
PIR,DEN
DRO,DEN
DEN,DRO
ASE,ORD
DEN,ANC
DEN,OAK
DEN,PIR
ORD,ASE
DEN,SLC
DEN,SMF
DEN,IAD
SLN,DEN
DEN,SLN
HYS,DEN
JMS,DEN
LAR,DEN
SGF,DEN
DEN,HYS
LAS,DEN
DEN,SAN
DEN,BNA
DEN,TUL
DIK,DEN
DEN,DIK
DEN,AIA
DEN,CDR
DEN,CEZ
AIA,DEN
CDR,DEN
MCK,DEN
VEL,DEN
DEN,MCK
DEN,VEL
DAY,DEN
DEN,LAR
DEN,LIT
ANC,DEN
COS,DEN
DEN,AMA
AMA,DEN
LAX,COS
SMF,DEN
PDX,DEN
DEN,IAH
DEN,ATL
GEG,DEN
MSY,DEN
PHX,DEN
DEN,PHX
CEZ,DEN
ATL,DEN
MTJ,DEN
DEN,MTJ
MOT,DEN
DEN,MOT
RNO,DEN
DEN,LAX
DEN,RNO
DEN,RDU
DEN,ATL
BFL,DEN
GCC,DEN
LIT,DEN
RKS,DEN
DEN,GCC
COS,ORD
DEN,RKS
COS,SLC
DEN,BZN
BZN,DEN
LAX,DEN
DEN,LAS
ONT,DEN
RDU,DEN
TPA,DEN
DEN,MSY
SNA,DEN
DEN,SNA
LBB,DEN
DEN,LBB
DEN,MSO
DEN,CNY
CNY,DEN
SLC,COS
IAH,DEN
BOS,DEN
TUS,DEN
DEN,MSP
ORD,DEN
DEN,CPR
MSO,DEN
DEN,BOS
BOS,DEN
SLC,DEN
DEN,SLC
DEN,MCI
COS,DEN
SLC,DEN
ASE,LAX
DEN,SLC
PDX,DEN
DEN,LAS
STL,DEN
TUL,DEN
MSP,DEN
CPR,DEN
STL,DEN
MIA,DEN
DEN,PHL
DEN,PSC
DEN,SGU
DEN,BIL
BIL,DEN
DEN,ORD
DEN,CVG
IAH,DEN
MCO,DEN
DEN,IAH
DEN,LAX
LAS,DEN
DEN,ORD
ISN,DEN
DEN,ISN
PHX,DEN
DEN,MIA
DEN,PHX
LAX,ASE
ELP,DEN
PSC,DEN
SGU,DEN
PHX,DRO
DEN,ELP
PHX,GJT
DRO,PHX
GJT,PHX
DEN,BOS
LAS,DEN
CVG,DEN
LAS,DEN
LAX,DEN
SFO,DEN
DEN,LAS
DEN,MCO
DEN,SFO
DEN,LAS
SAF,DEN
DEN,SAF
PHL,DEN
DEN,CMH
OAK,DEN
SEA,DEN
DEN,STL
DEN,BOS
CPR,DEN
TUS,DEN
DEN,CPR
DEN,TPA
DEN,GJT
DEN,LGA
GJT,DEN
EWR,DEN
GTF,DEN
DEN,GTF
IAD,DEN
DEN,PDX
DEN,IAH
DEN,PHX
FAT,DEN
GJT,DEN
DEN,GJT
SFO,DEN
MSP,DEN
DEN,SFO
EWR,DEN
PHX,DEN
MKE,DEN
BOS,DEN
RAP,DEN
DEN,BIS
DEN,HOU
DEN,SAN
BIS,DEN
OAK,DEN
DEN,OKC
DEN,SLC
IAD,DEN
DEN,RAP
OKC,DEN
PDX,DEN
DEN,SAT
SEA,DEN
DEN,FAR
LGA,DEN
DEN,ALS
PUB,DEN
DEN,PUB
ALS,DEN
DEN,PDX
DEN,MKE
DEN,ABQ
DEN,SEA
IAH,DEN
DEN,SNA
SEA,DEN
SNA,DEN
LAX,DEN
DEN,DCA
DEN,LGA
DEN,SFO
DEN,ORD
FAR,DEN
SFO,DEN
DCA,DEN
HOU,DEN
ORD,DEN
SAT,DEN
LGA,DEN
DEN,LAX
DEN,IAD
ABQ,DEN
BUR,DEN
IND,DEN
DEN,BUR
DEN,LGA
OMA,DEN
DEN,OMA
HOU,DEN
BWI,DEN
DEN,ATL
DEN,SLC
EWR,DEN
SLC,GJT
STL,DEN
GJT,SLC
DEN,MCO
SFO,DEN
DEN,SFO
MCO,DEN
DEN,BNA
DEN,IDA
DEN,SJC
LAX,DEN
IDA,DEN
BWI,DEN
GJT,DFW
DFW,DRO
DFW,GJT
DEN,LAX
DRO,DFW
DEN,OAK
DEN,COS
DEN,SEA
ORD,DEN
DEN,ORD
DEN,SEA
DEN,HOU
BNA,DEN
SFO,DEN
ATL,DEN
DEN,SEA
DEN,EWR
SEA,DEN
DEN,FAT
SFO,DEN
DEN,STL
DEN,IND
SEA,DEN
DEN,SAN
AUS,DEN
SJC,DEN
SLC,DEN
DEN,AUS
DEN,DRO
DRO,DEN
SMF,DEN
DEN,MDW
DEN,SFO
DEN,SMF
DFW,COS
COS,DFW
MDW,DEN
DEN,SFO
DEN,BWI
DEN,COS
DEN,IAH
MSP,DEN
SAN,DEN
DEN,MSP
COS,DEN
DEN,IAD
DEN,LAX
LAX,DEN
SNA,DEN
DEN,SNA
DEN,ATL
SLC,DEN
MDW,DEN
ATL,DEN
IAD,DEN
MSP,DEN
DEN,MSP
DEN,MDW
DAL,DEN
DEN,SLC
DEN,DAL
IAH,DEN
DEN,LAX
LAX,DEN
DEN,ASE
ASE,DEN
DEN,MCI
DEN,CLT
CLT,DEN
MCI,DEN
PHX,DEN
DEN,PHX
DEN,LAS
DEN,ORD
DFW,DEN
ORD,DEN
LAS,DEN
DEN,DFW
